receipt_id,line_no,text,role
R00001,0,RELIANCE FRESH SUPERMARKET,VENDOR
R00001,1,"Shop 4 Kurla West, Mumbai 400070",ADDRESS
R00001,2,Ph: 9820044556,ADDRESS
R00001,3,GST Reg No: 27AAACR5055K1Z7,GSTIN
R00001,4,GST INVOICE,OTHER
R00001,5,--------------------------------------------,OTHER
R00001,6,Inv No: TI-2024-29257,INVOICE
R00001,7,Date of Supply: 12.01.2025,DATE
R00001,8,--------------------------------------------,OTHER
R00001,9,Item                     Qty          Amount,OTHER
R00001,10,Sugar 1kg                  1           54.18,ITEM
R00001,11,Atta 5kg                   1          290.86,ITEM
R00001,12,Toor Dal 1kg               1          116.56,ITEM
R00001,13,--------------------------------------------,OTHER
R00001,14,Sub Total:                            461.60,SUBTOTAL
R00001,15,CGST @ 2.5%:                           11.54,TAX
R00001,16,SGST @ 2.5%:                           11.54,TAX
R00001,17,Round Off:                              0.32,TAX
R00001,18,Net Payable:                          485.00,TOTAL
R00001,19,--------------------------------------------,OTHER
R00001,20,*** CUSTOMER COPY ***,FOOTER
R00001,21,Card Payment,FOOTER
R00002,0,RELIANCE FRESH SUPERMARKET,VENDOR
R00002,1,"Shop 4 Kurla West, Mumbai 400070",ADDRESS
R00002,2,Ph: 9820044556,ADDRESS
R00002,3,GSTIN: 27AAACR5055K1Z7,GSTIN
R00002,4,GST INVOICE,OTHER
R00002,5,--------------------------------------------,OTHER
R00002,6,Invoice No: RCPT-2024-47053,INVOICE
R00002,7,Dated: 29/01/2025,DATE
R00002,8,--------------------------------------------,OTHER
R00002,9,Item                     Qty          Amount,OTHER
R00002,10,Atta 5kg                   3          950.58,ITEM
R00002,11,Sugar 1kg                  4          206.60,ITEM
R00002,12,Milk 1L                    1           61.94,ITEM
R00002,13,Sugar 1kg                  3          157.17,ITEM
R00002,14,--------------------------------------------,OTHER
R00002,15,"Taxable Value:                      1,376.29",SUBTOTAL
R00002,16,CGST @ 2.5%:                           34.41,TAX
R00002,17,SGST @ 2.5%:                           34.40,TAX
R00002,18,Round Off:                             -0.10,TAX
R00002,19,"Grand Total:                       ₹1,445.00",TOTAL
R00002,20,--------------------------------------------,OTHER
R00002,21,*** CUSTOMER COPY ***,FOOTER
R00003,0,BENGAL BOOK DEPOT,VENDOR
R00003,1,"6 Park Street, Kolkata 700016",ADDRESS
R00003,2,Ph: 9830011234,ADDRESS
R00003,3,GST Reg No: 19AACCB3456W1ZT,GSTIN
R00003,4,TAX INVOICE,OTHER
R00003,5,--------------------------------------------,OTHER
R00003,6,Inv No: INV-2024-20878,INVOICE
R00003,7,Date of Supply: 09.01.2025,DATE
R00003,8,--------------------------------------------,OTHER
R00003,9,Item                     Qty          Amount,OTHER
R00003,10,A4 Paper Ream              4          914.80,ITEM
R00003,11,A4 Paper Ream              3          929.28,ITEM
R00003,12,Stapler                    4          914.08,ITEM
R00003,13,"Printer Ink                3        1,863.99",ITEM
R00003,14,A4 Paper Ream              3          686.13,ITEM
R00003,15,--------------------------------------------,OTHER
R00003,16,"Taxable Value:                      5,308.28",SUBTOTAL
R00003,17,IGST @ 18%:                           955.49,TAX
R00003,18,Round Off Adj:                          0.23,TAX
R00003,19,"Bill Total:                         6,264.00",TOTAL
R00003,20,--------------------------------------------,OTHER
R00003,21,THANK YOU VISIT AGAIN,FOOTER
R00003,22,Cash Payment,FOOTER
R00004,0,Mumbai Print Solutions LLP,VENDOR
R00004,1,"21 Lower Parel, Mumbai 400013",ADDRESS
R00004,2,Ph: 9820077331,ADDRESS
R00004,3,GST Reg No: 27AAFCM4455C1ZM,GSTIN
R00004,4,GST INVOICE,OTHER
R00004,5,--------------------------------------------,OTHER
R00004,6,"Bill Date: Jan 19, 2025",DATE
R00004,7,Invoice No: INV-2024-01114,INVOICE
R00004,8,--------------------------------------------,OTHER
R00004,9,Item                     Qty          Amount,OTHER
R00004,10,"Business Cards 500         1        1,062.16",ITEM
R00004,11,"Brochure Print 100         4       10,969.84",ITEM
R00004,12,"Business Cards 500         4        2,923.84",ITEM
R00004,13,Business Cards 500         1          767.47,ITEM
R00004,14,--------------------------------------------,OTHER
R00004,15,Total Qty: 10,OTHER
R00004,16,"Taxable Value:                     15,723.31",SUBTOTAL
R00004,17,"CGST @ 9%:                          1,415.10",TAX
R00004,18,"SGST @ 9%:                          1,415.10",TAX
R00004,19,Rounding:                               0.49,TAX
R00004,20,"Amount Payable:                   ₹18,554.00",TOTAL
R00004,21,--------------------------------------------,OTHER
R00004,22,Subject to local jurisdiction,FOOTER
R00004,23,UPI Payment,FOOTER
R00005,0,HYDERABAD BIRYANI HOUSE,VENDOR
R00005,1,"5 Gachibowli, Hyderabad 500081",ADDRESS
R00005,2,Ph: 9848012345,ADDRESS
R00005,3,GST No.: 36AADCH4567S1ZS,GSTIN
R00005,4,RETAIL INVOICE,OTHER
R00005,5,--------------------------------------------,OTHER
R00005,6,Invoice Number: RCPT-2024-14688,INVOICE
R00005,7,Bill Date: 19-04-2025,DATE
R00005,8,Table: 13   Covers: 1,OTHER
R00005,9,--------------------------------------------,OTHER
R00005,10,Item                     Qty          Amount,OTHER
R00005,11,Filter Coffee              1           60.45,ITEM
R00005,12,Butter Naan                2          132.16,ITEM
R00005,13,Filter Coffee              4          153.36,ITEM
R00005,14,Masala Dosa                4          487.44,ITEM
R00005,15,Butter Naan                4          168.24,ITEM
R00005,16,"Biryani                    3        1,066.41",ITEM
R00005,17,--------------------------------------------,OTHER
R00005,18,Total Qty: 18,OTHER
R00005,19,"Taxable Value:                      2,068.06",SUBTOTAL
R00005,20,CGST @ 2.5%:                           51.70,TAX
R00005,21,SGST @ 2.5%:                           51.70,TAX
R00005,22,Round Off:                             -0.46,TAX
R00005,23,"Bill Total:                        ₹2,171.00",TOTAL
R00005,24,--------------------------------------------,OTHER
R00005,25,Subject to local jurisdiction,FOOTER
R00006,0,RELIANCE FRESH SUPERMARKET,VENDOR
R00006,1,"Shop 4 Kurla West, Mumbai 400070",ADDRESS
R00006,2,Ph: 9820044556,ADDRESS
R00006,3,GSTIN/UIN: 27AAACR5055K1Z7,GSTIN
R00006,4,RETAIL INVOICE,OTHER
R00006,5,--------------------------------------------,OTHER
R00006,6,Receipt No: RCPT-2024-64700,INVOICE
R00006,7,Invoice Date: 23.02.2025,DATE
R00006,8,--------------------------------------------,OTHER
R00006,9,Item                     Qty          Amount,OTHER
R00006,10,Toor Dal 1kg               1          142.12,ITEM
R00006,11,Milk 1L                    3          208.68,ITEM
R00006,12,--------------------------------------------,OTHER
R00006,13,Total Qty: 4,OTHER
R00006,14,Subtotal:                             350.80,SUBTOTAL
R00006,15,CGST @ 2.5%:                            8.77,TAX
R00006,16,SGST @ 2.5%:                            8.77,TAX
R00006,17,Round Off:                             -0.34,TAX
R00006,18,Net Payable:                         ₹368.00,TOTAL
R00006,19,--------------------------------------------,OTHER
R00006,20,THANK YOU VISIT AGAIN,FOOTER
R00006,21,Cash Payment,FOOTER
R00007,0,RELIANCE FRESH SUPERMARKET,VENDOR
R00007,1,"Shop 4 Kurla West, Mumbai 400070",ADDRESS
R00007,2,GSTIN/UIN: 27AAACR5055K1Z7,GSTIN
R00007,3,CASH MEMO,OTHER
R00007,4,--------------------------------------------,OTHER
R00007,5,Cash Memo No: RCPT-2024-30898,INVOICE
R00007,6,"Date: Apr 08, 2025",DATE
R00007,7,--------------------------------------------,OTHER
R00007,8,Item                     Qty          Amount,OTHER
R00007,9,Sugar 1kg                  2          101.18,ITEM
R00007,10,Sunflower Oil 1L           4          515.32,ITEM
R00007,11,Sunflower Oil 1L           4          695.12,ITEM
R00007,12,Sugar 1kg                  1           52.19,ITEM
R00007,13,"Basmati Rice 5kg           3        1,473.54",ITEM
R00007,14,Milk 1L                    4          244.92,ITEM
R00007,15,--------------------------------------------,OTHER
R00007,16,"Sub Total:                          3,082.27",SUBTOTAL
R00007,17,CGST @ 2.5%:                           77.06,TAX
R00007,18,SGST @ 2.5%:                           77.05,TAX
R00007,19,Round Off:                             -0.38,TAX
R00007,20,"Grand Total:                       ₹3,236.00",TOTAL
R00007,21,--------------------------------------------,OTHER
R00007,22,Thank you for your business,FOOTER
R00007,23,Card Payment,FOOTER
R00008,0,PATEL STORES,VENDOR
R00008,1,"31 Adajan, Surat 395007",ADDRESS
R00008,2,Ph: 9825099001,ADDRESS
R00008,3,GST Reg No: 24AAHCP6677V1Z8,GSTIN
R00008,4,GST INVOICE,OTHER
R00008,5,--------------------------------------------,OTHER
R00008,6,Dated: 16.05.2025,DATE
R00008,7,Inv No: TI-2025-44869,INVOICE
R00008,8,--------------------------------------------,OTHER
R00008,9,Item                     Qty          Amount,OTHER
R00008,10,Atta 5kg                   2          464.22,ITEM
R00008,11,"Basmati Rice 5kg           3        1,828.56",ITEM
R00008,12,Sunflower Oil 1L           2          282.02,ITEM
R00008,13,Sugar 1kg                  1           59.46,ITEM
R00008,14,Sugar 1kg                  3          156.18,ITEM
R00008,15,--------------------------------------------,OTHER
R00008,16,Total Qty: 11,OTHER
R00008,17,"Taxable Value:                      2,790.44",SUBTOTAL
R00008,18,CGST @ 2.5%:                           69.76,TAX
R00008,19,SGST @ 2.5%:                           69.76,TAX
R00008,20,Rounding:                               0.04,TAX
R00008,21,"Bill Total:                         2,930.00",TOTAL
R00008,22,--------------------------------------------,OTHER
R00008,23,Goods once sold will not be taken back,FOOTER
R00009,0,ANNAPURNA RESTAURANT,VENDOR
R00009,1,"22 Koramangala 5th Blk, Bengaluru 560034",ADDRESS
R00009,2,Ph: 9845112233,ADDRESS
R00009,3,GST Reg No: 29AABCA1234M1ZQ,GSTIN
R00009,4,RETAIL INVOICE,OTHER
R00009,5,--------------------------------------------,OTHER
R00009,6,Date of Supply: 01-07-2025,DATE
R00009,7,Invoice No: TI-2025-33067,INVOICE
R00009,8,Table: 9   Covers: 4,OTHER
R00009,9,--------------------------------------------,OTHER
R00009,10,Item                     Qty          Amount,OTHER
R00009,11,Masala Dosa                3          449.01,ITEM
R00009,12,Masala Dosa                3          312.24,ITEM
R00009,13,Veg Thali                  1          184.34,ITEM
R00009,14,Butter Naan                4          188.16,ITEM
R00009,15,Filter Coffee              4          224.44,ITEM
R00009,16,--------------------------------------------,OTHER
R00009,17,"Taxable Value:                      1,358.19",SUBTOTAL
R00009,18,CGST @ 2.5%:                           33.96,TAX
R00009,19,SGST @ 2.5%:                           33.95,TAX
R00009,20,Round Off:                             -0.10,TAX
R00009,21,"Total Amount:                      ₹1,426.00",TOTAL
R00009,22,--------------------------------------------,OTHER
R00009,23,Goods once sold will not be taken back,FOOTER
R00010,0,Deccan Office Supplies,VENDOR
R00010,1,"12 Madhapur, Hyderabad 500032",ADDRESS
R00010,2,Ph: 9848077665,ADDRESS
R00010,3,GST Reg No: 36AAGCD8899T1Z8,GSTIN
R00010,4,GST INVOICE,OTHER
R00010,5,--------------------------------------------,OTHER
R00010,6,Invoice Date: 13/05/2025,DATE
R00010,7,Inv No: INV-2024-40145,INVOICE
R00010,8,--------------------------------------------,OTHER
R00010,9,Item                     Qty          Amount,OTHER
R00010,10,Marker Pen                 3          151.26,ITEM
R00010,11,A4 Paper Ream              4          868.52,ITEM
R00010,12,--------------------------------------------,OTHER
R00010,13,"Taxable Amount:                     1,019.78",SUBTOTAL
R00010,14,IGST @ 18%:                           183.56,TAX
R00010,15,Round Off Adj:                         -0.34,TAX
R00010,16,"Total Amount:                       1,203.00",TOTAL
R00010,17,--------------------------------------------,OTHER
R00010,18,Subject to local jurisdiction,FOOTER
R00010,19,Card Payment,FOOTER
R00011,0,Deccan Office Supplies,VENDOR
R00011,1,"12 Madhapur, Hyderabad 500032",ADDRESS
R00011,2,GSTIN: 36AAGCD8899T1Z8,GSTIN
R00011,3,GST INVOICE,OTHER
R00011,4,--------------------------------------------,OTHER
R00011,5,Date: 26.07.2025,DATE
R00011,6,Invoice No: RCPT-2025-11579,INVOICE
R00011,7,--------------------------------------------,OTHER
R00011,8,Item                     Qty          Amount,OTHER
R00011,9,Marker Pen                 4          227.88,ITEM
R00011,10,A4 Paper Ream              3          768.42,ITEM
R00011,11,A4 Paper Ream              2          506.32,ITEM
R00011,12,File Folder                1           79.33,ITEM
R00011,13,--------------------------------------------,OTHER
R00011,14,Total Qty: 10,OTHER
R00011,15,"Taxable Amount:                     1,581.95",SUBTOTAL
R00011,16,CGST @ 9%:                            142.38,TAX
R00011,17,SGST @ 9%:                            142.37,TAX
R00011,18,Round Off:                              0.30,TAX
R00011,19,"Net Payable:                       ₹1,867.00",TOTAL
R00011,20,--------------------------------------------,OTHER
R00011,21,*** CUSTOMER COPY ***,FOOTER
R00011,22,UPI Payment,FOOTER
R00012,0,PATEL STORES,VENDOR
R00012,1,"31 Adajan, Surat 395007",ADDRESS
R00012,2,Ph: 9825099001,ADDRESS
R00012,3,GST Reg No: 24AAHCP6677V1Z8,GSTIN
R00012,4,RETAIL INVOICE,OTHER
R00012,5,--------------------------------------------,OTHER
R00012,6,"Date: Mar 14, 2025",DATE
R00012,7,Invoice Number: BILL-2024-65784,INVOICE
R00012,8,--------------------------------------------,OTHER
R00012,9,Item                     Qty          Amount,OTHER
R00012,10,"Basmati Rice 5kg           4        1,959.64",ITEM
R00012,11,Sugar 1kg                  1           47.71,ITEM
R00012,12,Sugar 1kg                  2           94.38,ITEM
R00012,13,Basmati Rice 5kg           1          423.90,ITEM
R00012,14,Atta 5kg                   1          240.61,ITEM
R00012,15,Milk 1L                    3          167.79,ITEM
R00012,16,--------------------------------------------,OTHER
R00012,17,Total Qty: 12,OTHER
R00012,18,"Taxable Amount:                     2,934.03",SUBTOTAL
R00012,19,IGST @ 5%:                            146.70,TAX
R00012,20,Round Off:                              0.27,TAX
R00012,21,"Grand Total:                        3,081.00",TOTAL
R00012,22,--------------------------------------------,OTHER
R00012,23,Subject to local jurisdiction,FOOTER
R00013,0,Lucknow Travels Agencies,VENDOR
R00013,1,"3 Hazratganj, Lucknow 226001",ADDRESS
R00013,2,Ph: 9839011223,ADDRESS
R00013,3,GST Reg No: 09AAGCL1122Y1ZT,GSTIN
R00013,4,RETAIL INVOICE,OTHER
R00013,5,--------------------------------------------,OTHER
R00013,6,Date: 06-06-2025,DATE
R00013,7,Inv No: TI-2024-87611,INVOICE
R00013,8,--------------------------------------------,OTHER
R00013,9,Item                     Qty          Amount,OTHER
R00013,10,"Outstation Cab             2        7,258.10",ITEM
R00013,11,City Taxi                  2          603.28,ITEM
R00013,12,City Taxi                  1          307.54,ITEM
R00013,13,--------------------------------------------,OTHER
R00013,14,Total Qty: 5,OTHER
R00013,15,"Sub Total:                          8,168.92",SUBTOTAL
R00013,16,CGST @ 2.5%:                          204.23,TAX
R00013,17,SGST @ 2.5%:                          204.22,TAX
R00013,18,Rounding:                              -0.37,TAX
R00013,19,"Grand Total:                       ₹8,577.00",TOTAL
R00013,20,--------------------------------------------,OTHER
R00013,21,THANK YOU VISIT AGAIN,FOOTER
R00013,22,Card Payment,FOOTER
R00014,0,BHARAT PETROLEUM OUTLET,VENDOR
R00014,1,"NH-8 Bandra East, Mumbai 400051",ADDRESS
R00014,2,Ph: 9820011122,ADDRESS
R00014,3,GSTIN/UIN: 27AAACB1111P1ZW,GSTIN
R00014,4,RETAIL INVOICE,OTHER
R00014,5,--------------------------------------------,OTHER
R00014,6,Bill No: TI-2024-53876,INVOICE
R00014,7,"Date: Jun 12, 2025",DATE
R00014,8,--------------------------------------------,OTHER
R00014,9,Product                 Litres          Amount,OTHER
R00014,10,"Petrol                    17        1,634.21",ITEM
R00014,11,--------------------------------------------,OTHER
R00014,12,"Subtotal:                           1,634.21",SUBTOTAL
R00014,13,Round Off Adj:                         -0.21,TAX
R00014,14,"Bill Total:                        ₹1,634.00",TOTAL
R00014,15,--------------------------------------------,OTHER
R00014,16,Goods once sold will not be taken back,FOOTER
R00015,0,Gujarat Enterprises,VENDOR
R00015,1,"7 CG Road, Ahmedabad 380009",ADDRESS
R00015,2,Ph: 9825011234,ADDRESS
R00015,3,GST No.: 24AABCG2244U1ZA,GSTIN
R00015,4,TAX INVOICE,OTHER
R00015,5,--------------------------------------------,OTHER
R00015,6,Invoice Date: 04-06-2025,DATE
R00015,7,Invoice Number: RCPT-2024-82269,INVOICE
R00015,8,--------------------------------------------,OTHER
R00015,9,Item                     Qty          Amount,OTHER
R00015,10,"Keyboard                   4        6,123.28",ITEM
R00015,11,"Keyboard                   3        3,770.19",ITEM
R00015,12,"Keyboard                   4        3,566.36",ITEM
R00015,13,--------------------------------------------,OTHER
R00015,14,"Taxable Amount:                    13,459.83",SUBTOTAL
R00015,15,"CGST @ 9%:                          1,211.39",TAX
R00015,16,"SGST @ 9%:                          1,211.38",TAX
R00015,17,Rounding:                               0.40,TAX
R00015,18,"Total:                            ₹15,883.00",TOTAL
R00015,19,--------------------------------------------,OTHER
R00015,20,Subject to local jurisdiction,FOOTER
R00016,0,CAFE COFFEE JUNCTION,VENDOR
R00016,1,"8 Indiranagar, Bengaluru 560095",ADDRESS
R00016,2,Ph: 9845033445,ADDRESS
R00016,3,GST Reg No: 29AAECC2233B1Z7,GSTIN
R00016,4,RETAIL INVOICE,OTHER
R00016,5,--------------------------------------------,OTHER
R00016,6,Bill Date: 20/01/2025,DATE
R00016,7,Inv No: BILL-2024-40903,INVOICE
R00016,8,--------------------------------------------,OTHER
R00016,9,Item                     Qty          Amount,OTHER
R00016,10,"Biryani                    4        1,301.56",ITEM
R00016,11,Butter Naan                3          147.60,ITEM
R00016,12,Filter Coffee              3          147.87,ITEM
R00016,13,--------------------------------------------,OTHER
R00016,14,"Taxable Amount:                     1,597.03",SUBTOTAL
R00016,15,CGST @ 2.5%:                           39.93,TAX
R00016,16,SGST @ 2.5%:                           39.92,TAX
R00016,17,Round Off:                              0.12,TAX
R00016,18,"Grand Total:                        1,677.00",TOTAL
R00016,19,--------------------------------------------,OTHER
R00016,20,THANK YOU VISIT AGAIN,FOOTER
R00016,21,Cash Payment,FOOTER
R00017,0,INDIAN OIL FUEL STATION,VENDOR
R00017,1,"OMR Perungudi, Chennai 600096",ADDRESS
R00017,2,Ph: 9840055667,ADDRESS
R00017,3,GSTIN/UIN: 33AAACI0123R1ZQ,GSTIN
R00017,4,TAX INVOICE,OTHER
R00017,5,--------------------------------------------,OTHER
R00017,6,Inv No: BILL-2025-84965,INVOICE
R00017,7,Invoice Date: 21.04.2025,DATE
R00017,8,--------------------------------------------,OTHER
R00017,9,Product                 Litres          Amount,OTHER
R00017,10,"Petrol                    38        3,895.38",ITEM
R00017,11,--------------------------------------------,OTHER
R00017,12,"Taxable Amount:                     3,895.38",SUBTOTAL
R00017,13,Rounding:                              -0.38,TAX
R00017,14,"Grand Total:                       ₹3,895.00",TOTAL
R00017,15,--------------------------------------------,OTHER
R00017,16,Thank you for your business,FOOTER
R00018,0,RELIANCE FRESH SUPERMARKET,VENDOR
R00018,1,"Shop 4 Kurla West, Mumbai 400070",ADDRESS
R00018,2,Ph: 9820044556,ADDRESS
R00018,3,GST Reg No: 27AAACR5055K1Z7,GSTIN
R00018,4,RETAIL INVOICE,OTHER
R00018,5,--------------------------------------------,OTHER
R00018,6,Date of Supply: 08/03/2025,DATE
R00018,7,Invoice No: BILL-2024-24585,INVOICE
R00018,8,--------------------------------------------,OTHER
R00018,9,Item                     Qty          Amount,OTHER
R00018,10,"Basmati Rice 5kg           3        1,329.90",ITEM
R00018,11,Atta 5kg                   2          660.54,ITEM
R00018,12,Sunflower Oil 1L           3          510.93,ITEM
R00018,13,--------------------------------------------,OTHER
R00018,14,"Taxable Value:                      2,501.37",SUBTOTAL
R00018,15,CGST @ 2.5%:                           62.54,TAX
R00018,16,SGST @ 2.5%:                           62.53,TAX
R00018,17,Round Off:                             -0.44,TAX
R00018,18,"Bill Total:                         2,626.00",TOTAL
R00018,19,--------------------------------------------,OTHER
R00018,20,Goods once sold will not be taken back,FOOTER
R00018,21,Cash Payment,FOOTER
R00019,0,Mumbai Print Solutions LLP,VENDOR
R00019,1,"21 Lower Parel, Mumbai 400013",ADDRESS
R00019,2,GSTIN: 27AAFCM4455C1ZM,GSTIN
R00019,3,TAX INVOICE,OTHER
R00019,4,--------------------------------------------,OTHER
R00019,5,Invoice Number: RCPT-2024-86458,INVOICE
R00019,6,Invoice Date: 2025-02-28,DATE
R00019,7,--------------------------------------------,OTHER
R00019,8,Item                     Qty          Amount,OTHER
R00019,9,"Business Cards 500         4        2,122.12",ITEM
R00019,10,"Brochure Print 100         3        4,650.57",ITEM
R00019,11,Poster A2                  3          784.47,ITEM
R00019,12,Poster A2                  1          358.21,ITEM
R00019,13,--------------------------------------------,OTHER
R00019,14,Total Qty: 11,OTHER
R00019,15,"Total Before Tax:                   7,915.37",SUBTOTAL
R00019,16,"IGST @ 18%:                         1,424.77",TAX
R00019,17,Round Off:                             -0.14,TAX
R00019,18,"Grand Total:                        9,340.00",TOTAL
R00019,19,--------------------------------------------,OTHER
R00019,20,THANK YOU VISIT AGAIN,FOOTER
R00019,21,Cash Payment,FOOTER
R00020,0,Hotel Sunrise Residency,VENDOR
R00020,1,"9 Connaught Place, New Delhi 110001",ADDRESS
R00020,2,Ph: 9811023456,ADDRESS
R00020,3,GSTIN: 07AACCH9012Q1Z8,GSTIN
R00020,4,GST INVOICE,OTHER
R00020,5,--------------------------------------------,OTHER
R00020,6,Bill No: INV-2024-52776,INVOICE
R00020,7,"Date of Supply: May 03, 2025",DATE
R00020,8,--------------------------------------------,OTHER
R00020,9,Item                     Qty          Amount,OTHER
R00020,10,"Deluxe Room Night          2        6,859.84",ITEM
R00020,11,"Deluxe Room Night          3       14,183.79",ITEM
R00020,12,"Breakfast Buffet           4        2,159.88",ITEM
R00020,13,"Breakfast Buffet           2        1,528.10",ITEM
R00020,14,Laundry Service            1          422.22,ITEM
R00020,15,"Breakfast Buffet           4        2,929.76",ITEM
R00020,16,--------------------------------------------,OTHER
R00020,17,"Taxable Value:                     28,083.59",SUBTOTAL
R00020,18,"CGST @ 6%:                          1,685.02",TAX
R00020,19,"SGST @ 6%:                          1,685.01",TAX
R00020,20,Rounding:                               0.38,TAX
R00020,21,"Amount Payable:                   ₹31,454.00",TOTAL
R00020,22,--------------------------------------------,OTHER
R00020,23,Subject to local jurisdiction,FOOTER
R00020,24,UPI Payment,FOOTER
R00021,0,PARK STREET CAFE,VENDOR
R00021,1,"40 Park Street, Kolkata 700017",ADDRESS
R00021,2,Ph: 9830044332,ADDRESS
R00021,3,GST No.: 19AAFCP7890X1ZW,GSTIN
R00021,4,TAX INVOICE,OTHER
R00021,5,--------------------------------------------,OTHER
R00021,6,Bill No: TI-2025-91166,INVOICE
R00021,7,Date: 28-06-2025,DATE
R00021,8,Table: 15   Covers: 3,OTHER
R00021,9,--------------------------------------------,OTHER
R00021,10,Item                     Qty          Amount,OTHER
R00021,11,Masala Dosa                4          432.16,ITEM
R00021,12,Butter Naan                4          174.44,ITEM
R00021,13,Veg Thali                  1          247.03,ITEM
R00021,14,Biryani                    3          596.04,ITEM
R00021,15,Biryani                    3          591.27,ITEM
R00021,16,Butter Naan                4          267.64,ITEM
R00021,17,--------------------------------------------,OTHER
R00021,18,"Sub Total:                          2,308.58",SUBTOTAL
R00021,19,IGST @ 5%:                            115.43,TAX
R00021,20,Round Off:                             -0.01,TAX
R00021,21,"Total Amount:                      ₹2,424.00",TOTAL
R00021,22,--------------------------------------------,OTHER
R00021,23,Thank you for your business,FOOTER
R00022,0,Hotel Sunrise Residency,VENDOR
R00022,1,"9 Connaught Place, New Delhi 110001",ADDRESS
R00022,2,Ph: 9811023456,ADDRESS
R00022,3,GST No.: 07AACCH9012Q1Z8,GSTIN
R00022,4,TAX INVOICE,OTHER
R00022,5,--------------------------------------------,OTHER
R00022,6,Invoice Number: TI-2025-43460,INVOICE
R00022,7,Date: 15-May-2025,DATE
R00022,8,--------------------------------------------,OTHER
R00022,9,Item                     Qty          Amount,OTHER
R00022,10,Breakfast Buffet           1          664.48,ITEM
R00022,11,"Deluxe Room Night          4       23,312.64",ITEM
R00022,12,"Laundry Service            4        1,822.56",ITEM
R00022,13,Breakfast Buffet           1          467.16,ITEM
R00022,14,Laundry Service            1          376.07,ITEM
R00022,15,--------------------------------------------,OTHER
R00022,16,"Taxable Value:                     26,642.91",SUBTOTAL
R00022,17,"CGST @ 6%:                          1,598.58",TAX
R00022,18,"SGST @ 6%:                          1,598.57",TAX
R00022,19,Rounding:                              -0.06,TAX
R00022,20,"Grand Total:                      ₹29,840.00",TOTAL
R00022,21,--------------------------------------------,OTHER
R00022,22,Goods once sold will not be taken back,FOOTER
R00022,23,Card Payment,FOOTER
R00023,0,HYDERABAD BIRYANI HOUSE,VENDOR
R00023,1,"5 Gachibowli, Hyderabad 500081",ADDRESS
R00023,2,Ph: 9848012345,ADDRESS
R00023,3,GST Reg No: 36AADCH4567S1ZS,GSTIN
R00023,4,RETAIL INVOICE,OTHER
R00023,5,--------------------------------------------,OTHER
R00023,6,"Dated: Sep 01, 2025",DATE
R00023,7,Receipt No: INV-2025-13283,INVOICE
R00023,8,Table: 16   Covers: 6,OTHER
R00023,9,--------------------------------------------,OTHER
R00023,10,Item                     Qty          Amount,OTHER
R00023,11,Masala Dosa                4          561.24,ITEM
R00023,12,Filter Coffee              2           78.86,ITEM
R00023,13,Biryani                    4          852.64,ITEM
R00023,14,--------------------------------------------,OTHER
R00023,15,"Taxable Value:                      1,492.74",SUBTOTAL
R00023,16,CGST @ 2.5%:                           37.32,TAX
R00023,17,SGST @ 2.5%:                           37.32,TAX
R00023,18,Rounding:                              -0.38,TAX
R00023,19,"Amount Payable:                     1,567.00",TOTAL
R00023,20,--------------------------------------------,OTHER
R00023,21,Goods once sold will not be taken back,FOOTER
R00024,0,BHARAT PETROLEUM OUTLET,VENDOR
R00024,1,"NH-8 Bandra East, Mumbai 400051",ADDRESS
R00024,2,Ph: 9820011122,ADDRESS
R00024,3,GSTIN/UIN: 27AAACB1111P1ZW,GSTIN
R00024,4,RETAIL INVOICE,OTHER
R00024,5,--------------------------------------------,OTHER
R00024,6,Invoice Date: 17.07.2025,DATE
R00024,7,Invoice Number: INV-2024-83713,INVOICE
R00024,8,--------------------------------------------,OTHER
R00024,9,Product                 Litres          Amount,OTHER
R00024,10,"Petrol                    26        2,704.52",ITEM
R00024,11,"CNG                       27        2,025.54",ITEM
R00024,12,--------------------------------------------,OTHER
R00024,13,"Sub Total:                          4,730.06",SUBTOTAL
R00024,14,Round Off Adj:                         -0.06,TAX
R00024,15,"Grand Total:                        4,730.00",TOTAL
R00024,16,--------------------------------------------,OTHER
R00024,17,Subject to local jurisdiction,FOOTER
R00024,18,UPI Payment,FOOTER
R00025,0,GANGA DEPARTMENTAL STORE,VENDOR
R00025,1,"17 Mall Road, Kanpur 208001",ADDRESS
R00025,2,Ph: 9839066554,ADDRESS
R00025,3,GST Reg No: 09AABCG5566Z1ZD,GSTIN
R00025,4,TAX INVOICE,OTHER
R00025,5,--------------------------------------------,OTHER
R00025,6,Invoice Date: 2025-06-27,DATE
R00025,7,Cash Memo No: TI-2025-07151,INVOICE
R00025,8,--------------------------------------------,OTHER
R00025,9,Item                     Qty          Amount,OTHER
R00025,10,Atta 5kg                   3          748.59,ITEM
R00025,11,Milk 1L                    3          203.85,ITEM
R00025,12,Milk 1L                    4          277.40,ITEM
R00025,13,Milk 1L                    4          239.12,ITEM
R00025,14,Sugar 1kg                  2          112.92,ITEM
R00025,15,--------------------------------------------,OTHER
R00025,16,"Taxable Amount:                     1,581.88",SUBTOTAL
R00025,17,CGST @ 2.5%:                           39.55,TAX
R00025,18,SGST @ 2.5%:                           39.54,TAX
R00025,19,Round Off:                              0.03,TAX
R00025,20,"Grand Total:                        1,661.00",TOTAL
R00025,21,--------------------------------------------,OTHER
R00025,22,Thank you for your business,FOOTER
R00026,0,PARK STREET CAFE,VENDOR
R00026,1,"40 Park Street, Kolkata 700017",ADDRESS
R00026,2,Ph: 9830044332,ADDRESS
R00026,3,GSTIN: 19AAFCP7890X1ZW,GSTIN
R00026,4,RETAIL INVOICE,OTHER
R00026,5,--------------------------------------------,OTHER
R00026,6,Dated: 01-07-2025,DATE
R00026,7,Invoice No: RCPT-2025-41230,INVOICE
R00026,8,Table: 21   Covers: 1,OTHER
R00026,9,--------------------------------------------,OTHER
R00026,10,Item                     Qty          Amount,OTHER
R00026,11,Veg Thali                  2          550.04,ITEM
R00026,12,Veg Thali                  1          161.79,ITEM
R00026,13,Veg Thali                  3          643.29,ITEM
R00026,14,Biryani                    2          502.84,ITEM
R00026,15,Filter Coffee              3          207.90,ITEM
R00026,16,--------------------------------------------,OTHER
R00026,17,Total Qty: 11,OTHER
R00026,18,"Taxable Value:                      2,065.86",SUBTOTAL
R00026,19,CGST @ 2.5%:                           51.65,TAX
R00026,20,SGST @ 2.5%:                           51.64,TAX
R00026,21,Rounding:                              -0.15,TAX
R00026,22,"Amount Payable:                    ₹2,169.00",TOTAL
R00026,23,--------------------------------------------,OTHER
R00026,24,THANK YOU VISIT AGAIN,FOOTER
R00027,0,GANGA DEPARTMENTAL STORE,VENDOR
R00027,1,"17 Mall Road, Kanpur 208001",ADDRESS
R00027,2,Ph: 9839066554,ADDRESS
R00027,3,GST Reg No: 09AABCG5566Z1ZD,GSTIN
R00027,4,CASH MEMO,OTHER
R00027,5,--------------------------------------------,OTHER
R00027,6,"Date: Jul 25, 2025",DATE
R00027,7,Inv No: RCPT-2024-69860,INVOICE
R00027,8,--------------------------------------------,OTHER
R00027,9,Item                     Qty          Amount,OTHER
R00027,10,Sugar 1kg                  2          101.52,ITEM
R00027,11,Sugar 1kg                  3          141.12,ITEM
R00027,12,Toor Dal 1kg               3          513.90,ITEM
R00027,13,Atta 5kg                   1          323.15,ITEM
R00027,14,--------------------------------------------,OTHER
R00027,15,"Sub Total:                          1,079.69",SUBTOTAL
R00027,16,CGST @ 2.5%:                           26.99,TAX
R00027,17,SGST @ 2.5%:                           26.99,TAX
R00027,18,Round Off:                              0.33,TAX
R00027,19,"Grand Total:                        1,134.00",TOTAL
R00027,20,--------------------------------------------,OTHER
R00027,21,Goods once sold will not be taken back,FOOTER
R00027,22,Card Payment,FOOTER
R00028,0,BHARAT PETROLEUM OUTLET,VENDOR
R00028,1,"NH-8 Bandra East, Mumbai 400051",ADDRESS
R00028,2,GST Reg No: 27AAACB1111P1ZW,GSTIN
R00028,3,GST INVOICE,OTHER
R00028,4,--------------------------------------------,OTHER
R00028,5,Inv No: RCPT-2025-47590,INVOICE
R00028,6,Date of Supply: 06.02.2025,DATE
R00028,7,--------------------------------------------,OTHER
R00028,8,Product                 Litres          Amount,OTHER
R00028,9,"Petrol                    28        2,771.16",ITEM
R00028,10,"CNG                       22        1,829.96",ITEM
R00028,11,--------------------------------------------,OTHER
R00028,12,"Subtotal:                           4,601.12",SUBTOTAL
R00028,13,Round Off Adj:                         -0.12,TAX
R00028,14,"Net Payable:                        4,601.00",TOTAL
R00028,15,--------------------------------------------,OTHER
R00028,16,Goods once sold will not be taken back,FOOTER
R00028,17,Cash Payment,FOOTER
R00029,0,ANNAPURNA RESTAURANT,VENDOR
R00029,1,"22 Koramangala 5th Blk, Bengaluru 560034",ADDRESS
R00029,2,Ph: 9845112233,ADDRESS
R00029,3,GSTIN/UIN: 29AABCA1234M1ZQ,GSTIN
R00029,4,TAX INVOICE,OTHER
R00029,5,--------------------------------------------,OTHER
R00029,6,Receipt No: RCPT-2025-98334,INVOICE
R00029,7,Dated: 20.05.2025,DATE
R00029,8,Table: 23   Covers: 1,OTHER
R00029,9,--------------------------------------------,OTHER
R00029,10,Item                     Qty          Amount,OTHER
R00029,11,Butter Naan                1           67.74,ITEM
R00029,12,Veg Thali                  3          722.28,ITEM
R00029,13,--------------------------------------------,OTHER
R00029,14,Total Qty: 4,OTHER
R00029,15,Taxable Value:                        790.02,SUBTOTAL
R00029,16,CGST @ 2.5%:                           19.75,TAX
R00029,17,SGST @ 2.5%:                           19.75,TAX
R00029,18,Round Off:                              0.48,TAX
R00029,19,Net Payable:                          830.00,TOTAL
R00029,20,--------------------------------------------,OTHER
R00029,21,*** CUSTOMER COPY ***,FOOTER
R00029,22,UPI Payment,FOOTER
R00030,0,CAFE COFFEE JUNCTION,VENDOR
R00030,1,"8 Indiranagar, Bengaluru 560095",ADDRESS
R00030,2,Ph: 9845033445,ADDRESS
R00030,3,GST No.: 29AAECC2233B1Z7,GSTIN
R00030,4,RETAIL INVOICE,OTHER
R00030,5,--------------------------------------------,OTHER
R00030,6,Cash Memo No: RCPT-2024-69264,INVOICE
R00030,7,Date of Supply: 17/06/2025,DATE
R00030,8,Table: 19   Covers: 5,OTHER
R00030,9,--------------------------------------------,OTHER
R00030,10,Item                     Qty          Amount,OTHER
R00030,11,Paneer Butter Masala       2          484.38,ITEM
R00030,12,Veg Thali                  1          236.60,ITEM
R00030,13,Paneer Butter Masala       2          482.64,ITEM
R00030,14,Filter Coffee              2          116.02,ITEM
R00030,15,--------------------------------------------,OTHER
R00030,16,Total Qty: 7,OTHER
R00030,17,"Subtotal:                           1,319.64",SUBTOTAL
R00030,18,CGST @ 2.5%:                           32.99,TAX
R00030,19,SGST @ 2.5%:                           32.99,TAX
R00030,20,Round Off:                              0.38,TAX
R00030,21,"Total Amount:                      ₹1,386.00",TOTAL
R00030,22,--------------------------------------------,OTHER
R00030,23,THANK YOU VISIT AGAIN,FOOTER
R00031,0,Sharma Traders Pvt Ltd,VENDOR
R00031,1,"14 MG Road, Bengaluru 560001",ADDRESS
R00031,2,Ph: 9845012345,ADDRESS
R00031,3,GSTIN: 29AAGCB7383J1Z4,GSTIN
R00031,4,TAX INVOICE,OTHER
R00031,5,--------------------------------------------,OTHER
R00031,6,Bill Date: 24/06/2025,DATE
R00031,7,Receipt No: TI-2024-15539,INVOICE
R00031,8,--------------------------------------------,OTHER
R00031,9,Item                     Qty          Amount,OTHER
R00031,10,"A4 Paper Ream              4        1,054.20",ITEM
R00031,11,"Printer Ink                4        4,658.80",ITEM
R00031,12,File Folder                4          333.32,ITEM
R00031,13,--------------------------------------------,OTHER
R00031,14,"Taxable Value:                      6,046.32",SUBTOTAL
R00031,15,CGST @ 9%:                            544.17,TAX
R00031,16,SGST @ 9%:                            544.17,TAX
R00031,17,Rounding:                               0.34,TAX
R00031,18,"Amount Payable:                     7,135.00",TOTAL
R00031,19,--------------------------------------------,OTHER
R00031,20,*** CUSTOMER COPY ***,FOOTER
R00031,21,Card Payment,FOOTER
R00032,0,Lucknow Travels Agencies,VENDOR
R00032,1,"3 Hazratganj, Lucknow 226001",ADDRESS
R00032,2,Ph: 9839011223,ADDRESS
R00032,3,GST Reg No: 09AAGCL1122Y1ZT,GSTIN
R00032,4,RETAIL INVOICE,OTHER
R00032,5,--------------------------------------------,OTHER
R00032,6,Dated: 2025-05-19,DATE
R00032,7,Cash Memo No: BILL-2025-75703,INVOICE
R00032,8,--------------------------------------------,OTHER
R00032,9,Item                     Qty          Amount,OTHER
R00032,10,Airport Transfer           1          667.85,ITEM
R00032,11,"City Taxi                  2        1,211.36",ITEM
R00032,12,"Outstation Cab             4       16,161.52",ITEM
R00032,13,City Taxi                  3          856.14,ITEM
R00032,14,--------------------------------------------,OTHER
R00032,15,Total Qty: 10,OTHER
R00032,16,"Taxable Value:                     18,896.87",SUBTOTAL
R00032,17,CGST @ 2.5%:                          472.42,TAX
R00032,18,SGST @ 2.5%:                          472.42,TAX
R00032,19,Round Off:                              0.29,TAX
R00032,20,"Total:                            ₹19,842.00",TOTAL
R00032,21,--------------------------------------------,OTHER
R00032,22,Thank you for your business,FOOTER
R00032,23,Card Payment,FOOTER
R00033,0,APOLLO PHARMACY OUTLET,VENDOR
R00033,1,"Rajiv Gandhi Salai, Chennai 600028",ADDRESS
R00033,2,GSTIN/UIN: 33AAACA6677D1ZW,GSTIN
R00033,3,GST INVOICE,OTHER
R00033,4,--------------------------------------------,OTHER
R00033,5,Invoice Date: 2025-03-05,DATE
R00033,6,Receipt No: TI-2024-18323,INVOICE
R00033,7,--------------------------------------------,OTHER
R00033,8,Item                     Qty          Amount,OTHER
R00033,9,Vitamin D3                 1          142.04,ITEM
R00033,10,Paracetamol Strip          1           31.59,ITEM
R00033,11,Antiseptic Liquid          1          177.55,ITEM
R00033,12,Vitamin D3                 1          128.14,ITEM
R00033,13,Antiseptic Liquid          1          165.69,ITEM
R00033,14,Paracetamol Strip          2           69.22,ITEM
R00033,15,--------------------------------------------,OTHER
R00033,16,Sub Total:                            714.23,SUBTOTAL
R00033,17,CGST @ 6%:                             42.86,TAX
R00033,18,SGST @ 6%:                             42.85,TAX
R00033,19,Round Off Adj:                          0.06,TAX
R00033,20,Grand Total:                         ₹800.00,TOTAL
R00033,21,--------------------------------------------,OTHER
R00033,22,*** CUSTOMER COPY ***,FOOTER
R00033,23,UPI Payment,FOOTER
R00034,0,BHARAT PETROLEUM OUTLET,VENDOR
R00034,1,"NH-8 Bandra East, Mumbai 400051",ADDRESS
R00034,2,Ph: 9820011122,ADDRESS
R00034,3,GSTIN: 27AAACB1111P1ZW,GSTIN
R00034,4,RETAIL INVOICE,OTHER
R00034,5,--------------------------------------------,OTHER
R00034,6,Inv No: BILL-2024-00079,INVOICE
R00034,7,Date: 12-Apr-2025,DATE
R00034,8,--------------------------------------------,OTHER
R00034,9,Product                 Litres          Amount,OTHER
R00034,10,CNG                        9          774.99,ITEM
R00034,11,--------------------------------------------,OTHER
R00034,12,Subtotal:                             774.99,SUBTOTAL
R00034,13,Round Off Adj:                          0.01,TAX
R00034,14,Grand Total:                          775.00,TOTAL
R00034,15,--------------------------------------------,OTHER
R00034,16,Thank you for your business,FOOTER
R00035,0,PATEL STORES,VENDOR
R00035,1,"31 Adajan, Surat 395007",ADDRESS
R00035,2,Ph: 9825099001,ADDRESS
R00035,3,GST No.: 24AAHCP6677V1Z8,GSTIN
R00035,4,TAX INVOICE,OTHER
R00035,5,--------------------------------------------,OTHER
R00035,6,Receipt No: TI-2024-65593,INVOICE
R00035,7,Bill Date: 17-Jun-2025,DATE
R00035,8,--------------------------------------------,OTHER
R00035,9,Item                     Qty          Amount,OTHER
R00035,10,Toor Dal 1kg               3          351.42,ITEM
R00035,11,Sugar 1kg                  3          165.60,ITEM
R00035,12,Sugar 1kg                  3          145.56,ITEM
R00035,13,Milk 1L                    2          132.00,ITEM
R00035,14,--------------------------------------------,OTHER
R00035,15,Total Qty: 11,OTHER
R00035,16,Total Before Tax:                     794.58,SUBTOTAL
R00035,17,CGST @ 2.5%:                           19.87,TAX
R00035,18,SGST @ 2.5%:                           19.86,TAX
R00035,19,Rounding:                              -0.31,TAX
R00035,20,Net Payable:                         ₹834.00,TOTAL
R00035,21,--------------------------------------------,OTHER
R00035,22,Subject to local jurisdiction,FOOTER
R00036,0,KUMAR MEDICALS,VENDOR
R00036,1,"44 Kalkaji Main Rd, New Delhi 110019",ADDRESS
R00036,2,Ph: 9811099887,ADDRESS
R00036,3,GST No.: 07AAFCK3321L1ZK,GSTIN
R00036,4,TAX INVOICE,OTHER
R00036,5,--------------------------------------------,OTHER
R00036,6,Date of Supply: 19-08-2025,DATE
R00036,7,Bill No: INV-2024-45403,INVOICE
R00036,8,--------------------------------------------,OTHER
R00036,9,Item                     Qty          Amount,OTHER
R00036,10,Digital Thermometer        2          466.08,ITEM
R00036,11,Vitamin D3                 2          623.38,ITEM
R00036,12,Digital Thermometer        1          224.35,ITEM
R00036,13,Vitamin D3                 3          716.52,ITEM
R00036,14,Antiseptic Liquid          3          365.79,ITEM
R00036,15,Antiseptic Liquid          1           86.66,ITEM
R00036,16,--------------------------------------------,OTHER
R00036,17,"Total Before Tax:                   2,482.78",SUBTOTAL
R00036,18,CGST @ 6%:                            148.97,TAX
R00036,19,SGST @ 6%:                            148.96,TAX
R00036,20,Round Off Adj:                          0.29,TAX
R00036,21,"Net Payable:                        2,781.00",TOTAL
R00036,22,--------------------------------------------,OTHER
R00036,23,Thank you for your business,FOOTER
R00037,0,Mumbai Print Solutions LLP,VENDOR
R00037,1,"21 Lower Parel, Mumbai 400013",ADDRESS
R00037,2,Ph: 9820077331,ADDRESS
R00037,3,GST No.: 27AAFCM4455C1ZM,GSTIN
R00037,4,CASH MEMO,OTHER
R00037,5,--------------------------------------------,OTHER
R00037,6,Invoice Date: 2025-01-23,DATE
R00037,7,Invoice Number: BILL-2025-26491,INVOICE
R00037,8,--------------------------------------------,OTHER
R00037,9,Item                     Qty          Amount,OTHER
R00037,10,Poster A2                  1          427.49,ITEM
R00037,11,"Business Cards 500         3        3,272.25",ITEM
R00037,12,"Business Cards 500         2        2,372.36",ITEM
R00037,13,"Brochure Print 100         2        6,063.72",ITEM
R00037,14,--------------------------------------------,OTHER
R00037,15,"Total Before Tax:                  12,135.82",SUBTOTAL
R00037,16,"CGST @ 9%:                          1,092.23",TAX
R00037,17,"SGST @ 9%:                          1,092.22",TAX
R00037,18,Round Off:                             -0.27,TAX
R00037,19,"Amount Payable:                    14,320.00",TOTAL
R00037,20,--------------------------------------------,OTHER
R00037,21,Subject to local jurisdiction,FOOTER
R00037,22,UPI Payment,FOOTER
R00038,0,APOLLO PHARMACY OUTLET,VENDOR
R00038,1,"Rajiv Gandhi Salai, Chennai 600028",ADDRESS
R00038,2,Ph: 9840099887,ADDRESS
R00038,3,GSTIN: 33AAACA6677D1ZW,GSTIN
R00038,4,RETAIL INVOICE,OTHER
R00038,5,--------------------------------------------,OTHER
R00038,6,Invoice No: TI-2024-04074,INVOICE
R00038,7,Dated: 09/06/2025,DATE
R00038,8,--------------------------------------------,OTHER
R00038,9,Item                     Qty          Amount,OTHER
R00038,10,Vitamin D3                 2          600.72,ITEM
R00038,11,Digital Thermometer        2          565.58,ITEM
R00038,12,Antiseptic Liquid          1          100.04,ITEM
R00038,13,Antiseptic Liquid          1           89.72,ITEM
R00038,14,Paracetamol Strip          2           51.20,ITEM
R00038,15,Antiseptic Liquid          1          152.15,ITEM
R00038,16,--------------------------------------------,OTHER
R00038,17,Total Qty: 9,OTHER
R00038,18,"Taxable Amount:                     1,559.41",SUBTOTAL
R00038,19,CGST @ 6%:                             93.57,TAX
R00038,20,SGST @ 6%:                             93.56,TAX
R00038,21,Rounding:                               0.46,TAX
R00038,22,"Net Payable:                       ₹1,747.00",TOTAL
R00038,23,--------------------------------------------,OTHER
R00038,24,Thank you for your business,FOOTER
R00039,0,Gujarat Enterprises,VENDOR
R00039,1,"7 CG Road, Ahmedabad 380009",ADDRESS
R00039,2,GST Reg No: 24AABCG2244U1ZA,GSTIN
R00039,3,RETAIL INVOICE,OTHER
R00039,4,--------------------------------------------,OTHER
R00039,5,Inv No: INV-2024-58225,INVOICE
R00039,6,Bill Date: 03.02.2025,DATE
R00039,7,--------------------------------------------,OTHER
R00039,8,Item                     Qty          Amount,OTHER
R00039,9,"USB Hub                    3        2,039.49",ITEM
R00039,10,Extension Board            3          809.22,ITEM
R00039,11,"Keyboard                   2        2,190.12",ITEM
R00039,12,"USB Hub                    4        2,982.80",ITEM
R00039,13,Extension Board            1          389.90,ITEM
R00039,14,--------------------------------------------,OTHER
R00039,15,Total Qty: 13,OTHER
R00039,16,"Total Before Tax:                   8,411.53",SUBTOTAL
R00039,17,CGST @ 9%:                            757.04,TAX
R00039,18,SGST @ 9%:                            757.04,TAX
R00039,19,Round Off:                              0.39,TAX
R00039,20,"Net Payable:                       ₹9,926.00",TOTAL
R00039,21,--------------------------------------------,OTHER
R00039,22,Subject to local jurisdiction,FOOTER
R00040,0,ANNAPURNA RESTAURANT,VENDOR
R00040,1,"22 Koramangala 5th Blk, Bengaluru 560034",ADDRESS
R00040,2,GSTIN/UIN: 29AABCA1234M1ZQ,GSTIN
R00040,3,CASH MEMO,OTHER
R00040,4,--------------------------------------------,OTHER
R00040,5,"Dated: Aug 16, 2025",DATE
R00040,6,Bill No: INV-2024-88723,INVOICE
R00040,7,Table: 18   Covers: 3,OTHER
R00040,8,--------------------------------------------,OTHER
R00040,9,Item                     Qty          Amount,OTHER
R00040,10,Biryani                    2          735.54,ITEM
R00040,11,Butter Naan                2           83.26,ITEM
R00040,12,Filter Coffee              3          152.16,ITEM
R00040,13,Veg Thali                  2          509.40,ITEM
R00040,14,--------------------------------------------,OTHER
R00040,15,"Subtotal:                           1,480.36",SUBTOTAL
R00040,16,CGST @ 2.5%:                           37.01,TAX
R00040,17,SGST @ 2.5%:                           37.01,TAX
R00040,18,Rounding:                              -0.38,TAX
R00040,19,"Grand Total:                       ₹1,554.00",TOTAL
R00040,20,--------------------------------------------,OTHER
R00040,21,Subject to local jurisdiction,FOOTER
R00041,0,Lucknow Travels Agencies,VENDOR
R00041,1,"3 Hazratganj, Lucknow 226001",ADDRESS
R00041,2,Ph: 9839011223,ADDRESS
R00041,3,GSTIN/UIN: 09AAGCL1122Y1ZT,GSTIN
R00041,4,GST INVOICE,OTHER
R00041,5,--------------------------------------------,OTHER
R00041,6,Date of Supply: 20-02-2025,DATE
R00041,7,Bill No: RCPT-2025-95952,INVOICE
R00041,8,--------------------------------------------,OTHER
R00041,9,Item                     Qty          Amount,OTHER
R00041,10,City Taxi                  1          481.47,ITEM
R00041,11,"Airport Transfer           2        1,521.16",ITEM
R00041,12,"Airport Transfer           4        2,945.56",ITEM
R00041,13,--------------------------------------------,OTHER
R00041,14,"Sub Total:                          4,948.19",SUBTOTAL
R00041,15,CGST @ 2.5%:                          123.71,TAX
R00041,16,SGST @ 2.5%:                          123.70,TAX
R00041,17,Round Off Adj:                          0.40,TAX
R00041,18,"Bill Total:                        ₹5,196.00",TOTAL
R00041,19,--------------------------------------------,OTHER
R00041,20,Subject to local jurisdiction,FOOTER
R00041,21,UPI Payment,FOOTER
R00042,0,CAFE COFFEE JUNCTION,VENDOR
R00042,1,"8 Indiranagar, Bengaluru 560095",ADDRESS
R00042,2,GST Reg No: 29AAECC2233B1Z7,GSTIN
R00042,3,CASH MEMO,OTHER
R00042,4,--------------------------------------------,OTHER
R00042,5,Bill No: TI-2025-87261,INVOICE
R00042,6,Bill Date: 24.07.2025,DATE
R00042,7,--------------------------------------------,OTHER
R00042,8,Item                     Qty          Amount,OTHER
R00042,9,Paneer Butter Masala       3          971.49,ITEM
R00042,10,Masala Dosa                2          257.08,ITEM
R00042,11,--------------------------------------------,OTHER
R00042,12,"Subtotal:                           1,228.57",SUBTOTAL
R00042,13,CGST @ 2.5%:                           30.72,TAX
R00042,14,SGST @ 2.5%:                           30.71,TAX
R00042,15,"Total:                             ₹1,290.00",TOTAL
R00042,16,--------------------------------------------,OTHER
R00042,17,Goods once sold will not be taken back,FOOTER
R00042,18,UPI Payment,FOOTER
R00043,0,BENGAL BOOK DEPOT,VENDOR
R00043,1,"6 Park Street, Kolkata 700016",ADDRESS
R00043,2,Ph: 9830011234,ADDRESS
R00043,3,GSTIN/UIN: 19AACCB3456W1ZT,GSTIN
R00043,4,TAX INVOICE,OTHER
R00043,5,--------------------------------------------,OTHER
R00043,6,Dated: 20-04-2025,DATE
R00043,7,Bill No: RCPT-2024-71717,INVOICE
R00043,8,--------------------------------------------,OTHER
R00043,9,Item                     Qty          Amount,OTHER
R00043,10,File Folder                3          175.05,ITEM
R00043,11,"Printer Ink                3        1,520.91",ITEM
R00043,12,Marker Pen                 1           41.03,ITEM
R00043,13,Notebook 200pg             2          231.20,ITEM
R00043,14,Marker Pen                 1           28.22,ITEM
R00043,15,--------------------------------------------,OTHER
R00043,16,Total Qty: 10,OTHER
R00043,17,"Taxable Amount:                     1,996.41",SUBTOTAL
R00043,18,IGST @ 18%:                           359.35,TAX
R00043,19,Round Off:                              0.24,TAX
R00043,20,"Net Payable:                        2,356.00",TOTAL
R00043,21,--------------------------------------------,OTHER
R00043,22,Goods once sold will not be taken back,FOOTER
R00043,23,Card Payment,FOOTER
R00044,0,APOLLO PHARMACY OUTLET,VENDOR
R00044,1,"Rajiv Gandhi Salai, Chennai 600028",ADDRESS
R00044,2,Ph: 9840099887,ADDRESS
R00044,3,GST No.: 33AAACA6677D1ZW,GSTIN
R00044,4,GST INVOICE,OTHER
R00044,5,--------------------------------------------,OTHER
R00044,6,"Dated: Aug 03, 2025",DATE
R00044,7,Cash Memo No: BILL-2024-76178,INVOICE
R00044,8,--------------------------------------------,OTHER
R00044,9,Item                     Qty          Amount,OTHER
R00044,10,Paracetamol Strip          1           36.35,ITEM
R00044,11,Antiseptic Liquid          2          316.30,ITEM
R00044,12,Antiseptic Liquid          4          481.12,ITEM
R00044,13,Digital Thermometer        1          221.08,ITEM
R00044,14,Paracetamol Strip          4          152.08,ITEM
R00044,15,--------------------------------------------,OTHER
R00044,16,"Subtotal:                           1,206.93",SUBTOTAL
R00044,17,CGST @ 6%:                             72.42,TAX
R00044,18,SGST @ 6%:                             72.41,TAX
R00044,19,Round Off:                              0.24,TAX
R00044,20,"Bill Total:                        ₹1,352.00",TOTAL
R00044,21,--------------------------------------------,OTHER
R00044,22,Subject to local jurisdiction,FOOTER
R00045,0,Lucknow Travels Agencies,VENDOR
R00045,1,"3 Hazratganj, Lucknow 226001",ADDRESS
R00045,2,Ph: 9839011223,ADDRESS
R00045,3,GST No.: 09AAGCL1122Y1ZT,GSTIN
R00045,4,GST INVOICE,OTHER
R00045,5,--------------------------------------------,OTHER
R00045,6,Bill Date: 26-Jan-2025,DATE
R00045,7,Inv No: RCPT-2025-19051,INVOICE
R00045,8,--------------------------------------------,OTHER
R00045,9,Item                     Qty          Amount,OTHER
R00045,10,City Taxi                  3          884.13,ITEM
R00045,11,"City Taxi                  3        1,202.94",ITEM
R00045,12,"Outstation Cab             3       10,205.76",ITEM
R00045,13,--------------------------------------------,OTHER
R00045,14,Total Qty: 9,OTHER
R00045,15,"Taxable Value:                     12,292.83",SUBTOTAL
R00045,16,CGST @ 2.5%:                          307.32,TAX
R00045,17,SGST @ 2.5%:                          307.32,TAX
R00045,18,Round Off Adj:                         -0.47,TAX
R00045,19,"Total Amount:                      12,907.00",TOTAL
R00045,20,--------------------------------------------,OTHER
R00045,21,*** CUSTOMER COPY ***,FOOTER
R00045,22,Card Payment,FOOTER
R00046,0,SARAVANA BHAVAN,VENDOR
R00046,1,"18 T Nagar, Chennai 600017",ADDRESS
R00046,2,GST No.: 33AAECS7788N1ZJ,GSTIN
R00046,3,CASH MEMO,OTHER
R00046,4,--------------------------------------------,OTHER
R00046,5,Invoice Number: TI-2024-46848,INVOICE
R00046,6,Invoice Date: 15.02.2025,DATE
R00046,7,--------------------------------------------,OTHER
R00046,8,Item                     Qty          Amount,OTHER
R00046,9,Veg Thali                  3          813.39,ITEM
R00046,10,Paneer Butter Masala       3          839.49,ITEM
R00046,11,--------------------------------------------,OTHER
R00046,12,"Subtotal:                           1,652.88",SUBTOTAL
R00046,13,CGST @ 2.5%:                           41.32,TAX
R00046,14,SGST @ 2.5%:                           41.32,TAX
R00046,15,Round Off Adj:                          0.48,TAX
R00046,16,"Total Amount:                      ₹1,736.00",TOTAL
R00046,17,--------------------------------------------,OTHER
R00046,18,THANK YOU VISIT AGAIN,FOOTER
R00046,19,UPI Payment,FOOTER
R00047,0,ANNAPURNA RESTAURANT,VENDOR
R00047,1,"22 Koramangala 5th Blk, Bengaluru 560034",ADDRESS
R00047,2,GSTIN: 29AABCA1234M1ZQ,GSTIN
R00047,3,CASH MEMO,OTHER
R00047,4,--------------------------------------------,OTHER
R00047,5,Dated: 24.03.2025,DATE
R00047,6,Inv No: BILL-2025-71676,INVOICE
R00047,7,Table: 12   Covers: 5,OTHER
R00047,8,--------------------------------------------,OTHER
R00047,9,Item                     Qty          Amount,OTHER
R00047,10,Butter Naan                2           81.36,ITEM
R00047,11,Biryani                    3          700.44,ITEM
R00047,12,Veg Thali                  2          460.96,ITEM
R00047,13,Filter Coffee              1           41.47,ITEM
R00047,14,--------------------------------------------,OTHER
R00047,15,Total Qty: 8,OTHER
R00047,16,"Taxable Value:                      1,284.23",SUBTOTAL
R00047,17,CGST @ 2.5%:                           32.11,TAX
R00047,18,SGST @ 2.5%:                           32.10,TAX
R00047,19,Round Off:                             -0.44,TAX
R00047,20,"Bill Total:                        ₹1,348.00",TOTAL
R00047,21,--------------------------------------------,OTHER
R00047,22,THANK YOU VISIT AGAIN,FOOTER
R00048,0,RELIANCE FRESH SUPERMARKET,VENDOR
R00048,1,"Shop 4 Kurla West, Mumbai 400070",ADDRESS
R00048,2,Ph: 9820044556,ADDRESS
R00048,3,GSTIN/UIN: 27AAACR5055K1Z7,GSTIN
R00048,4,GST INVOICE,OTHER
R00048,5,--------------------------------------------,OTHER
R00048,6,Invoice Number: INV-2024-87059,INVOICE
R00048,7,"Invoice Date: May 16, 2025",DATE
R00048,8,--------------------------------------------,OTHER
R00048,9,Item                     Qty          Amount,OTHER
R00048,10,Toor Dal 1kg               2          303.78,ITEM
R00048,11,"Basmati Rice 5kg           3        1,389.48",ITEM
R00048,12,Milk 1L                    4          250.24,ITEM
R00048,13,Sunflower Oil 1L           3          394.32,ITEM
R00048,14,Basmati Rice 5kg           1          651.68,ITEM
R00048,15,Toor Dal 1kg               2          265.04,ITEM
R00048,16,--------------------------------------------,OTHER
R00048,17,"Subtotal:                           3,254.54",SUBTOTAL
R00048,18,CGST @ 2.5%:                           81.37,TAX
R00048,19,SGST @ 2.5%:                           81.36,TAX
R00048,20,Round Off Adj:                         -0.27,TAX
R00048,21,"Amount Payable:                     3,417.00",TOTAL
R00048,22,--------------------------------------------,OTHER
R00048,23,Subject to local jurisdiction,FOOTER
R00049,0,BENGAL BOOK DEPOT,VENDOR
R00049,1,"6 Park Street, Kolkata 700016",ADDRESS
R00049,2,GSTIN: 19AACCB3456W1ZT,GSTIN
R00049,3,GST INVOICE,OTHER
R00049,4,--------------------------------------------,OTHER
R00049,5,Date: 03.07.2025,DATE
R00049,6,Cash Memo No: INV-2025-07335,INVOICE
R00049,7,--------------------------------------------,OTHER
R00049,8,Item                     Qty          Amount,OTHER
R00049,9,Marker Pen                 2           86.12,ITEM
R00049,10,Notebook 200pg             1           79.65,ITEM
R00049,11,"Printer Ink                3        2,806.59",ITEM
R00049,12,--------------------------------------------,OTHER
R00049,13,"Sub Total:                          2,972.36",SUBTOTAL
R00049,14,IGST @ 18%:                           535.02,TAX
R00049,15,Rounding:                              -0.38,TAX
R00049,16,"Total:                             ₹3,507.00",TOTAL
R00049,17,--------------------------------------------,OTHER
R00049,18,*** CUSTOMER COPY ***,FOOTER
R00050,0,KUMAR MEDICALS,VENDOR
R00050,1,"44 Kalkaji Main Rd, New Delhi 110019",ADDRESS
R00050,2,Ph: 9811099887,ADDRESS
R00050,3,GSTIN/UIN: 07AAFCK3321L1ZK,GSTIN
R00050,4,GST INVOICE,OTHER
R00050,5,--------------------------------------------,OTHER
R00050,6,Invoice Number: TI-2024-31046,INVOICE
R00050,7,Dated: 10-Jan-2025,DATE
R00050,8,--------------------------------------------,OTHER
R00050,9,Item                     Qty          Amount,OTHER
R00050,10,Paracetamol Strip          4           73.32,ITEM
R00050,11,Paracetamol Strip          3           66.57,ITEM
R00050,12,Antiseptic Liquid          3          517.95,ITEM
R00050,13,Antiseptic Liquid          2          248.78,ITEM
R00050,14,Vitamin D3                 3          637.41,ITEM
R00050,15,--------------------------------------------,OTHER
R00050,16,Total Qty: 15,OTHER
R00050,17,"Taxable Amount:                     1,544.03",SUBTOTAL
R00050,18,CGST @ 6%:                             92.64,TAX
R00050,19,SGST @ 6%:                             92.64,TAX
R00050,20,Rounding:                              -0.31,TAX
R00050,21,"Grand Total:                       ₹1,729.00",TOTAL
R00050,22,--------------------------------------------,OTHER
R00050,23,Thank you for your business,FOOTER
R00051,0,RELIANCE FRESH SUPERMARKET,VENDOR
R00051,1,"Shop 4 Kurla West, Mumbai 400070",ADDRESS
R00051,2,Ph: 9820044556,ADDRESS
R00051,3,GST Reg No: 27AAACR5055K1Z7,GSTIN
R00051,4,GST INVOICE,OTHER
R00051,5,--------------------------------------------,OTHER
R00051,6,Cash Memo No: BILL-2024-22911,INVOICE
R00051,7,Bill Date: 04.06.2025,DATE
R00051,8,--------------------------------------------,OTHER
R00051,9,Item                     Qty          Amount,OTHER
R00051,10,Basmati Rice 5kg           2          881.62,ITEM
R00051,11,"Atta 5kg                   4        1,079.04",ITEM
R00051,12,--------------------------------------------,OTHER
R00051,13,"Sub Total:                          1,960.66",SUBTOTAL
R00051,14,CGST @ 2.5%:                           49.02,TAX
R00051,15,SGST @ 2.5%:                           49.01,TAX
R00051,16,Rounding:                               0.31,TAX
R00051,17,"Total:                              2,059.00",TOTAL
R00051,18,--------------------------------------------,OTHER
R00051,19,Thank you for your business,FOOTER
R00051,20,Card Payment,FOOTER
R00052,0,BHARAT PETROLEUM OUTLET,VENDOR
R00052,1,"NH-8 Bandra East, Mumbai 400051",ADDRESS
R00052,2,Ph: 9820011122,ADDRESS
R00052,3,GST Reg No: 27AAACB1111P1ZW,GSTIN
R00052,4,RETAIL INVOICE,OTHER
R00052,5,--------------------------------------------,OTHER
R00052,6,Invoice No: INV-2024-34353,INVOICE
R00052,7,Date of Supply: 28-01-2025,DATE
R00052,8,--------------------------------------------,OTHER
R00052,9,Product                 Litres          Amount,OTHER
R00052,10,"CNG                       27        2,125.17",ITEM
R00052,11,--------------------------------------------,OTHER
R00052,12,"Subtotal:                           2,125.17",SUBTOTAL
R00052,13,Round Off Adj:                         -0.17,TAX
R00052,14,"Bill Total:                         2,125.00",TOTAL
R00052,15,--------------------------------------------,OTHER
R00052,16,Goods once sold will not be taken back,FOOTER
R00053,0,RELIANCE FRESH SUPERMARKET,VENDOR
R00053,1,"Shop 4 Kurla West, Mumbai 400070",ADDRESS
R00053,2,Ph: 9820044556,ADDRESS
R00053,3,GST Reg No: 27AAACR5055K1Z7,GSTIN
R00053,4,CASH MEMO,OTHER
R00053,5,--------------------------------------------,OTHER
R00053,6,Receipt No: TI-2025-49857,INVOICE
R00053,7,Dated: 09-07-2025,DATE
R00053,8,--------------------------------------------,OTHER
R00053,9,Item                     Qty          Amount,OTHER
R00053,10,Milk 1L                    2          136.06,ITEM
R00053,11,Toor Dal 1kg               1          154.85,ITEM
R00053,12,Milk 1L                    1           58.00,ITEM
R00053,13,Toor Dal 1kg               3          521.88,ITEM
R00053,14,Milk 1L                    3          162.84,ITEM
R00053,15,Sugar 1kg                  4          210.64,ITEM
R00053,16,--------------------------------------------,OTHER
R00053,17,Total Qty: 14,OTHER
R00053,18,"Subtotal:                           1,244.27",SUBTOTAL
R00053,19,CGST @ 2.5%:                           31.11,TAX
R00053,20,SGST @ 2.5%:                           31.10,TAX
R00053,21,Round Off Adj:                         -0.48,TAX
R00053,22,"Amount Payable:                    ₹1,306.00",TOTAL
R00053,23,--------------------------------------------,OTHER
R00053,24,Goods once sold will not be taken back,FOOTER
R00054,0,SARAVANA BHAVAN,VENDOR
R00054,1,"18 T Nagar, Chennai 600017",ADDRESS
R00054,2,Ph: 9840011223,ADDRESS
R00054,3,GST No.: 33AAECS7788N1ZJ,GSTIN
R00054,4,GST INVOICE,OTHER
R00054,5,--------------------------------------------,OTHER
R00054,6,Invoice No: BILL-2025-89470,INVOICE
R00054,7,Dated: 24-03-2025,DATE
R00054,8,Table: 12   Covers: 8,OTHER
R00054,9,--------------------------------------------,OTHER
R00054,10,Item                     Qty          Amount,OTHER
R00054,11,Biryani                    1          359.33,ITEM
R00054,12,Butter Naan                2          145.02,ITEM
R00054,13,Veg Thali                  3          895.68,ITEM
R00054,14,Butter Naan                2           94.88,ITEM
R00054,15,--------------------------------------------,OTHER
R00054,16,"Total Before Tax:                   1,494.91",SUBTOTAL
R00054,17,IGST @ 5%:                             74.75,TAX
R00054,18,Round Off:                              0.34,TAX
R00054,19,"Total:                              1,570.00",TOTAL
R00054,20,--------------------------------------------,OTHER
R00054,21,THANK YOU VISIT AGAIN,FOOTER
R00055,0,PARK STREET CAFE,VENDOR
R00055,1,"40 Park Street, Kolkata 700017",ADDRESS
R00055,2,Ph: 9830044332,ADDRESS
R00055,3,GSTIN: 19AAFCP7890X1ZW,GSTIN
R00055,4,TAX INVOICE,OTHER
R00055,5,--------------------------------------------,OTHER
R00055,6,Dated: 09.06.2025,DATE
R00055,7,Cash Memo No: TI-2025-39886,INVOICE
R00055,8,Table: 3   Covers: 7,OTHER
R00055,9,--------------------------------------------,OTHER
R00055,10,Item                     Qty          Amount,OTHER
R00055,11,Filter Coffee              2          130.26,ITEM
R00055,12,"Biryani                    4        1,503.76",ITEM
R00055,13,Veg Thali                  3          673.83,ITEM
R00055,14,"Veg Thali                  4        1,277.76",ITEM
R00055,15,Masala Dosa                3          283.71,ITEM
R00055,16,--------------------------------------------,OTHER
R00055,17,"Sub Total:                          3,869.32",SUBTOTAL
R00055,18,CGST @ 2.5%:                           96.74,TAX
R00055,19,SGST @ 2.5%:                           96.73,TAX
R00055,20,Rounding:                               0.21,TAX
R00055,21,"Amount Payable:                    ₹4,063.00",TOTAL
R00055,22,--------------------------------------------,OTHER
R00055,23,THANK YOU VISIT AGAIN,FOOTER
R00055,24,Cash Payment,FOOTER
R00056,0,Gujarat Enterprises,VENDOR
R00056,1,"7 CG Road, Ahmedabad 380009",ADDRESS
R00056,2,Ph: 9825011234,ADDRESS
R00056,3,GST No.: 24AABCG2244U1ZA,GSTIN
R00056,4,CASH MEMO,OTHER
R00056,5,--------------------------------------------,OTHER
R00056,6,Inv No: BILL-2025-25816,INVOICE
R00056,7,Bill Date: 13.03.2025,DATE
R00056,8,--------------------------------------------,OTHER
R00056,9,Item                     Qty          Amount,OTHER
R00056,10,"Keyboard                   3        1,904.34",ITEM
R00056,11,Extension Board            3          896.13,ITEM
R00056,12,"Keyboard                   2        1,915.18",ITEM
R00056,13,"USB Hub                    4        2,070.64",ITEM
R00056,14,--------------------------------------------,OTHER
R00056,15,"Total Before Tax:                   6,786.29",SUBTOTAL
R00056,16,CGST @ 9%:                            610.77,TAX
R00056,17,SGST @ 9%:                            610.76,TAX
R00056,18,Round Off:                              0.18,TAX
R00056,19,"Amount Payable:                     8,008.00",TOTAL
R00056,20,--------------------------------------------,OTHER
R00056,21,Subject to local jurisdiction,FOOTER
R00057,0,RELIANCE FRESH SUPERMARKET,VENDOR
R00057,1,"Shop 4 Kurla West, Mumbai 400070",ADDRESS
R00057,2,Ph: 9820044556,ADDRESS
R00057,3,GSTIN: 27AAACR5055K1Z7,GSTIN
R00057,4,CASH MEMO,OTHER
R00057,5,--------------------------------------------,OTHER
R00057,6,Bill Date: 04.06.2025,DATE
R00057,7,Invoice Number: BILL-2025-51524,INVOICE
R00057,8,--------------------------------------------,OTHER
R00057,9,Item                     Qty          Amount,OTHER
R00057,10,Sugar 1kg                  1           42.43,ITEM
R00057,11,Toor Dal 1kg               2          298.38,ITEM
R00057,12,"Basmati Rice 5kg           3        1,350.69",ITEM
R00057,13,"Atta 5kg                   4        1,353.80",ITEM
R00057,14,Sugar 1kg                  3          150.69,ITEM
R00057,15,Sunflower Oil 1L           1          154.08,ITEM
R00057,16,--------------------------------------------,OTHER
R00057,17,Total Qty: 14,OTHER
R00057,18,"Total Before Tax:                   3,350.07",SUBTOTAL
R00057,19,IGST @ 5%:                            167.50,TAX
R00057,20,Rounding:                               0.43,TAX
R00057,21,"Net Payable:                        3,518.00",TOTAL
R00057,22,--------------------------------------------,OTHER
R00057,23,*** CUSTOMER COPY ***,FOOTER
R00058,0,Deccan Office Supplies,VENDOR
R00058,1,"12 Madhapur, Hyderabad 500032",ADDRESS
R00058,2,Ph: 9848077665,ADDRESS
R00058,3,GST Reg No: 36AAGCD8899T1Z8,GSTIN
R00058,4,GST INVOICE,OTHER
R00058,5,--------------------------------------------,OTHER
R00058,6,Invoice Number: BILL-2025-83349,INVOICE
R00058,7,"Date of Supply: Mar 05, 2025",DATE
R00058,8,--------------------------------------------,OTHER
R00058,9,Item                     Qty          Amount,OTHER
R00058,10,File Folder                3          165.48,ITEM
R00058,11,Stapler                    3          557.67,ITEM
R00058,12,"Printer Ink                1        1,137.95",ITEM
R00058,13,Notebook 200pg             1           91.41,ITEM
R00058,14,Stapler                    1          167.58,ITEM
R00058,15,--------------------------------------------,OTHER
R00058,16,"Total Before Tax:                   2,120.09",SUBTOTAL
R00058,17,CGST @ 9%:                            190.81,TAX
R00058,18,SGST @ 9%:                            190.81,TAX
R00058,19,Rounding:                               0.29,TAX
R00058,20,"Grand Total:                       ₹2,502.00",TOTAL
R00058,21,--------------------------------------------,OTHER
R00058,22,Goods once sold will not be taken back,FOOTER
R00059,0,Mumbai Print Solutions LLP,VENDOR
R00059,1,"21 Lower Parel, Mumbai 400013",ADDRESS
R00059,2,Ph: 9820077331,ADDRESS
R00059,3,GST No.: 27AAFCM4455C1ZM,GSTIN
R00059,4,GST INVOICE,OTHER
R00059,5,--------------------------------------------,OTHER
R00059,6,Invoice No: TI-2024-19536,INVOICE
R00059,7,"Dated: Apr 03, 2025",DATE
R00059,8,--------------------------------------------,OTHER
R00059,9,Item                     Qty          Amount,OTHER
R00059,10,Poster A2                  1          203.39,ITEM
R00059,11,"Business Cards 500         3        2,105.34",ITEM
R00059,12,--------------------------------------------,OTHER
R00059,13,"Sub Total:                          2,308.73",SUBTOTAL
R00059,14,IGST @ 18%:                           415.57,TAX
R00059,15,Round Off Adj:                         -0.30,TAX
R00059,16,"Total Amount:                       2,724.00",TOTAL
R00059,17,--------------------------------------------,OTHER
R00059,18,THANK YOU VISIT AGAIN,FOOTER
R00059,19,Cash Payment,FOOTER
R00060,0,Mumbai Print Solutions LLP,VENDOR
R00060,1,"21 Lower Parel, Mumbai 400013",ADDRESS
R00060,2,Ph: 9820077331,ADDRESS
R00060,3,GST No.: 27AAFCM4455C1ZM,GSTIN
R00060,4,TAX INVOICE,OTHER
R00060,5,--------------------------------------------,OTHER
R00060,6,Invoice Number: BILL-2024-75229,INVOICE
R00060,7,Date of Supply: 24-08-2025,DATE
R00060,8,--------------------------------------------,OTHER
R00060,9,Item                     Qty          Amount,OTHER
R00060,10,"Brochure Print 100         4        6,681.72",ITEM
R00060,11,"Brochure Print 100         1        1,513.12",ITEM
R00060,12,"Brochure Print 100         1        3,315.14",ITEM
R00060,13,"Business Cards 500         2        1,656.20",ITEM
R00060,14,Poster A2                  1          203.46,ITEM
R00060,15,"Brochure Print 100         2        5,421.84",ITEM
R00060,16,--------------------------------------------,OTHER
R00060,17,"Sub Total:                         18,791.48",SUBTOTAL
R00060,18,"CGST @ 9%:                          1,691.24",TAX
R00060,19,"SGST @ 9%:                          1,691.23",TAX
R00060,20,Rounding:                               0.05,TAX
R00060,21,"Amount Payable:                   ₹22,174.00",TOTAL
R00060,22,--------------------------------------------,OTHER
R00060,23,*** CUSTOMER COPY ***,FOOTER
R00061,0,ANNAPURNA RESTAURANT,VENDOR
R00061,1,"22 Koramangala 5th Blk, Bengaluru 560034",ADDRESS
R00061,2,Ph: 9845112233,ADDRESS
R00061,3,GSTIN/UIN: 29AABCA1234M1ZQ,GSTIN
R00061,4,CASH MEMO,OTHER
R00061,5,--------------------------------------------,OTHER
R00061,6,Invoice Number: BILL-2025-05118,INVOICE
R00061,7,"Date of Supply: Aug 31, 2025",DATE
R00061,8,Table: 11   Covers: 4,OTHER
R00061,9,--------------------------------------------,OTHER
R00061,10,Item                     Qty          Amount,OTHER
R00061,11,Veg Thali                  4          647.84,ITEM
R00061,12,Veg Thali                  1          163.66,ITEM
R00061,13,Filter Coffee              1           68.09,ITEM
R00061,14,Veg Thali                  1          308.11,ITEM
R00061,15,Filter Coffee              1           42.82,ITEM
R00061,16,Masala Dosa                3          438.78,ITEM
R00061,17,--------------------------------------------,OTHER
R00061,18,"Sub Total:                          1,669.30",SUBTOTAL
R00061,19,CGST @ 2.5%:                           41.74,TAX
R00061,20,SGST @ 2.5%:                           41.73,TAX
R00061,21,Round Off Adj:                          0.23,TAX
R00061,22,"Total:                             ₹1,753.00",TOTAL
R00061,23,--------------------------------------------,OTHER
R00061,24,THANK YOU VISIT AGAIN,FOOTER
R00062,0,GANGA DEPARTMENTAL STORE,VENDOR
R00062,1,"17 Mall Road, Kanpur 208001",ADDRESS
R00062,2,Ph: 9839066554,ADDRESS
R00062,3,GSTIN: 09AABCG5566Z1ZD,GSTIN
R00062,4,RETAIL INVOICE,OTHER
R00062,5,--------------------------------------------,OTHER
R00062,6,Dated: 17/04/2025,DATE
R00062,7,Invoice No: TI-2025-04827,INVOICE
R00062,8,--------------------------------------------,OTHER
R00062,9,Item                     Qty          Amount,OTHER
R00062,10,Milk 1L                    1           65.08,ITEM
R00062,11,Basmati Rice 5kg           1          423.09,ITEM
R00062,12,Basmati Rice 5kg           1          442.99,ITEM
R00062,13,Sugar 1kg                  4          223.76,ITEM
R00062,14,Toor Dal 1kg               1          128.96,ITEM
R00062,15,--------------------------------------------,OTHER
R00062,16,Total Qty: 8,OTHER
R00062,17,"Subtotal:                           1,283.88",SUBTOTAL
R00062,18,CGST @ 2.5%:                           32.10,TAX
R00062,19,SGST @ 2.5%:                           32.09,TAX
R00062,20,Round Off Adj:                         -0.07,TAX
R00062,21,"Net Payable:                        1,348.00",TOTAL
R00062,22,--------------------------------------------,OTHER
R00062,23,*** CUSTOMER COPY ***,FOOTER
R00063,0,RELIANCE FRESH SUPERMARKET,VENDOR
R00063,1,"Shop 4 Kurla West, Mumbai 400070",ADDRESS
R00063,2,GSTIN: 27AAACR5055K1Z7,GSTIN
R00063,3,CASH MEMO,OTHER
R00063,4,--------------------------------------------,OTHER
R00063,5,Date: 16-07-2025,DATE
R00063,6,Invoice No: TI-2024-82482,INVOICE
R00063,7,--------------------------------------------,OTHER
R00063,8,Item                     Qty          Amount,OTHER
R00063,9,Atta 5kg                   1          238.28,ITEM
R00063,10,Sugar 1kg                  2          106.72,ITEM
R00063,11,"Atta 5kg                   4        1,106.08",ITEM
R00063,12,Atta 5kg                   2          606.28,ITEM
R00063,13,--------------------------------------------,OTHER
R00063,14,"Subtotal:                           2,057.36",SUBTOTAL
R00063,15,CGST @ 2.5%:                           51.44,TAX
R00063,16,SGST @ 2.5%:                           51.43,TAX
R00063,17,Rounding:                              -0.23,TAX
R00063,18,"Total:                              2,160.00",TOTAL
R00063,19,--------------------------------------------,OTHER
R00063,20,*** CUSTOMER COPY ***,FOOTER
R00064,0,GANGA DEPARTMENTAL STORE,VENDOR
R00064,1,"17 Mall Road, Kanpur 208001",ADDRESS
R00064,2,Ph: 9839066554,ADDRESS
R00064,3,GST No.: 09AABCG5566Z1ZD,GSTIN
R00064,4,CASH MEMO,OTHER
R00064,5,--------------------------------------------,OTHER
R00064,6,Bill Date: 11-Aug-2025,DATE
R00064,7,Bill No: INV-2024-27470,INVOICE
R00064,8,--------------------------------------------,OTHER
R00064,9,Item                     Qty          Amount,OTHER
R00064,10,Atta 5kg                   1          299.02,ITEM
R00064,11,Toor Dal 1kg               4          587.92,ITEM
R00064,12,--------------------------------------------,OTHER
R00064,13,Taxable Value:                        886.94,SUBTOTAL
R00064,14,CGST @ 2.5%:                           22.18,TAX
R00064,15,SGST @ 2.5%:                           22.17,TAX
R00064,16,Round Off:                             -0.29,TAX
R00064,17,Total Amount:                        ₹931.00,TOTAL
R00064,18,--------------------------------------------,OTHER
R00064,19,THANK YOU VISIT AGAIN,FOOTER
R00064,20,UPI Payment,FOOTER
R00065,0,Hotel Sunrise Residency,VENDOR
R00065,1,"9 Connaught Place, New Delhi 110001",ADDRESS
R00065,2,GST Reg No: 07AACCH9012Q1Z8,GSTIN
R00065,3,RETAIL INVOICE,OTHER
R00065,4,--------------------------------------------,OTHER
R00065,5,Bill Date: 28/07/2025,DATE
R00065,6,Invoice Number: INV-2024-99466,INVOICE
R00065,7,--------------------------------------------,OTHER
R00065,8,Item                     Qty          Amount,OTHER
R00065,9,"Deluxe Room Night          4       22,150.04",ITEM
R00065,10,"Breakfast Buffet           3        1,252.65",ITEM
R00065,11,--------------------------------------------,OTHER
R00065,12,Total Qty: 7,OTHER
R00065,13,"Total Before Tax:                  23,402.69",SUBTOTAL
R00065,14,"CGST @ 6%:                          1,404.16",TAX
R00065,15,"SGST @ 6%:                          1,404.16",TAX
R00065,16,Round Off:                             -0.01,TAX
R00065,17,"Grand Total:                      ₹26,211.00",TOTAL
R00065,18,--------------------------------------------,OTHER
R00065,19,THANK YOU VISIT AGAIN,FOOTER
R00065,20,Cash Payment,FOOTER
R00066,0,RELIANCE FRESH SUPERMARKET,VENDOR
R00066,1,"Shop 4 Kurla West, Mumbai 400070",ADDRESS
R00066,2,Ph: 9820044556,ADDRESS
R00066,3,GSTIN: 27AAACR5055K1Z7,GSTIN
R00066,4,CASH MEMO,OTHER
R00066,5,--------------------------------------------,OTHER
R00066,6,Cash Memo No: BILL-2025-18008,INVOICE
R00066,7,Invoice Date: 18.01.2025,DATE
R00066,8,--------------------------------------------,OTHER
R00066,9,Item                     Qty          Amount,OTHER
R00066,10,Milk 1L                    2          112.98,ITEM
R00066,11,Sugar 1kg                  2           88.44,ITEM
R00066,12,Sunflower Oil 1L           1          181.78,ITEM
R00066,13,--------------------------------------------,OTHER
R00066,14,Taxable Amount:                       383.20,SUBTOTAL
R00066,15,CGST @ 2.5%:                            9.58,TAX
R00066,16,SGST @ 2.5%:                            9.58,TAX
R00066,17,Round Off:                             -0.36,TAX
R00066,18,Total:                               ₹402.00,TOTAL
R00066,19,--------------------------------------------,OTHER
R00066,20,THANK YOU VISIT AGAIN,FOOTER
R00067,0,HYDERABAD BIRYANI HOUSE,VENDOR
R00067,1,"5 Gachibowli, Hyderabad 500081",ADDRESS
R00067,2,Ph: 9848012345,ADDRESS
R00067,3,GSTIN: 36AADCH4567S1ZS,GSTIN
R00067,4,RETAIL INVOICE,OTHER
R00067,5,--------------------------------------------,OTHER
R00067,6,Bill No: INV-2024-14545,INVOICE
R00067,7,Date: 2025-03-25,DATE
R00067,8,Table: 4   Covers: 5,OTHER
R00067,9,--------------------------------------------,OTHER
R00067,10,Item                     Qty          Amount,OTHER
R00067,11,Biryani                    1          394.40,ITEM
R00067,12,Masala Dosa                3          455.52,ITEM
R00067,13,"Paneer Butter Masala       4        1,033.40",ITEM
R00067,14,Paneer Butter Masala       1          253.85,ITEM
R00067,15,Masala Dosa                1          129.35,ITEM
R00067,16,Masala Dosa                2          217.04,ITEM
R00067,17,--------------------------------------------,OTHER
R00067,18,"Taxable Amount:                     2,483.56",SUBTOTAL
R00067,19,CGST @ 2.5%:                           62.09,TAX
R00067,20,SGST @ 2.5%:                           62.09,TAX
R00067,21,Rounding:                               0.26,TAX
R00067,22,"Total:                             ₹2,608.00",TOTAL
R00067,23,--------------------------------------------,OTHER
R00067,24,*** CUSTOMER COPY ***,FOOTER
R00067,25,Cash Payment,FOOTER
R00068,0,RELIANCE FRESH SUPERMARKET,VENDOR
R00068,1,"Shop 4 Kurla West, Mumbai 400070",ADDRESS
R00068,2,Ph: 9820044556,ADDRESS
R00068,3,GSTIN/UIN: 27AAACR5055K1Z7,GSTIN
R00068,4,RETAIL INVOICE,OTHER
R00068,5,--------------------------------------------,OTHER
R00068,6,Invoice Date: 14/02/2025,DATE
R00068,7,Receipt No: INV-2025-85728,INVOICE
R00068,8,--------------------------------------------,OTHER
R00068,9,Item                     Qty          Amount,OTHER
R00068,10,Sugar 1kg                  4          234.20,ITEM
R00068,11,Toor Dal 1kg               1          138.28,ITEM
R00068,12,--------------------------------------------,OTHER
R00068,13,Total Qty: 5,OTHER
R00068,14,Taxable Value:                        372.48,SUBTOTAL
R00068,15,CGST @ 2.5%:                            9.31,TAX
R00068,16,SGST @ 2.5%:                            9.31,TAX
R00068,17,Round Off:                             -0.10,TAX
R00068,18,Grand Total:                          391.00,TOTAL
R00068,19,--------------------------------------------,OTHER
R00068,20,Goods once sold will not be taken back,FOOTER
R00069,0,KUMAR MEDICALS,VENDOR
R00069,1,"44 Kalkaji Main Rd, New Delhi 110019",ADDRESS
R00069,2,Ph: 9811099887,ADDRESS
R00069,3,GST No.: 07AAFCK3321L1ZK,GSTIN
R00069,4,RETAIL INVOICE,OTHER
R00069,5,--------------------------------------------,OTHER
R00069,6,Bill Date: 2025-06-15,DATE
R00069,7,Receipt No: TI-2025-91145,INVOICE
R00069,8,--------------------------------------------,OTHER
R00069,9,Item                     Qty          Amount,OTHER
R00069,10,Antiseptic Liquid          3          421.56,ITEM
R00069,11,Vitamin D3                 3          813.15,ITEM
R00069,12,Paracetamol Strip          1           30.61,ITEM
R00069,13,--------------------------------------------,OTHER
R00069,14,"Taxable Amount:                     1,265.32",SUBTOTAL
R00069,15,CGST @ 6%:                             75.92,TAX
R00069,16,SGST @ 6%:                             75.92,TAX
R00069,17,Round Off:                             -0.16,TAX
R00069,18,"Bill Total:                        ₹1,417.00",TOTAL
R00069,19,--------------------------------------------,OTHER
R00069,20,THANK YOU VISIT AGAIN,FOOTER
R00069,21,Card Payment,FOOTER
R00070,0,SARAVANA BHAVAN,VENDOR
R00070,1,"18 T Nagar, Chennai 600017",ADDRESS
R00070,2,Ph: 9840011223,ADDRESS
R00070,3,GSTIN: 33AAECS7788N1ZJ,GSTIN
R00070,4,CASH MEMO,OTHER
R00070,5,--------------------------------------------,OTHER
R00070,6,Invoice No: RCPT-2024-44033,INVOICE
R00070,7,Date: 2025-05-30,DATE
R00070,8,--------------------------------------------,OTHER
R00070,9,Item                     Qty          Amount,OTHER
R00070,10,"Biryani                    4        1,304.20",ITEM
R00070,11,Masala Dosa                4          386.56,ITEM
R00070,12,Filter Coffee              4          257.16,ITEM
R00070,13,--------------------------------------------,OTHER
R00070,14,Total Qty: 12,OTHER
R00070,15,"Total Before Tax:                   1,947.92",SUBTOTAL
R00070,16,CGST @ 2.5%:                           48.70,TAX
R00070,17,SGST @ 2.5%:                           48.70,TAX
R00070,18,Round Off:                             -0.32,TAX
R00070,19,"Grand Total:                       ₹2,045.00",TOTAL
R00070,20,--------------------------------------------,OTHER
R00070,21,Thank you for your business,FOOTER
R00070,22,Cash Payment,FOOTER
R00071,0,HYDERABAD BIRYANI HOUSE,VENDOR
R00071,1,"5 Gachibowli, Hyderabad 500081",ADDRESS
R00071,2,Ph: 9848012345,ADDRESS
R00071,3,GSTIN/UIN: 36AADCH4567S1ZS,GSTIN
R00071,4,CASH MEMO,OTHER
R00071,5,--------------------------------------------,OTHER
R00071,6,Date: 18.05.2025,DATE
R00071,7,Receipt No: RCPT-2024-22768,INVOICE
R00071,8,--------------------------------------------,OTHER
R00071,9,Item                     Qty          Amount,OTHER
R00071,10,"Biryani                    4        1,006.92",ITEM
R00071,11,Veg Thali                  1          238.73,ITEM
R00071,12,Paneer Butter Masala       1          318.27,ITEM
R00071,13,Veg Thali                  4          844.92,ITEM
R00071,14,Butter Naan                1           58.28,ITEM
R00071,15,Masala Dosa                3          272.82,ITEM
R00071,16,--------------------------------------------,OTHER
R00071,17,Total Qty: 14,OTHER
R00071,18,"Taxable Value:                      2,739.94",SUBTOTAL
R00071,19,IGST @ 5%:                            137.00,TAX
R00071,20,Rounding:                               0.06,TAX
R00071,21,"Bill Total:                         2,877.00",TOTAL
R00071,22,--------------------------------------------,OTHER
R00071,23,Subject to local jurisdiction,FOOTER
R00071,24,Cash Payment,FOOTER
R00072,0,Lucknow Travels Agencies,VENDOR
R00072,1,"3 Hazratganj, Lucknow 226001",ADDRESS
R00072,2,Ph: 9839011223,ADDRESS
R00072,3,GST Reg No: 09AAGCL1122Y1ZT,GSTIN
R00072,4,RETAIL INVOICE,OTHER
R00072,5,--------------------------------------------,OTHER
R00072,6,Receipt No: TI-2025-38072,INVOICE
R00072,7,Date: 26-Mar-2025,DATE
R00072,8,--------------------------------------------,OTHER
R00072,9,Item                     Qty          Amount,OTHER
R00072,10,"Airport Transfer           2        1,682.18",ITEM
R00072,11,"Outstation Cab             1        4,151.21",ITEM
R00072,12,"Airport Transfer           3        4,737.12",ITEM
R00072,13,"City Taxi                  3        1,004.16",ITEM
R00072,14,"City Taxi                  3        1,738.20",ITEM
R00072,15,"Outstation Cab             1        3,401.34",ITEM
R00072,16,--------------------------------------------,OTHER
R00072,17,Total Qty: 13,OTHER
R00072,18,"Subtotal:                          16,714.21",SUBTOTAL
R00072,19,CGST @ 2.5%:                          417.86,TAX
R00072,20,SGST @ 2.5%:                          417.85,TAX
R00072,21,Round Off:                              0.08,TAX
R00072,22,"Net Payable:                       17,550.00",TOTAL
R00072,23,--------------------------------------------,OTHER
R00072,24,THANK YOU VISIT AGAIN,FOOTER
R00073,0,BHARAT PETROLEUM OUTLET,VENDOR
R00073,1,"NH-8 Bandra East, Mumbai 400051",ADDRESS
R00073,2,Ph: 9820011122,ADDRESS
R00073,3,GSTIN/UIN: 27AAACB1111P1ZW,GSTIN
R00073,4,CASH MEMO,OTHER
R00073,5,--------------------------------------------,OTHER
R00073,6,Receipt No: INV-2024-02541,INVOICE
R00073,7,Date of Supply: 2025-06-09,DATE
R00073,8,--------------------------------------------,OTHER
R00073,9,Product                 Litres          Amount,OTHER
R00073,10,Diesel                     5          472.20,ITEM
R00073,11,"Petrol                    18        1,800.00",ITEM
R00073,12,--------------------------------------------,OTHER
R00073,13,"Total Before Tax:                   2,272.20",SUBTOTAL
R00073,14,Round Off Adj:                         -0.20,TAX
R00073,15,"Total:                              2,272.00",TOTAL
R00073,16,--------------------------------------------,OTHER
R00073,17,Goods once sold will not be taken back,FOOTER
R00073,18,UPI Payment,FOOTER
R00074,0,SHELL SELECT FUEL POINT,VENDOR
R00074,1,"Whitefield Main Rd, Bengaluru 560066",ADDRESS
R00074,2,GST No.: 29AAACS9911A1ZI,GSTIN
R00074,3,RETAIL INVOICE,OTHER
R00074,4,--------------------------------------------,OTHER
R00074,5,Dated: 22-02-2025,DATE
R00074,6,Invoice Number: BILL-2025-66826,INVOICE
R00074,7,--------------------------------------------,OTHER
R00074,8,Product                 Litres          Amount,OTHER
R00074,9,"Diesel                    14        1,339.52",ITEM
R00074,10,CNG                        7          602.70,ITEM
R00074,11,--------------------------------------------,OTHER
R00074,12,"Subtotal:                           1,942.22",SUBTOTAL
R00074,13,Rounding:                              -0.22,TAX
R00074,14,"Net Payable:                       ₹1,942.00",TOTAL
R00074,15,--------------------------------------------,OTHER
R00074,16,Goods once sold will not be taken back,FOOTER
R00074,17,Card Payment,FOOTER
R00075,0,ANNAPURNA RESTAURANT,VENDOR
R00075,1,"22 Koramangala 5th Blk, Bengaluru 560034",ADDRESS
R00075,2,Ph: 9845112233,ADDRESS
R00075,3,GSTIN/UIN: 29AABCA1234M1ZQ,GSTIN
R00075,4,TAX INVOICE,OTHER
R00075,5,--------------------------------------------,OTHER
R00075,6,Bill No: RCPT-2025-75949,INVOICE
R00075,7,Date: 01-09-2025,DATE
R00075,8,Table: 1   Covers: 4,OTHER
R00075,9,--------------------------------------------,OTHER
R00075,10,Item                     Qty          Amount,OTHER
R00075,11,Paneer Butter Masala       1          313.69,ITEM
R00075,12,Biryani                    3          597.63,ITEM
R00075,13,Butter Naan                2           87.94,ITEM
R00075,14,Filter Coffee              3          140.13,ITEM
R00075,15,"Biryani                    3        1,030.11",ITEM
R00075,16,Paneer Butter Masala       1          198.71,ITEM
R00075,17,--------------------------------------------,OTHER
R00075,18,Total Qty: 13,OTHER
R00075,19,"Total Before Tax:                   2,368.21",SUBTOTAL
R00075,20,CGST @ 2.5%:                           59.21,TAX
R00075,21,SGST @ 2.5%:                           59.20,TAX
R00075,22,Rounding:                               0.38,TAX
R00075,23,"Net Payable:                       ₹2,487.00",TOTAL
R00075,24,--------------------------------------------,OTHER
R00075,25,Thank you for your business,FOOTER
R00076,0,BHARAT PETROLEUM OUTLET,VENDOR
R00076,1,"NH-8 Bandra East, Mumbai 400051",ADDRESS
R00076,2,GSTIN/UIN: 27AAACB1111P1ZW,GSTIN
R00076,3,GST INVOICE,OTHER
R00076,4,--------------------------------------------,OTHER
R00076,5,Dated: 2025-03-16,DATE
R00076,6,Cash Memo No: BILL-2025-89354,INVOICE
R00076,7,--------------------------------------------,OTHER
R00076,8,Product                 Litres          Amount,OTHER
R00076,9,"Petrol                    40        4,145.60",ITEM
R00076,10,"Petrol                    33        3,353.79",ITEM
R00076,11,--------------------------------------------,OTHER
R00076,12,"Taxable Value:                      7,499.39",SUBTOTAL
R00076,13,Rounding:                              -0.39,TAX
R00076,14,"Bill Total:                        ₹7,499.00",TOTAL
R00076,15,--------------------------------------------,OTHER
R00076,16,*** CUSTOMER COPY ***,FOOTER
R00076,17,Cash Payment,FOOTER
R00077,0,BENGAL BOOK DEPOT,VENDOR
R00077,1,"6 Park Street, Kolkata 700016",ADDRESS
R00077,2,Ph: 9830011234,ADDRESS
R00077,3,GST No.: 19AACCB3456W1ZT,GSTIN
R00077,4,CASH MEMO,OTHER
R00077,5,--------------------------------------------,OTHER
R00077,6,Bill Date: 14-Jun-2025,DATE
R00077,7,Bill No: RCPT-2024-38829,INVOICE
R00077,8,--------------------------------------------,OTHER
R00077,9,Item                     Qty          Amount,OTHER
R00077,10,A4 Paper Ream              1          307.31,ITEM
R00077,11,Stapler                    3          500.22,ITEM
R00077,12,Marker Pen                 2          101.30,ITEM
R00077,13,--------------------------------------------,OTHER
R00077,14,Total Qty: 6,OTHER
R00077,15,Taxable Value:                        908.83,SUBTOTAL
R00077,16,IGST @ 18%:                           163.59,TAX
R00077,17,Round Off:                             -0.42,TAX
R00077,18,"Net Payable:                        1,072.00",TOTAL
R00077,19,--------------------------------------------,OTHER
R00077,20,*** CUSTOMER COPY ***,FOOTER
R00078,0,SHELL SELECT FUEL POINT,VENDOR
R00078,1,"Whitefield Main Rd, Bengaluru 560066",ADDRESS
R00078,2,Ph: 9845077889,ADDRESS
R00078,3,GST No.: 29AAACS9911A1ZI,GSTIN
R00078,4,CASH MEMO,OTHER
R00078,5,--------------------------------------------,OTHER
R00078,6,Invoice No: INV-2025-55317,INVOICE
R00078,7,Date: 13.01.2025,DATE
R00078,8,--------------------------------------------,OTHER
R00078,9,Product                 Litres          Amount,OTHER
R00078,10,"Petrol                    12        1,187.04",ITEM
R00078,11,--------------------------------------------,OTHER
R00078,12,"Taxable Amount:                     1,187.04",SUBTOTAL
R00078,13,Rounding:                              -0.04,TAX
R00078,14,"Net Payable:                       ₹1,187.00",TOTAL
R00078,15,--------------------------------------------,OTHER
R00078,16,Goods once sold will not be taken back,FOOTER
R00078,17,Card Payment,FOOTER
R00079,0,SHELL SELECT FUEL POINT,VENDOR
R00079,1,"Whitefield Main Rd, Bengaluru 560066",ADDRESS
R00079,2,Ph: 9845077889,ADDRESS
R00079,3,GST Reg No: 29AAACS9911A1ZI,GSTIN
R00079,4,GST INVOICE,OTHER
R00079,5,--------------------------------------------,OTHER
R00079,6,Dated: 2025-02-02,DATE
R00079,7,Invoice No: INV-2025-08437,INVOICE
R00079,8,--------------------------------------------,OTHER
R00079,9,Product                 Litres          Amount,OTHER
R00079,10,"Diesel                    19        1,706.96",ITEM
R00079,11,--------------------------------------------,OTHER
R00079,12,"Taxable Amount:                     1,706.96",SUBTOTAL
R00079,13,Round Off:                              0.04,TAX
R00079,14,"Net Payable:                       ₹1,707.00",TOTAL
R00079,15,--------------------------------------------,OTHER
R00079,16,Thank you for your business,FOOTER
R00079,17,Card Payment,FOOTER
R00080,0,Deccan Office Supplies,VENDOR
R00080,1,"12 Madhapur, Hyderabad 500032",ADDRESS
R00080,2,Ph: 9848077665,ADDRESS
R00080,3,GSTIN: 36AAGCD8899T1Z8,GSTIN
R00080,4,RETAIL INVOICE,OTHER
R00080,5,--------------------------------------------,OTHER
R00080,6,Inv No: RCPT-2024-07236,INVOICE
R00080,7,Bill Date: 2025-02-06,DATE
R00080,8,--------------------------------------------,OTHER
R00080,9,Item                     Qty          Amount,OTHER
R00080,10,Notebook 200pg             2          232.02,ITEM
R00080,11,"Printer Ink                3        2,619.96",ITEM
R00080,12,Notebook 200pg             2          176.04,ITEM
R00080,13,"Stapler                    4        1,021.68",ITEM
R00080,14,A4 Paper Ream              1          293.42,ITEM
R00080,15,File Folder                3          166.59,ITEM
R00080,16,--------------------------------------------,OTHER
R00080,17,Total Qty: 15,OTHER
R00080,18,"Taxable Amount:                     4,509.71",SUBTOTAL
R00080,19,CGST @ 9%:                            405.88,TAX
R00080,20,SGST @ 9%:                            405.87,TAX
R00080,21,Round Off Adj:                         -0.46,TAX
R00080,22,"Total:                              5,321.00",TOTAL
R00080,23,--------------------------------------------,OTHER
R00080,24,Thank you for your business,FOOTER
R00081,0,BENGAL BOOK DEPOT,VENDOR
R00081,1,"6 Park Street, Kolkata 700016",ADDRESS
R00081,2,Ph: 9830011234,ADDRESS
R00081,3,GSTIN/UIN: 19AACCB3456W1ZT,GSTIN
R00081,4,RETAIL INVOICE,OTHER
R00081,5,--------------------------------------------,OTHER
R00081,6,Receipt No: RCPT-2024-70267,INVOICE
R00081,7,Date of Supply: 2025-02-15,DATE
R00081,8,--------------------------------------------,OTHER
R00081,9,Item                     Qty          Amount,OTHER
R00081,10,A4 Paper Ream              2          631.40,ITEM
R00081,11,Marker Pen                 2           61.18,ITEM
R00081,12,Marker Pen                 1           31.46,ITEM
R00081,13,File Folder                4          249.64,ITEM
R00081,14,--------------------------------------------,OTHER
R00081,15,Taxable Value:                        973.68,SUBTOTAL
R00081,16,CGST @ 9%:                             87.63,TAX
R00081,17,SGST @ 9%:                             87.63,TAX
R00081,18,Rounding:                               0.06,TAX
R00081,19,"Net Payable:                        1,149.00",TOTAL
R00081,20,--------------------------------------------,OTHER
R00081,21,THANK YOU VISIT AGAIN,FOOTER
R00082,0,PARK STREET CAFE,VENDOR
R00082,1,"40 Park Street, Kolkata 700017",ADDRESS
R00082,2,Ph: 9830044332,ADDRESS
R00082,3,GST No.: 19AAFCP7890X1ZW,GSTIN
R00082,4,GST INVOICE,OTHER
R00082,5,--------------------------------------------,OTHER
R00082,6,Date of Supply: 13/07/2025,DATE
R00082,7,Invoice No: INV-2024-12573,INVOICE
R00082,8,Table: 5   Covers: 7,OTHER
R00082,9,--------------------------------------------,OTHER
R00082,10,Item                     Qty          Amount,OTHER
R00082,11,Filter Coffee              2          102.70,ITEM
R00082,12,Paneer Butter Masala       3          663.75,ITEM
R00082,13,Masala Dosa                1          129.41,ITEM
R00082,14,Paneer Butter Masala       1          269.29,ITEM
R00082,15,Biryani                    2          402.84,ITEM
R00082,16,Filter Coffee              2          103.26,ITEM
R00082,17,--------------------------------------------,OTHER
R00082,18,Total Qty: 11,OTHER
R00082,19,"Sub Total:                          1,671.25",SUBTOTAL
R00082,20,CGST @ 2.5%:                           41.78,TAX
R00082,21,SGST @ 2.5%:                           41.78,TAX
R00082,22,Round Off Adj:                          0.19,TAX
R00082,23,"Amount Payable:                     1,755.00",TOTAL
R00082,24,--------------------------------------------,OTHER
R00082,25,*** CUSTOMER COPY ***,FOOTER
R00082,26,Cash Payment,FOOTER
R00083,0,KUMAR MEDICALS,VENDOR
R00083,1,"44 Kalkaji Main Rd, New Delhi 110019",ADDRESS
R00083,2,Ph: 9811099887,ADDRESS
R00083,3,GSTIN/UIN: 07AAFCK3321L1ZK,GSTIN
R00083,4,CASH MEMO,OTHER
R00083,5,--------------------------------------------,OTHER
R00083,6,Receipt No: BILL-2024-70066,INVOICE
R00083,7,Bill Date: 03-02-2025,DATE
R00083,8,--------------------------------------------,OTHER
R00083,9,Item                     Qty          Amount,OTHER
R00083,10,Antiseptic Liquid          4          693.00,ITEM
R00083,11,Vitamin D3                 2          282.42,ITEM
R00083,12,Digital Thermometer        2          716.78,ITEM
R00083,13,Vitamin D3                 2          519.38,ITEM
R00083,14,--------------------------------------------,OTHER
R00083,15,"Taxable Value:                      2,211.58",SUBTOTAL
R00083,16,CGST @ 6%:                            132.70,TAX
R00083,17,SGST @ 6%:                            132.69,TAX
R00083,18,Round Off:                              0.03,TAX
R00083,19,"Total Amount:                       2,477.00",TOTAL
R00083,20,--------------------------------------------,OTHER
R00083,21,Subject to local jurisdiction,FOOTER
R00083,22,Card Payment,FOOTER
R00084,0,PATEL STORES,VENDOR
R00084,1,"31 Adajan, Surat 395007",ADDRESS
R00084,2,Ph: 9825099001,ADDRESS
R00084,3,GST No.: 24AAHCP6677V1Z8,GSTIN
R00084,4,CASH MEMO,OTHER
R00084,5,--------------------------------------------,OTHER
R00084,6,Cash Memo No: INV-2025-39044,INVOICE
R00084,7,Dated: 12-Apr-2025,DATE
R00084,8,--------------------------------------------,OTHER
R00084,9,Item                     Qty          Amount,OTHER
R00084,10,Milk 1L                    3          206.22,ITEM
R00084,11,Toor Dal 1kg               1          163.97,ITEM
R00084,12,"Basmati Rice 5kg           3        1,623.48",ITEM
R00084,13,Milk 1L                    4          219.00,ITEM
R00084,14,--------------------------------------------,OTHER
R00084,15,Total Qty: 11,OTHER
R00084,16,"Total Before Tax:                   2,212.67",SUBTOTAL
R00084,17,CGST @ 2.5%:                           55.32,TAX
R00084,18,SGST @ 2.5%:                           55.31,TAX
R00084,19,Round Off:                             -0.30,TAX
R00084,20,"Amount Payable:                     2,323.00",TOTAL
R00084,21,--------------------------------------------,OTHER
R00084,22,THANK YOU VISIT AGAIN,FOOTER
R00084,23,Card Payment,FOOTER
R00085,0,SHELL SELECT FUEL POINT,VENDOR
R00085,1,"Whitefield Main Rd, Bengaluru 560066",ADDRESS
R00085,2,Ph: 9845077889,ADDRESS
R00085,3,GSTIN/UIN: 29AAACS9911A1ZI,GSTIN
R00085,4,TAX INVOICE,OTHER
R00085,5,--------------------------------------------,OTHER
R00085,6,Cash Memo No: RCPT-2025-48146,INVOICE
R00085,7,Invoice Date: 14-Mar-2025,DATE
R00085,8,--------------------------------------------,OTHER
R00085,9,Product                 Litres          Amount,OTHER
R00085,10,Diesel                    10          946.40,ITEM
R00085,11,--------------------------------------------,OTHER
R00085,12,Sub Total:                            946.40,SUBTOTAL
R00085,13,Round Off:                             -0.40,TAX
R00085,14,Total:                                946.00,TOTAL
R00085,15,--------------------------------------------,OTHER
R00085,16,*** CUSTOMER COPY ***,FOOTER
R00086,0,PARK STREET CAFE,VENDOR
R00086,1,"40 Park Street, Kolkata 700017",ADDRESS
R00086,2,Ph: 9830044332,ADDRESS
R00086,3,GSTIN: 19AAFCP7890X1ZW,GSTIN
R00086,4,TAX INVOICE,OTHER
R00086,5,--------------------------------------------,OTHER
R00086,6,Date: 30/08/2025,DATE
R00086,7,Inv No: BILL-2025-38189,INVOICE
R00086,8,--------------------------------------------,OTHER
R00086,9,Item                     Qty          Amount,OTHER
R00086,10,Veg Thali                  2          423.38,ITEM
R00086,11,Butter Naan                4          237.20,ITEM
R00086,12,Butter Naan                4          210.88,ITEM
R00086,13,Butter Naan                1           57.46,ITEM
R00086,14,Biryani                    4          966.00,ITEM
R00086,15,Biryani                    2          502.88,ITEM
R00086,16,--------------------------------------------,OTHER
R00086,17,"Taxable Value:                      2,397.80",SUBTOTAL
R00086,18,CGST @ 2.5%:                           59.95,TAX
R00086,19,SGST @ 2.5%:                           59.94,TAX
R00086,20,Round Off Adj:                          0.31,TAX
R00086,21,"Grand Total:                       ₹2,518.00",TOTAL
R00086,22,--------------------------------------------,OTHER
R00086,23,Goods once sold will not be taken back,FOOTER
R00087,0,INDIAN OIL FUEL STATION,VENDOR
R00087,1,"OMR Perungudi, Chennai 600096",ADDRESS
R00087,2,Ph: 9840055667,ADDRESS
R00087,3,GST Reg No: 33AAACI0123R1ZQ,GSTIN
R00087,4,GST INVOICE,OTHER
R00087,5,--------------------------------------------,OTHER
R00087,6,Invoice Date: 2025-03-27,DATE
R00087,7,Receipt No: INV-2024-04240,INVOICE
R00087,8,--------------------------------------------,OTHER
R00087,9,Product                 Litres          Amount,OTHER
R00087,10,"Petrol                    44        4,471.72",ITEM
R00087,11,"CNG                       26        2,050.62",ITEM
R00087,12,--------------------------------------------,OTHER
R00087,13,"Subtotal:                           6,522.34",SUBTOTAL
R00087,14,Round Off:                             -0.34,TAX
R00087,15,"Amount Payable:                     6,522.00",TOTAL
R00087,16,--------------------------------------------,OTHER
R00087,17,Subject to local jurisdiction,FOOTER
R00087,18,Card Payment,FOOTER
R00088,0,APOLLO PHARMACY OUTLET,VENDOR
R00088,1,"Rajiv Gandhi Salai, Chennai 600028",ADDRESS
R00088,2,Ph: 9840099887,ADDRESS
R00088,3,GST Reg No: 33AAACA6677D1ZW,GSTIN
R00088,4,GST INVOICE,OTHER
R00088,5,--------------------------------------------,OTHER
R00088,6,Date: 05.08.2025,DATE
R00088,7,Inv No: BILL-2025-69483,INVOICE
R00088,8,--------------------------------------------,OTHER
R00088,9,Item                     Qty          Amount,OTHER
R00088,10,Digital Thermometer        1          325.22,ITEM
R00088,11,Antiseptic Liquid          1          173.06,ITEM
R00088,12,Vitamin D3                 4          558.76,ITEM
R00088,13,Vitamin D3                 2          278.30,ITEM
R00088,14,Vitamin D3                 2          377.06,ITEM
R00088,15,--------------------------------------------,OTHER
R00088,16,Total Qty: 10,OTHER
R00088,17,"Taxable Value:                      1,712.40",SUBTOTAL
R00088,18,CGST @ 6%:                            102.75,TAX
R00088,19,SGST @ 6%:                            102.74,TAX
R00088,20,Round Off:                              0.11,TAX
R00088,21,"Total Amount:                       1,918.00",TOTAL
R00088,22,--------------------------------------------,OTHER
R00088,23,*** CUSTOMER COPY ***,FOOTER
R00089,0,Deccan Office Supplies,VENDOR
R00089,1,"12 Madhapur, Hyderabad 500032",ADDRESS
R00089,2,Ph: 9848077665,ADDRESS
R00089,3,GST No.: 36AAGCD8899T1Z8,GSTIN
R00089,4,RETAIL INVOICE,OTHER
R00089,5,--------------------------------------------,OTHER
R00089,6,Receipt No: INV-2025-58680,INVOICE
R00089,7,Invoice Date: 09.05.2025,DATE
R00089,8,--------------------------------------------,OTHER
R00089,9,Item                     Qty          Amount,OTHER
R00089,10,File Folder                1           49.77,ITEM
R00089,11,"Printer Ink                2        1,816.44",ITEM
R00089,12,Marker Pen                 4          211.24,ITEM
R00089,13,Marker Pen                 4          123.16,ITEM
R00089,14,--------------------------------------------,OTHER
R00089,15,"Taxable Value:                      2,200.61",SUBTOTAL
R00089,16,CGST @ 9%:                            198.06,TAX
R00089,17,SGST @ 9%:                            198.05,TAX
R00089,18,Round Off Adj:                          0.28,TAX
R00089,19,"Total:                             ₹2,597.00",TOTAL
R00089,20,--------------------------------------------,OTHER
R00089,21,Thank you for your business,FOOTER
R00089,22,UPI Payment,FOOTER
R00090,0,CAFE COFFEE JUNCTION,VENDOR
R00090,1,"8 Indiranagar, Bengaluru 560095",ADDRESS
R00090,2,Ph: 9845033445,ADDRESS
R00090,3,GSTIN: 29AAECC2233B1Z7,GSTIN
R00090,4,GST INVOICE,OTHER
R00090,5,--------------------------------------------,OTHER
R00090,6,Bill No: BILL-2025-45711,INVOICE
R00090,7,Date of Supply: 31-07-2025,DATE
R00090,8,--------------------------------------------,OTHER
R00090,9,Item                     Qty          Amount,OTHER
R00090,10,Biryani                    3          997.29,ITEM
R00090,11,Masala Dosa                4          551.68,ITEM
R00090,12,Veg Thali                  4          777.92,ITEM
R00090,13,Butter Naan                1           59.33,ITEM
R00090,14,Biryani                    2          720.92,ITEM
R00090,15,Filter Coffee              2           88.84,ITEM
R00090,16,--------------------------------------------,OTHER
R00090,17,"Taxable Amount:                     3,195.98",SUBTOTAL
R00090,18,CGST @ 2.5%:                           79.90,TAX
R00090,19,SGST @ 2.5%:                           79.90,TAX
R00090,20,Round Off Adj:                          0.22,TAX
R00090,21,"Amount Payable:                     3,356.00",TOTAL
R00090,22,--------------------------------------------,OTHER
R00090,23,Thank you for your business,FOOTER
R00091,0,RELIANCE FRESH SUPERMARKET,VENDOR
R00091,1,"Shop 4 Kurla West, Mumbai 400070",ADDRESS
R00091,2,Ph: 9820044556,ADDRESS
R00091,3,GST No.: 27AAACR5055K1Z7,GSTIN
R00091,4,RETAIL INVOICE,OTHER
R00091,5,--------------------------------------------,OTHER
R00091,6,Invoice No: BILL-2025-60942,INVOICE
R00091,7,Date: 29/05/2025,DATE
R00091,8,--------------------------------------------,OTHER
R00091,9,Item                     Qty          Amount,OTHER
R00091,10,Sunflower Oil 1L           3          497.37,ITEM
R00091,11,Sunflower Oil 1L           3          529.56,ITEM
R00091,12,Sunflower Oil 1L           4          588.60,ITEM
R00091,13,"Basmati Rice 5kg           4        2,220.00",ITEM
R00091,14,Sugar 1kg                  4          226.68,ITEM
R00091,15,Milk 1L                    4          264.88,ITEM
R00091,16,--------------------------------------------,OTHER
R00091,17,"Taxable Amount:                     4,327.09",SUBTOTAL
R00091,18,CGST @ 2.5%:                          108.18,TAX
R00091,19,SGST @ 2.5%:                          108.17,TAX
R00091,20,Round Off:                             -0.44,TAX
R00091,21,"Grand Total:                        4,543.00",TOTAL
R00091,22,--------------------------------------------,OTHER
R00091,23,THANK YOU VISIT AGAIN,FOOTER
R00092,0,Mumbai Print Solutions LLP,VENDOR
R00092,1,"21 Lower Parel, Mumbai 400013",ADDRESS
R00092,2,Ph: 9820077331,ADDRESS
R00092,3,GSTIN: 27AAFCM4455C1ZM,GSTIN
R00092,4,GST INVOICE,OTHER
R00092,5,--------------------------------------------,OTHER
R00092,6,Date of Supply: 24-08-2025,DATE
R00092,7,Inv No: BILL-2024-54842,INVOICE
R00092,8,--------------------------------------------,OTHER
R00092,9,Item                     Qty          Amount,OTHER
R00092,10,"Poster A2                  3        1,100.73",ITEM
R00092,11,Poster A2                  2          540.04,ITEM
R00092,12,"Brochure Print 100         4       13,287.40",ITEM
R00092,13,Poster A2                  1          338.82,ITEM
R00092,14,--------------------------------------------,OTHER
R00092,15,Total Qty: 10,OTHER
R00092,16,"Taxable Amount:                    15,266.99",SUBTOTAL
R00092,17,"CGST @ 9%:                          1,374.03",TAX
R00092,18,"SGST @ 9%:                          1,374.03",TAX
R00092,19,Rounding:                              -0.05,TAX
R00092,20,"Total:                             18,015.00",TOTAL
R00092,21,--------------------------------------------,OTHER
R00092,22,Subject to local jurisdiction,FOOTER
R00092,23,UPI Payment,FOOTER
R00093,0,Lucknow Travels Agencies,VENDOR
R00093,1,"3 Hazratganj, Lucknow 226001",ADDRESS
R00093,2,Ph: 9839011223,ADDRESS
R00093,3,GST No.: 09AAGCL1122Y1ZT,GSTIN
R00093,4,RETAIL INVOICE,OTHER
R00093,5,--------------------------------------------,OTHER
R00093,6,Invoice Date: 08/01/2025,DATE
R00093,7,Receipt No: BILL-2024-79274,INVOICE
R00093,8,--------------------------------------------,OTHER
R00093,9,Item                     Qty          Amount,OTHER
R00093,10,"Outstation Cab             3        6,917.28",ITEM
R00093,11,City Taxi                  1          536.32,ITEM
R00093,12,"Airport Transfer           2        2,048.10",ITEM
R00093,13,"Airport Transfer           4        6,918.12",ITEM
R00093,14,"Outstation Cab             2        9,328.02",ITEM
R00093,15,--------------------------------------------,OTHER
R00093,16,Total Qty: 12,OTHER
R00093,17,"Total Before Tax:                  25,747.84",SUBTOTAL
R00093,18,CGST @ 2.5%:                          643.70,TAX
R00093,19,SGST @ 2.5%:                          643.69,TAX
R00093,20,Round Off:                             -0.23,TAX
R00093,21,"Amount Payable:                    27,035.00",TOTAL
R00093,22,--------------------------------------------,OTHER
R00093,23,Subject to local jurisdiction,FOOTER
R00093,24,Card Payment,FOOTER
R00094,0,SARAVANA BHAVAN,VENDOR
R00094,1,"18 T Nagar, Chennai 600017",ADDRESS
R00094,2,GST No.: 33AAECS7788N1ZJ,GSTIN
R00094,3,CASH MEMO,OTHER
R00094,4,--------------------------------------------,OTHER
R00094,5,Date of Supply: 24-08-2025,DATE
R00094,6,Bill No: RCPT-2025-05611,INVOICE
R00094,7,Table: 11   Covers: 7,OTHER
R00094,8,--------------------------------------------,OTHER
R00094,9,Item                     Qty          Amount,OTHER
R00094,10,Butter Naan                1           41.57,ITEM
R00094,11,Biryani                    3          761.58,ITEM
R00094,12,Veg Thali                  4          734.32,ITEM
R00094,13,--------------------------------------------,OTHER
R00094,14,"Taxable Value:                      1,537.47",SUBTOTAL
R00094,15,CGST @ 2.5%:                           38.44,TAX
R00094,16,SGST @ 2.5%:                           38.43,TAX
R00094,17,Rounding:                              -0.34,TAX
R00094,18,"Grand Total:                       ₹1,614.00",TOTAL
R00094,19,--------------------------------------------,OTHER
R00094,20,Goods once sold will not be taken back,FOOTER
R00094,21,Cash Payment,FOOTER
R00095,0,APOLLO PHARMACY OUTLET,VENDOR
R00095,1,"Rajiv Gandhi Salai, Chennai 600028",ADDRESS
R00095,2,Ph: 9840099887,ADDRESS
R00095,3,GSTIN/UIN: 33AAACA6677D1ZW,GSTIN
R00095,4,GST INVOICE,OTHER
R00095,5,--------------------------------------------,OTHER
R00095,6,Invoice Date: 16-May-2025,DATE
R00095,7,Invoice Number: RCPT-2025-85259,INVOICE
R00095,8,--------------------------------------------,OTHER
R00095,9,Item                     Qty          Amount,OTHER
R00095,10,Antiseptic Liquid          3          449.40,ITEM
R00095,11,Digital Thermometer        3          580.47,ITEM
R00095,12,Vitamin D3                 4          951.16,ITEM
R00095,13,Digital Thermometer        3          694.20,ITEM
R00095,14,--------------------------------------------,OTHER
R00095,15,"Taxable Amount:                     2,675.23",SUBTOTAL
R00095,16,CGST @ 6%:                            160.52,TAX
R00095,17,SGST @ 6%:                            160.51,TAX
R00095,18,Rounding:                              -0.26,TAX
R00095,19,"Net Payable:                        2,996.00",TOTAL
R00095,20,--------------------------------------------,OTHER
R00095,21,*** CUSTOMER COPY ***,FOOTER
R00095,22,Cash Payment,FOOTER
R00096,0,HYDERABAD BIRYANI HOUSE,VENDOR
R00096,1,"5 Gachibowli, Hyderabad 500081",ADDRESS
R00096,2,Ph: 9848012345,ADDRESS
R00096,3,GST Reg No: 36AADCH4567S1ZS,GSTIN
R00096,4,RETAIL INVOICE,OTHER
R00096,5,--------------------------------------------,OTHER
R00096,6,Dated: 13-Apr-2025,DATE
R00096,7,Receipt No: RCPT-2024-42553,INVOICE
R00096,8,Table: 9   Covers: 5,OTHER
R00096,9,--------------------------------------------,OTHER
R00096,10,Item                     Qty          Amount,OTHER
R00096,11,Veg Thali                  1          176.14,ITEM
R00096,12,Veg Thali                  3          937.65,ITEM
R00096,13,Butter Naan                1           70.48,ITEM
R00096,14,Paneer Butter Masala       3          808.98,ITEM
R00096,15,"Biryani                    4        1,546.88",ITEM
R00096,16,--------------------------------------------,OTHER
R00096,17,"Taxable Value:                      3,540.13",SUBTOTAL
R00096,18,CGST @ 2.5%:                           88.51,TAX
R00096,19,SGST @ 2.5%:                           88.50,TAX
R00096,20,Round Off Adj:                         -0.14,TAX
R00096,21,"Total:                             ₹3,717.00",TOTAL
R00096,22,--------------------------------------------,OTHER
R00096,23,Subject to local jurisdiction,FOOTER
R00096,24,UPI Payment,FOOTER
R00097,0,ANNAPURNA RESTAURANT,VENDOR
R00097,1,"22 Koramangala 5th Blk, Bengaluru 560034",ADDRESS
R00097,2,Ph: 9845112233,ADDRESS
R00097,3,GSTIN: 29AABCA1234M1ZQ,GSTIN
R00097,4,RETAIL INVOICE,OTHER
R00097,5,--------------------------------------------,OTHER
R00097,6,Invoice Number: RCPT-2025-14084,INVOICE
R00097,7,Bill Date: 2025-01-15,DATE
R00097,8,Table: 10   Covers: 8,OTHER
R00097,9,--------------------------------------------,OTHER
R00097,10,Item                     Qty          Amount,OTHER
R00097,11,Butter Naan                3          154.77,ITEM
R00097,12,Butter Naan                1           54.46,ITEM
R00097,13,--------------------------------------------,OTHER
R00097,14,Total Qty: 4,OTHER
R00097,15,Taxable Value:                        209.23,SUBTOTAL
R00097,16,CGST @ 2.5%:                            5.23,TAX
R00097,17,SGST @ 2.5%:                            5.23,TAX
R00097,18,Round Off Adj:                          0.31,TAX
R00097,19,Amount Payable:                       220.00,TOTAL
R00097,20,--------------------------------------------,OTHER
R00097,21,Subject to local jurisdiction,FOOTER
R00098,0,Sharma Traders Pvt Ltd,VENDOR
R00098,1,"14 MG Road, Bengaluru 560001",ADDRESS
R00098,2,Ph: 9845012345,ADDRESS
R00098,3,GST Reg No: 29AAGCB7383J1Z4,GSTIN
R00098,4,RETAIL INVOICE,OTHER
R00098,5,--------------------------------------------,OTHER
R00098,6,Cash Memo No: TI-2025-03394,INVOICE
R00098,7,Date of Supply: 2025-05-15,DATE
R00098,8,--------------------------------------------,OTHER
R00098,9,Item                     Qty          Amount,OTHER
R00098,10,File Folder                1           37.26,ITEM
R00098,11,A4 Paper Ream              2          455.48,ITEM
R00098,12,--------------------------------------------,OTHER
R00098,13,Total Before Tax:                     492.74,SUBTOTAL
R00098,14,IGST @ 18%:                            88.69,TAX
R00098,15,Round Off:                             -0.43,TAX
R00098,16,Net Payable:                          581.00,TOTAL
R00098,17,--------------------------------------------,OTHER
R00098,18,THANK YOU VISIT AGAIN,FOOTER
R00099,0,HYDERABAD BIRYANI HOUSE,VENDOR
R00099,1,"5 Gachibowli, Hyderabad 500081",ADDRESS
R00099,2,Ph: 9848012345,ADDRESS
R00099,3,GST No.: 36AADCH4567S1ZS,GSTIN
R00099,4,TAX INVOICE,OTHER
R00099,5,--------------------------------------------,OTHER
R00099,6,Invoice Date: 2025-06-08,DATE
R00099,7,Inv No: BILL-2025-80581,INVOICE
R00099,8,Table: 3   Covers: 8,OTHER
R00099,9,--------------------------------------------,OTHER
R00099,10,Item                     Qty          Amount,OTHER
R00099,11,Veg Thali                  3          468.75,ITEM
R00099,12,Biryani                    1          352.39,ITEM
R00099,13,--------------------------------------------,OTHER
R00099,14,Taxable Amount:                       821.14,SUBTOTAL
R00099,15,CGST @ 2.5%:                           20.53,TAX
R00099,16,SGST @ 2.5%:                           20.53,TAX
R00099,17,Rounding:                              -0.20,TAX
R00099,18,Total:                               ₹862.00,TOTAL
R00099,19,--------------------------------------------,OTHER
R00099,20,*** CUSTOMER COPY ***,FOOTER
R00099,21,Cash Payment,FOOTER
R00100,0,SARAVANA BHAVAN,VENDOR
R00100,1,"18 T Nagar, Chennai 600017",ADDRESS
R00100,2,Ph: 9840011223,ADDRESS
R00100,3,GST No.: 33AAECS7788N1ZJ,GSTIN
R00100,4,RETAIL INVOICE,OTHER
R00100,5,--------------------------------------------,OTHER
R00100,6,Dated: 16.01.2025,DATE
R00100,7,Inv No: TI-2025-28539,INVOICE
R00100,8,Table: 10   Covers: 6,OTHER
R00100,9,--------------------------------------------,OTHER
R00100,10,Item                     Qty          Amount,OTHER
R00100,11,Masala Dosa                3          398.70,ITEM
R00100,12,Biryani                    2          636.52,ITEM
R00100,13,Veg Thali                  4          728.48,ITEM
R00100,14,--------------------------------------------,OTHER
R00100,15,"Taxable Value:                      1,763.70",SUBTOTAL
R00100,16,CGST @ 2.5%:                           44.10,TAX
R00100,17,SGST @ 2.5%:                           44.09,TAX
R00100,18,Round Off Adj:                          0.11,TAX
R00100,19,"Grand Total:                        1,852.00",TOTAL
R00100,20,--------------------------------------------,OTHER
R00100,21,Subject to local jurisdiction,FOOTER
R00100,22,Cash Payment,FOOTER
R00101,0,Mumbai Print Solutions LLP,VENDOR
R00101,1,"21 Lower Parel, Mumbai 400013",ADDRESS
R00101,2,Ph: 9820077331,ADDRESS
R00101,3,GSTIN: 27AAFCM4455C1ZM,GSTIN
R00101,4,TAX INVOICE,OTHER
R00101,5,--------------------------------------------,OTHER
R00101,6,Dated: 14-06-2025,DATE
R00101,7,Bill No: INV-2025-38042,INVOICE
R00101,8,--------------------------------------------,OTHER
R00101,9,Item                     Qty          Amount,OTHER
R00101,10,Poster A2                  3          777.33,ITEM
R00101,11,"Brochure Print 100         3        9,485.37",ITEM
R00101,12,"Brochure Print 100         4        7,765.28",ITEM
R00101,13,--------------------------------------------,OTHER
R00101,14,"Subtotal:                          18,027.98",SUBTOTAL
R00101,15,"CGST @ 9%:                          1,622.52",TAX
R00101,16,"SGST @ 9%:                          1,622.52",TAX
R00101,17,Round Off:                             -0.02,TAX
R00101,18,"Amount Payable:                    21,273.00",TOTAL
R00101,19,--------------------------------------------,OTHER
R00101,20,*** CUSTOMER COPY ***,FOOTER
R00101,21,Cash Payment,FOOTER
R00102,0,INDIAN OIL FUEL STATION,VENDOR
R00102,1,"OMR Perungudi, Chennai 600096",ADDRESS
R00102,2,Ph: 9840055667,ADDRESS
R00102,3,GSTIN/UIN: 33AAACI0123R1ZQ,GSTIN
R00102,4,TAX INVOICE,OTHER
R00102,5,--------------------------------------------,OTHER
R00102,6,Bill Date: 10-07-2025,DATE
R00102,7,Cash Memo No: RCPT-2024-14417,INVOICE
R00102,8,--------------------------------------------,OTHER
R00102,9,Product                 Litres          Amount,OTHER
R00102,10,"Diesel                    17        1,611.26",ITEM
R00102,11,"Diesel                    39        3,539.64",ITEM
R00102,12,--------------------------------------------,OTHER
R00102,13,"Subtotal:                           5,150.90",SUBTOTAL
R00102,14,Round Off:                              0.10,TAX
R00102,15,"Total:                              5,151.00",TOTAL
R00102,16,--------------------------------------------,OTHER
R00102,17,Thank you for your business,FOOTER
R00102,18,UPI Payment,FOOTER
R00103,0,INDIAN OIL FUEL STATION,VENDOR
R00103,1,"OMR Perungudi, Chennai 600096",ADDRESS
R00103,2,Ph: 9840055667,ADDRESS
R00103,3,GST No.: 33AAACI0123R1ZQ,GSTIN
R00103,4,GST INVOICE,OTHER
R00103,5,--------------------------------------------,OTHER
R00103,6,Invoice Number: TI-2025-05629,INVOICE
R00103,7,Date: 28-06-2025,DATE
R00103,8,--------------------------------------------,OTHER
R00103,9,Product                 Litres          Amount,OTHER
R00103,10,"Petrol                    40        3,916.00",ITEM
R00103,11,"Diesel                    16        1,481.28",ITEM
R00103,12,--------------------------------------------,OTHER
R00103,13,"Taxable Value:                      5,397.28",SUBTOTAL
R00103,14,Round Off Adj:                         -0.28,TAX
R00103,15,"Total:                             ₹5,397.00",TOTAL
R00103,16,--------------------------------------------,OTHER
R00103,17,THANK YOU VISIT AGAIN,FOOTER
R00104,0,ANNAPURNA RESTAURANT,VENDOR
R00104,1,"22 Koramangala 5th Blk, Bengaluru 560034",ADDRESS
R00104,2,Ph: 9845112233,ADDRESS
R00104,3,GSTIN/UIN: 29AABCA1234M1ZQ,GSTIN
R00104,4,TAX INVOICE,OTHER
R00104,5,--------------------------------------------,OTHER
R00104,6,Cash Memo No: TI-2024-89785,INVOICE
R00104,7,Date: 10-Jan-2025,DATE
R00104,8,Table: 23   Covers: 3,OTHER
R00104,9,--------------------------------------------,OTHER
R00104,10,Item                     Qty          Amount,OTHER
R00104,11,Filter Coffee              4          218.76,ITEM
R00104,12,Filter Coffee              2          110.76,ITEM
R00104,13,--------------------------------------------,OTHER
R00104,14,Taxable Amount:                       329.52,SUBTOTAL
R00104,15,CGST @ 2.5%:                            8.24,TAX
R00104,16,SGST @ 2.5%:                            8.24,TAX
R00104,17,Total Amount:                        ₹346.00,TOTAL
R00104,18,--------------------------------------------,OTHER
R00104,19,THANK YOU VISIT AGAIN,FOOTER
R00104,20,Cash Payment,FOOTER
R00105,0,APOLLO PHARMACY OUTLET,VENDOR
R00105,1,"Rajiv Gandhi Salai, Chennai 600028",ADDRESS
R00105,2,GSTIN: 33AAACA6677D1ZW,GSTIN
R00105,3,RETAIL INVOICE,OTHER
R00105,4,--------------------------------------------,OTHER
R00105,5,"Dated: Jun 17, 2025",DATE
R00105,6,Invoice No: BILL-2024-22008,INVOICE
R00105,7,--------------------------------------------,OTHER
R00105,8,Item                     Qty          Amount,OTHER
R00105,9,"Digital Thermometer        3        1,252.98",ITEM
R00105,10,Antiseptic Liquid          2          224.98,ITEM
R00105,11,Digital Thermometer        1          216.82,ITEM
R00105,12,Antiseptic Liquid          3          378.72,ITEM
R00105,13,Paracetamol Strip          4          111.92,ITEM
R00105,14,--------------------------------------------,OTHER
R00105,15,"Taxable Value:                      2,185.42",SUBTOTAL
R00105,16,CGST @ 6%:                            131.13,TAX
R00105,17,SGST @ 6%:                            131.12,TAX
R00105,18,Round Off:                              0.33,TAX
R00105,19,"Total:                             ₹2,448.00",TOTAL
R00105,20,--------------------------------------------,OTHER
R00105,21,Thank you for your business,FOOTER
R00105,22,UPI Payment,FOOTER
R00106,0,SARAVANA BHAVAN,VENDOR
R00106,1,"18 T Nagar, Chennai 600017",ADDRESS
R00106,2,GSTIN: 33AAECS7788N1ZJ,GSTIN
R00106,3,RETAIL INVOICE,OTHER
R00106,4,--------------------------------------------,OTHER
R00106,5,Bill Date: 22/08/2025,DATE
R00106,6,Inv No: INV-2024-79896,INVOICE
R00106,7,Table: 7   Covers: 6,OTHER
R00106,8,--------------------------------------------,OTHER
R00106,9,Item                     Qty          Amount,OTHER
R00106,10,Paneer Butter Masala       1          238.92,ITEM
R00106,11,Biryani                    3          749.34,ITEM
R00106,12,Filter Coffee              2          113.74,ITEM
R00106,13,Filter Coffee              4          163.64,ITEM
R00106,14,--------------------------------------------,OTHER
R00106,15,Total Qty: 10,OTHER
R00106,16,"Taxable Value:                      1,265.64",SUBTOTAL
R00106,17,CGST @ 2.5%:                           31.64,TAX
R00106,18,SGST @ 2.5%:                           31.64,TAX
R00106,19,Round Off:                              0.08,TAX
R00106,20,"Net Payable:                        1,329.00",TOTAL
R00106,21,--------------------------------------------,OTHER
R00106,22,Subject to local jurisdiction,FOOTER
R00107,0,RELIANCE FRESH SUPERMARKET,VENDOR
R00107,1,"Shop 4 Kurla West, Mumbai 400070",ADDRESS
R00107,2,Ph: 9820044556,ADDRESS
R00107,3,GST No.: 27AAACR5055K1Z7,GSTIN
R00107,4,CASH MEMO,OTHER
R00107,5,--------------------------------------------,OTHER
R00107,6,Bill No: RCPT-2024-02514,INVOICE
R00107,7,Date of Supply: 27-04-2025,DATE
R00107,8,--------------------------------------------,OTHER
R00107,9,Item                     Qty          Amount,OTHER
R00107,10,Milk 1L                    1           53.34,ITEM
R00107,11,Sugar 1kg                  2          101.48,ITEM
R00107,12,--------------------------------------------,OTHER
R00107,13,Subtotal:                             154.82,SUBTOTAL
R00107,14,CGST @ 2.5%:                            3.87,TAX
R00107,15,SGST @ 2.5%:                            3.87,TAX
R00107,16,Round Off Adj:                          0.44,TAX
R00107,17,Total Amount:                         163.00,TOTAL
R00107,18,--------------------------------------------,OTHER
R00107,19,Subject to local jurisdiction,FOOTER
R00108,0,Mumbai Print Solutions LLP,VENDOR
R00108,1,"21 Lower Parel, Mumbai 400013",ADDRESS
R00108,2,Ph: 9820077331,ADDRESS
R00108,3,GST Reg No: 27AAFCM4455C1ZM,GSTIN
R00108,4,RETAIL INVOICE,OTHER
R00108,5,--------------------------------------------,OTHER
R00108,6,Invoice Date: 07-08-2025,DATE
R00108,7,Invoice Number: INV-2025-71746,INVOICE
R00108,8,--------------------------------------------,OTHER
R00108,9,Item                     Qty          Amount,OTHER
R00108,10,"Brochure Print 100         4       12,332.52",ITEM
R00108,11,Business Cards 500         1          573.55,ITEM
R00108,12,"Business Cards 500         2        1,167.20",ITEM
R00108,13,--------------------------------------------,OTHER
R00108,14,Total Qty: 7,OTHER
R00108,15,"Sub Total:                         14,073.27",SUBTOTAL
R00108,16,"CGST @ 9%:                          1,266.60",TAX
R00108,17,"SGST @ 9%:                          1,266.59",TAX
R00108,18,Round Off:                             -0.46,TAX
R00108,19,"Total:                             16,606.00",TOTAL
R00108,20,--------------------------------------------,OTHER
R00108,21,Goods once sold will not be taken back,FOOTER
R00109,0,RELIANCE FRESH SUPERMARKET,VENDOR
R00109,1,"Shop 4 Kurla West, Mumbai 400070",ADDRESS
R00109,2,Ph: 9820044556,ADDRESS
R00109,3,GST Reg No: 27AAACR5055K1Z7,GSTIN
R00109,4,RETAIL INVOICE,OTHER
R00109,5,--------------------------------------------,OTHER
R00109,6,Date: 2025-04-17,DATE
R00109,7,Invoice No: INV-2025-84124,INVOICE
R00109,8,--------------------------------------------,OTHER
R00109,9,Item                     Qty          Amount,OTHER
R00109,10,Toor Dal 1kg               1          152.98,ITEM
R00109,11,Sugar 1kg                  2           87.02,ITEM
R00109,12,Atta 5kg                   1          279.48,ITEM
R00109,13,Atta 5kg                   3          737.10,ITEM
R00109,14,Sugar 1kg                  3          150.42,ITEM
R00109,15,--------------------------------------------,OTHER
R00109,16,"Sub Total:                          1,407.00",SUBTOTAL
R00109,17,CGST @ 2.5%:                           35.18,TAX
R00109,18,SGST @ 2.5%:                           35.17,TAX
R00109,19,Round Off:                             -0.35,TAX
R00109,20,"Amount Payable:                    ₹1,477.00",TOTAL
R00109,21,--------------------------------------------,OTHER
R00109,22,Subject to local jurisdiction,FOOTER
R00110,0,PARK STREET CAFE,VENDOR
R00110,1,"40 Park Street, Kolkata 700017",ADDRESS
R00110,2,Ph: 9830044332,ADDRESS
R00110,3,GSTIN/UIN: 19AAFCP7890X1ZW,GSTIN
R00110,4,TAX INVOICE,OTHER
R00110,5,--------------------------------------------,OTHER
R00110,6,Invoice Number: BILL-2024-96669,INVOICE
R00110,7,Invoice Date: 28-03-2025,DATE
R00110,8,Table: 3   Covers: 8,OTHER
R00110,9,--------------------------------------------,OTHER
R00110,10,Item                     Qty          Amount,OTHER
R00110,11,Veg Thali                  3          536.25,ITEM
R00110,12,Paneer Butter Masala       1          318.53,ITEM
R00110,13,--------------------------------------------,OTHER
R00110,14,Taxable Value:                        854.78,SUBTOTAL
R00110,15,CGST @ 2.5%:                           21.37,TAX
R00110,16,SGST @ 2.5%:                           21.37,TAX
R00110,17,Round Off Adj:                          0.48,TAX
R00110,18,Total Amount:                        ₹898.00,TOTAL
R00110,19,--------------------------------------------,OTHER
R00110,20,Goods once sold will not be taken back,FOOTER
R00110,21,Cash Payment,FOOTER
R00111,0,CAFE COFFEE JUNCTION,VENDOR
R00111,1,"8 Indiranagar, Bengaluru 560095",ADDRESS
R00111,2,Ph: 9845033445,ADDRESS
R00111,3,GSTIN/UIN: 29AAECC2233B1Z7,GSTIN
R00111,4,CASH MEMO,OTHER
R00111,5,--------------------------------------------,OTHER
R00111,6,Cash Memo No: INV-2025-73230,INVOICE
R00111,7,Date: 29.07.2025,DATE
R00111,8,--------------------------------------------,OTHER
R00111,9,Item                     Qty          Amount,OTHER
R00111,10,Veg Thali                  1          210.94,ITEM
R00111,11,Butter Naan                2          122.92,ITEM
R00111,12,--------------------------------------------,OTHER
R00111,13,Taxable Value:                        333.86,SUBTOTAL
R00111,14,CGST @ 2.5%:                            8.35,TAX
R00111,15,SGST @ 2.5%:                            8.34,TAX
R00111,16,Round Off Adj:                          0.45,TAX
R00111,17,Net Payable:                         ₹351.00,TOTAL
R00111,18,--------------------------------------------,OTHER
R00111,19,Subject to local jurisdiction,FOOTER
R00111,20,UPI Payment,FOOTER
R00112,0,KUMAR MEDICALS,VENDOR
R00112,1,"44 Kalkaji Main Rd, New Delhi 110019",ADDRESS
R00112,2,Ph: 9811099887,ADDRESS
R00112,3,GST Reg No: 07AAFCK3321L1ZK,GSTIN
R00112,4,CASH MEMO,OTHER
R00112,5,--------------------------------------------,OTHER
R00112,6,Invoice Number: INV-2025-52372,INVOICE
R00112,7,Dated: 2025-03-07,DATE
R00112,8,--------------------------------------------,OTHER
R00112,9,Item                     Qty          Amount,OTHER
R00112,10,Vitamin D3                 3          746.19,ITEM
R00112,11,Antiseptic Liquid          2          232.78,ITEM
R00112,12,Vitamin D3                 3          416.10,ITEM
R00112,13,--------------------------------------------,OTHER
R00112,14,"Total Before Tax:                   1,395.07",SUBTOTAL
R00112,15,CGST @ 6%:                             83.71,TAX
R00112,16,SGST @ 6%:                             83.70,TAX
R00112,17,Round Off:                             -0.48,TAX
R00112,18,"Grand Total:                       ₹1,562.00",TOTAL
R00112,19,--------------------------------------------,OTHER
R00112,20,Subject to local jurisdiction,FOOTER
R00113,0,PATEL STORES,VENDOR
R00113,1,"31 Adajan, Surat 395007",ADDRESS
R00113,2,Ph: 9825099001,ADDRESS
R00113,3,GSTIN: 24AAHCP6677V1Z8,GSTIN
R00113,4,GST INVOICE,OTHER
R00113,5,--------------------------------------------,OTHER
R00113,6,Cash Memo No: RCPT-2024-48643,INVOICE
R00113,7,Date: 25/05/2025,DATE
R00113,8,--------------------------------------------,OTHER
R00113,9,Item                     Qty          Amount,OTHER
R00113,10,"Basmati Rice 5kg           2        1,013.58",ITEM
R00113,11,Sugar 1kg                  2           98.90,ITEM
R00113,12,"Basmati Rice 5kg           3        1,842.81",ITEM
R00113,13,Sugar 1kg                  3          156.99,ITEM
R00113,14,Sunflower Oil 1L           4          611.00,ITEM
R00113,15,Toor Dal 1kg               3          360.24,ITEM
R00113,16,--------------------------------------------,OTHER
R00113,17,Total Qty: 17,OTHER
R00113,18,"Subtotal:                           4,083.52",SUBTOTAL
R00113,19,CGST @ 2.5%:                          102.09,TAX
R00113,20,SGST @ 2.5%:                          102.09,TAX
R00113,21,Rounding:                               0.30,TAX
R00113,22,"Total Amount:                       4,288.00",TOTAL
R00113,23,--------------------------------------------,OTHER
R00113,24,*** CUSTOMER COPY ***,FOOTER
R00114,0,Mumbai Print Solutions LLP,VENDOR
R00114,1,"21 Lower Parel, Mumbai 400013",ADDRESS
R00114,2,Ph: 9820077331,ADDRESS
R00114,3,GST Reg No: 27AAFCM4455C1ZM,GSTIN
R00114,4,GST INVOICE,OTHER
R00114,5,--------------------------------------------,OTHER
R00114,6,Bill Date: 10/07/2025,DATE
R00114,7,Inv No: RCPT-2024-02648,INVOICE
R00114,8,--------------------------------------------,OTHER
R00114,9,Item                     Qty          Amount,OTHER
R00114,10,"Brochure Print 100         1        3,085.11",ITEM
R00114,11,"Business Cards 500         3        1,503.63",ITEM
R00114,12,"Brochure Print 100         4        6,635.60",ITEM
R00114,13,--------------------------------------------,OTHER
R00114,14,Total Qty: 8,OTHER
R00114,15,"Total Before Tax:                  11,224.34",SUBTOTAL
R00114,16,"IGST @ 18%:                         2,020.38",TAX
R00114,17,Round Off:                              0.28,TAX
R00114,18,"Grand Total:                       13,245.00",TOTAL
R00114,19,--------------------------------------------,OTHER
R00114,20,*** CUSTOMER COPY ***,FOOTER
R00115,0,Gujarat Enterprises,VENDOR
R00115,1,"7 CG Road, Ahmedabad 380009",ADDRESS
R00115,2,Ph: 9825011234,ADDRESS
R00115,3,GST Reg No: 24AABCG2244U1ZA,GSTIN
R00115,4,RETAIL INVOICE,OTHER
R00115,5,--------------------------------------------,OTHER
R00115,6,Bill No: INV-2025-55125,INVOICE
R00115,7,Date: 05-08-2025,DATE
R00115,8,--------------------------------------------,OTHER
R00115,9,Item                     Qty          Amount,OTHER
R00115,10,"USB Hub                    4        2,990.52",ITEM
R00115,11,"USB Hub                    4        2,437.56",ITEM
R00115,12,"USB Hub                    3        1,683.63",ITEM
R00115,13,"Extension Board            4        1,767.40",ITEM
R00115,14,--------------------------------------------,OTHER
R00115,15,Total Qty: 15,OTHER
R00115,16,"Total Before Tax:                   8,879.11",SUBTOTAL
R00115,17,CGST @ 9%:                            799.12,TAX
R00115,18,SGST @ 9%:                            799.12,TAX
R00115,19,Round Off Adj:                         -0.35,TAX
R00115,20,"Net Payable:                      ₹10,477.00",TOTAL
R00115,21,--------------------------------------------,OTHER
R00115,22,Subject to local jurisdiction,FOOTER
R00115,23,UPI Payment,FOOTER
R00116,0,PATEL STORES,VENDOR
R00116,1,"31 Adajan, Surat 395007",ADDRESS
R00116,2,Ph: 9825099001,ADDRESS
R00116,3,GSTIN/UIN: 24AAHCP6677V1Z8,GSTIN
R00116,4,CASH MEMO,OTHER
R00116,5,--------------------------------------------,OTHER
R00116,6,"Date of Supply: Jan 20, 2025",DATE
R00116,7,Receipt No: RCPT-2025-37219,INVOICE
R00116,8,--------------------------------------------,OTHER
R00116,9,Item                     Qty          Amount,OTHER
R00116,10,"Atta 5kg                   4        1,082.24",ITEM
R00116,11,Sunflower Oil 1L           2          289.64,ITEM
R00116,12,Toor Dal 1kg               2          306.72,ITEM
R00116,13,Milk 1L                    4          268.88,ITEM
R00116,14,--------------------------------------------,OTHER
R00116,15,Total Qty: 12,OTHER
R00116,16,"Taxable Value:                      1,947.48",SUBTOTAL
R00116,17,IGST @ 5%:                             97.37,TAX
R00116,18,Rounding:                               0.15,TAX
R00116,19,"Net Payable:                        2,045.00",TOTAL
R00116,20,--------------------------------------------,OTHER
R00116,21,Subject to local jurisdiction,FOOTER
R00116,22,UPI Payment,FOOTER
R00117,0,PARK STREET CAFE,VENDOR
R00117,1,"40 Park Street, Kolkata 700017",ADDRESS
R00117,2,Ph: 9830044332,ADDRESS
R00117,3,GST No.: 19AAFCP7890X1ZW,GSTIN
R00117,4,GST INVOICE,OTHER
R00117,5,--------------------------------------------,OTHER
R00117,6,Bill No: BILL-2025-76375,INVOICE
R00117,7,Bill Date: 01/09/2025,DATE
R00117,8,Table: 8   Covers: 4,OTHER
R00117,9,--------------------------------------------,OTHER
R00117,10,Item                     Qty          Amount,OTHER
R00117,11,Butter Naan                4          177.60,ITEM
R00117,12,Butter Naan                4          186.96,ITEM
R00117,13,Biryani                    3          557.88,ITEM
R00117,14,--------------------------------------------,OTHER
R00117,15,Sub Total:                            922.44,SUBTOTAL
R00117,16,CGST @ 2.5%:                           23.06,TAX
R00117,17,SGST @ 2.5%:                           23.06,TAX
R00117,18,Round Off:                              0.44,TAX
R00117,19,Total Amount:                        ₹969.00,TOTAL
R00117,20,--------------------------------------------,OTHER
R00117,21,Goods once sold will not be taken back,FOOTER
R00117,22,Cash Payment,FOOTER
R00118,0,RELIANCE FRESH SUPERMARKET,VENDOR
R00118,1,"Shop 4 Kurla West, Mumbai 400070",ADDRESS
R00118,2,Ph: 9820044556,ADDRESS
R00118,3,GSTIN: 27AAACR5055K1Z7,GSTIN
R00118,4,GST INVOICE,OTHER
R00118,5,--------------------------------------------,OTHER
R00118,6,Date: 05-Jun-2025,DATE
R00118,7,Bill No: BILL-2024-00970,INVOICE
R00118,8,--------------------------------------------,OTHER
R00118,9,Item                     Qty          Amount,OTHER
R00118,10,Sunflower Oil 1L           2          372.42,ITEM
R00118,11,Milk 1L                    2          119.00,ITEM
R00118,12,Sugar 1kg                  1           48.55,ITEM
R00118,13,Toor Dal 1kg               2          303.40,ITEM
R00118,14,Sugar 1kg                  1           59.24,ITEM
R00118,15,"Basmati Rice 5kg           3        1,842.72",ITEM
R00118,16,--------------------------------------------,OTHER
R00118,17,"Taxable Amount:                     2,745.33",SUBTOTAL
R00118,18,CGST @ 2.5%:                           68.64,TAX
R00118,19,SGST @ 2.5%:                           68.63,TAX
R00118,20,Round Off:                              0.40,TAX
R00118,21,"Bill Total:                         2,883.00",TOTAL
R00118,22,--------------------------------------------,OTHER
R00118,23,*** CUSTOMER COPY ***,FOOTER
R00118,24,Card Payment,FOOTER
R00119,0,Hotel Sunrise Residency,VENDOR
R00119,1,"9 Connaught Place, New Delhi 110001",ADDRESS
R00119,2,Ph: 9811023456,ADDRESS
R00119,3,GSTIN/UIN: 07AACCH9012Q1Z8,GSTIN
R00119,4,CASH MEMO,OTHER
R00119,5,--------------------------------------------,OTHER
R00119,6,Receipt No: TI-2025-56441,INVOICE
R00119,7,Bill Date: 29.01.2025,DATE
R00119,8,--------------------------------------------,OTHER
R00119,9,Item                     Qty          Amount,OTHER
R00119,10,Laundry Service            1          220.23,ITEM
R00119,11,"Deluxe Room Night          2        7,254.16",ITEM
R00119,12,"Breakfast Buffet           2        1,422.06",ITEM
R00119,13,--------------------------------------------,OTHER
R00119,14,"Sub Total:                          8,896.45",SUBTOTAL
R00119,15,CGST @ 6%:                            533.79,TAX
R00119,16,SGST @ 6%:                            533.78,TAX
R00119,17,Rounding:                              -0.02,TAX
R00119,18,"Grand Total:                       ₹9,964.00",TOTAL
R00119,19,--------------------------------------------,OTHER
R00119,20,*** CUSTOMER COPY ***,FOOTER
R00120,0,Gujarat Enterprises,VENDOR
R00120,1,"7 CG Road, Ahmedabad 380009",ADDRESS
R00120,2,Ph: 9825011234,ADDRESS
R00120,3,GSTIN/UIN: 24AABCG2244U1ZA,GSTIN
R00120,4,GST INVOICE,OTHER
R00120,5,--------------------------------------------,OTHER
R00120,6,Invoice No: BILL-2025-22954,INVOICE
R00120,7,Date: 12-Mar-2025,DATE
R00120,8,--------------------------------------------,OTHER
R00120,9,Item                     Qty          Amount,OTHER
R00120,10,"Keyboard                   2        2,590.76",ITEM
R00120,11,Extension Board            3          895.68,ITEM
R00120,12,"Extension Board            2        1,072.38",ITEM
R00120,13,"HDMI Cable 2m              4        1,767.68",ITEM
R00120,14,"Extension Board            4        1,980.00",ITEM
R00120,15,--------------------------------------------,OTHER
R00120,16,"Taxable Value:                      8,306.50",SUBTOTAL
R00120,17,CGST @ 9%:                            747.59,TAX
R00120,18,SGST @ 9%:                            747.58,TAX
R00120,19,Round Off Adj:                          0.33,TAX
R00120,20,"Amount Payable:                    ₹9,802.00",TOTAL
R00120,21,--------------------------------------------,OTHER
R00120,22,Thank you for your business,FOOTER
R00120,23,Card Payment,FOOTER
R00121,0,PARK STREET CAFE,VENDOR
R00121,1,"40 Park Street, Kolkata 700017",ADDRESS
R00121,2,Ph: 9830044332,ADDRESS
R00121,3,GSTIN: 19AAFCP7890X1ZW,GSTIN
R00121,4,GST INVOICE,OTHER
R00121,5,--------------------------------------------,OTHER
R00121,6,Invoice No: BILL-2024-17462,INVOICE
R00121,7,Date: 17-04-2025,DATE
R00121,8,--------------------------------------------,OTHER
R00121,9,Item                     Qty          Amount,OTHER
R00121,10,Masala Dosa                2          309.44,ITEM
R00121,11,Filter Coffee              2           78.96,ITEM
R00121,12,Butter Naan                4          197.72,ITEM
R00121,13,Butter Naan                3          224.10,ITEM
R00121,14,Paneer Butter Masala       1          181.21,ITEM
R00121,15,Veg Thali                  3          746.37,ITEM
R00121,16,--------------------------------------------,OTHER
R00121,17,"Total Before Tax:                   1,737.80",SUBTOTAL
R00121,18,CGST @ 2.5%:                           43.45,TAX
R00121,19,SGST @ 2.5%:                           43.44,TAX
R00121,20,Round Off:                              0.31,TAX
R00121,21,"Amount Payable:                    ₹1,825.00",TOTAL
R00121,22,--------------------------------------------,OTHER
R00121,23,Subject to local jurisdiction,FOOTER
R00122,0,Deccan Office Supplies,VENDOR
R00122,1,"12 Madhapur, Hyderabad 500032",ADDRESS
R00122,2,Ph: 9848077665,ADDRESS
R00122,3,GST No.: 36AAGCD8899T1Z8,GSTIN
R00122,4,CASH MEMO,OTHER
R00122,5,--------------------------------------------,OTHER
R00122,6,Bill No: INV-2024-01022,INVOICE
R00122,7,"Invoice Date: Jul 13, 2025",DATE
R00122,8,--------------------------------------------,OTHER
R00122,9,Item                     Qty          Amount,OTHER
R00122,10,"Printer Ink                4        2,777.52",ITEM
R00122,11,A4 Paper Ream              2          585.18,ITEM
R00122,12,--------------------------------------------,OTHER
R00122,13,Total Qty: 6,OTHER
R00122,14,"Taxable Amount:                     3,362.70",SUBTOTAL
R00122,15,CGST @ 9%:                            302.65,TAX
R00122,16,SGST @ 9%:                            302.64,TAX
R00122,17,Round Off:                              0.01,TAX
R00122,18,"Net Payable:                        3,968.00",TOTAL
R00122,19,--------------------------------------------,OTHER
R00122,20,THANK YOU VISIT AGAIN,FOOTER
R00123,0,KUMAR MEDICALS,VENDOR
R00123,1,"44 Kalkaji Main Rd, New Delhi 110019",ADDRESS
R00123,2,Ph: 9811099887,ADDRESS
R00123,3,GSTIN: 07AAFCK3321L1ZK,GSTIN
R00123,4,CASH MEMO,OTHER
R00123,5,--------------------------------------------,OTHER
R00123,6,Receipt No: RCPT-2025-58949,INVOICE
R00123,7,Bill Date: 08-Jul-2025,DATE
R00123,8,--------------------------------------------,OTHER
R00123,9,Item                     Qty          Amount,OTHER
R00123,10,Antiseptic Liquid          4          615.32,ITEM
R00123,11,Antiseptic Liquid          2          338.16,ITEM
R00123,12,--------------------------------------------,OTHER
R00123,13,Total Qty: 6,OTHER
R00123,14,Taxable Amount:                       953.48,SUBTOTAL
R00123,15,CGST @ 6%:                             57.21,TAX
R00123,16,SGST @ 6%:                             57.21,TAX
R00123,17,Round Off:                              0.10,TAX
R00123,18,"Grand Total:                        1,068.00",TOTAL
R00123,19,--------------------------------------------,OTHER
R00123,20,Goods once sold will not be taken back,FOOTER
R00124,0,Gujarat Enterprises,VENDOR
R00124,1,"7 CG Road, Ahmedabad 380009",ADDRESS
R00124,2,GSTIN: 24AABCG2244U1ZA,GSTIN
R00124,3,TAX INVOICE,OTHER
R00124,4,--------------------------------------------,OTHER
R00124,5,Date: 08/04/2025,DATE
R00124,6,Inv No: INV-2024-66521,INVOICE
R00124,7,--------------------------------------------,OTHER
R00124,8,Item                     Qty          Amount,OTHER
R00124,9,"Extension Board            4        1,569.56",ITEM
R00124,10,HDMI Cable 2m              2          417.24,ITEM
R00124,11,--------------------------------------------,OTHER
R00124,12,Total Qty: 6,OTHER
R00124,13,"Taxable Amount:                     1,986.80",SUBTOTAL
R00124,14,CGST @ 9%:                            178.81,TAX
R00124,15,SGST @ 9%:                            178.81,TAX
R00124,16,Rounding:                              -0.42,TAX
R00124,17,"Net Payable:                       ₹2,344.00",TOTAL
R00124,18,--------------------------------------------,OTHER
R00124,19,Subject to local jurisdiction,FOOTER
R00124,20,UPI Payment,FOOTER
R00125,0,SARAVANA BHAVAN,VENDOR
R00125,1,"18 T Nagar, Chennai 600017",ADDRESS
R00125,2,Ph: 9840011223,ADDRESS
R00125,3,GSTIN/UIN: 33AAECS7788N1ZJ,GSTIN
R00125,4,TAX INVOICE,OTHER
R00125,5,--------------------------------------------,OTHER
R00125,6,Invoice No: RCPT-2024-73307,INVOICE
R00125,7,Bill Date: 04-03-2025,DATE
R00125,8,Table: 6   Covers: 2,OTHER
R00125,9,--------------------------------------------,OTHER
R00125,10,Item                     Qty          Amount,OTHER
R00125,11,Filter Coffee              3          165.09,ITEM
R00125,12,Paneer Butter Masala       1          236.97,ITEM
R00125,13,Filter Coffee              2           65.04,ITEM
R00125,14,"Biryani                    4        1,494.24",ITEM
R00125,15,Veg Thali                  1          256.49,ITEM
R00125,16,--------------------------------------------,OTHER
R00125,17,"Subtotal:                           2,217.83",SUBTOTAL
R00125,18,CGST @ 2.5%:                           55.45,TAX
R00125,19,SGST @ 2.5%:                           55.44,TAX
R00125,20,Round Off:                              0.28,TAX
R00125,21,"Amount Payable:                    ₹2,329.00",TOTAL
R00125,22,--------------------------------------------,OTHER
R00125,23,THANK YOU VISIT AGAIN,FOOTER
R00126,0,Mumbai Print Solutions LLP,VENDOR
R00126,1,"21 Lower Parel, Mumbai 400013",ADDRESS
R00126,2,GSTIN: 27AAFCM4455C1ZM,GSTIN
R00126,3,CASH MEMO,OTHER
R00126,4,--------------------------------------------,OTHER
R00126,5,Bill Date: 2025-06-17,DATE
R00126,6,Inv No: RCPT-2024-95487,INVOICE
R00126,7,--------------------------------------------,OTHER
R00126,8,Item                     Qty          Amount,OTHER
R00126,9,"Brochure Print 100         4        7,174.40",ITEM
R00126,10,"Poster A2                  4        1,151.28",ITEM
R00126,11,Poster A2                  2          815.48,ITEM
R00126,12,"Brochure Print 100         2        5,149.90",ITEM
R00126,13,"Brochure Print 100         1        2,704.60",ITEM
R00126,14,--------------------------------------------,OTHER
R00126,15,"Taxable Value:                     16,995.66",SUBTOTAL
R00126,16,"IGST @ 18%:                         3,059.22",TAX
R00126,17,Round Off Adj:                          0.12,TAX
R00126,18,"Grand Total:                       20,055.00",TOTAL
R00126,19,--------------------------------------------,OTHER
R00126,20,Thank you for your business,FOOTER
R00126,21,UPI Payment,FOOTER
R00127,0,GANGA DEPARTMENTAL STORE,VENDOR
R00127,1,"17 Mall Road, Kanpur 208001",ADDRESS
R00127,2,Ph: 9839066554,ADDRESS
R00127,3,GSTIN: 09AABCG5566Z1ZD,GSTIN
R00127,4,GST INVOICE,OTHER
R00127,5,--------------------------------------------,OTHER
R00127,6,Bill No: TI-2024-51199,INVOICE
R00127,7,Bill Date: 09-Aug-2025,DATE
R00127,8,--------------------------------------------,OTHER
R00127,9,Item                     Qty          Amount,OTHER
R00127,10,Milk 1L                    3          164.46,ITEM
R00127,11,"Basmati Rice 5kg           3        1,358.28",ITEM
R00127,12,Toor Dal 1kg               4          452.04,ITEM
R00127,13,Basmati Rice 5kg           1          610.64,ITEM
R00127,14,Milk 1L                    4          230.08,ITEM
R00127,15,--------------------------------------------,OTHER
R00127,16,Total Qty: 15,OTHER
R00127,17,"Total Before Tax:                   2,815.50",SUBTOTAL
R00127,18,CGST @ 2.5%:                           70.39,TAX
R00127,19,SGST @ 2.5%:                           70.39,TAX
R00127,20,Rounding:                              -0.28,TAX
R00127,21,"Bill Total:                         2,956.00",TOTAL
R00127,22,--------------------------------------------,OTHER
R00127,23,Subject to local jurisdiction,FOOTER
R00128,0,Gujarat Enterprises,VENDOR
R00128,1,"7 CG Road, Ahmedabad 380009",ADDRESS
R00128,2,Ph: 9825011234,ADDRESS
R00128,3,GST No.: 24AABCG2244U1ZA,GSTIN
R00128,4,TAX INVOICE,OTHER
R00128,5,--------------------------------------------,OTHER
R00128,6,Invoice No: INV-2025-01027,INVOICE
R00128,7,Dated: 01.05.2025,DATE
R00128,8,--------------------------------------------,OTHER
R00128,9,Item                     Qty          Amount,OTHER
R00128,10,"Extension Board            4        2,058.00",ITEM
R00128,11,"USB Hub                    3        1,107.84",ITEM
R00128,12,"HDMI Cable 2m              4        1,658.36",ITEM
R00128,13,"Extension Board            4        1,245.04",ITEM
R00128,14,--------------------------------------------,OTHER
R00128,15,"Taxable Value:                      6,069.24",SUBTOTAL
R00128,16,"IGST @ 18%:                         1,092.46",TAX
R00128,17,Round Off Adj:                          0.30,TAX
R00128,18,"Amount Payable:                    ₹7,162.00",TOTAL
R00128,19,--------------------------------------------,OTHER
R00128,20,*** CUSTOMER COPY ***,FOOTER
R00129,0,Mumbai Print Solutions LLP,VENDOR
R00129,1,"21 Lower Parel, Mumbai 400013",ADDRESS
R00129,2,Ph: 9820077331,ADDRESS
R00129,3,GST Reg No: 27AAFCM4455C1ZM,GSTIN
R00129,4,GST INVOICE,OTHER
R00129,5,--------------------------------------------,OTHER
R00129,6,Receipt No: INV-2025-99416,INVOICE
R00129,7,"Bill Date: Mar 27, 2025",DATE
R00129,8,--------------------------------------------,OTHER
R00129,9,Item                     Qty          Amount,OTHER
R00129,10,"Business Cards 500         3        3,579.66",ITEM
R00129,11,Poster A2                  2          859.82,ITEM
R00129,12,"Business Cards 500         2        1,021.42",ITEM
R00129,13,--------------------------------------------,OTHER
R00129,14,"Subtotal:                           5,460.90",SUBTOTAL
R00129,15,CGST @ 9%:                            491.48,TAX
R00129,16,SGST @ 9%:                            491.48,TAX
R00129,17,Round Off:                              0.14,TAX
R00129,18,"Amount Payable:                    ₹6,444.00",TOTAL
R00129,19,--------------------------------------------,OTHER
R00129,20,*** CUSTOMER COPY ***,FOOTER
R00130,0,Lucknow Travels Agencies,VENDOR
R00130,1,"3 Hazratganj, Lucknow 226001",ADDRESS
R00130,2,GSTIN: 09AAGCL1122Y1ZT,GSTIN
R00130,3,TAX INVOICE,OTHER
R00130,4,--------------------------------------------,OTHER
R00130,5,Cash Memo No: RCPT-2025-98267,INVOICE
R00130,6,Bill Date: 05-Jun-2025,DATE
R00130,7,--------------------------------------------,OTHER
R00130,8,Item                     Qty          Amount,OTHER
R00130,9,City Taxi                  1          447.18,ITEM
R00130,10,"Outstation Cab             3        5,662.17",ITEM
R00130,11,"City Taxi                  4        1,602.44",ITEM
R00130,12,"Airport Transfer           1        1,448.44",ITEM
R00130,13,--------------------------------------------,OTHER
R00130,14,"Taxable Amount:                     9,160.23",SUBTOTAL
R00130,15,CGST @ 2.5%:                          229.01,TAX
R00130,16,SGST @ 2.5%:                          229.00,TAX
R00130,17,Rounding:                              -0.24,TAX
R00130,18,"Bill Total:                        ₹9,618.00",TOTAL
R00130,19,--------------------------------------------,OTHER
R00130,20,*** CUSTOMER COPY ***,FOOTER
R00131,0,Hotel Sunrise Residency,VENDOR
R00131,1,"9 Connaught Place, New Delhi 110001",ADDRESS
R00131,2,GSTIN: 07AACCH9012Q1Z8,GSTIN
R00131,3,TAX INVOICE,OTHER
R00131,4,--------------------------------------------,OTHER
R00131,5,Invoice No: TI-2025-94442,INVOICE
R00131,6,"Invoice Date: May 18, 2025",DATE
R00131,7,--------------------------------------------,OTHER
R00131,8,Item                     Qty          Amount,OTHER
R00131,9,"Deluxe Room Night          3       18,894.90",ITEM
R00131,10,"Deluxe Room Night          3       10,449.69",ITEM
R00131,11,--------------------------------------------,OTHER
R00131,12,Total Qty: 6,OTHER
R00131,13,"Sub Total:                         29,344.59",SUBTOTAL
R00131,14,"CGST @ 6%:                          1,760.68",TAX
R00131,15,"SGST @ 6%:                          1,760.67",TAX
R00131,16,Rounding:                               0.06,TAX
R00131,17,"Net Payable:                       32,866.00",TOTAL
R00131,18,--------------------------------------------,OTHER
R00131,19,*** CUSTOMER COPY ***,FOOTER
R00131,20,Cash Payment,FOOTER
R00132,0,Gujarat Enterprises,VENDOR
R00132,1,"7 CG Road, Ahmedabad 380009",ADDRESS
R00132,2,Ph: 9825011234,ADDRESS
R00132,3,GSTIN/UIN: 24AABCG2244U1ZA,GSTIN
R00132,4,GST INVOICE,OTHER
R00132,5,--------------------------------------------,OTHER
R00132,6,Invoice Number: BILL-2025-31071,INVOICE
R00132,7,Invoice Date: 2025-05-29,DATE
R00132,8,--------------------------------------------,OTHER
R00132,9,Item                     Qty          Amount,OTHER
R00132,10,"HDMI Cable 2m              4        1,624.16",ITEM
R00132,11,HDMI Cable 2m              4          754.52,ITEM
R00132,12,"Keyboard                   2        3,037.62",ITEM
R00132,13,--------------------------------------------,OTHER
R00132,14,"Sub Total:                          5,416.30",SUBTOTAL
R00132,15,CGST @ 9%:                            487.47,TAX
R00132,16,SGST @ 9%:                            487.46,TAX
R00132,17,Round Off:                             -0.23,TAX
R00132,18,"Bill Total:                         6,391.00",TOTAL
R00132,19,--------------------------------------------,OTHER
R00132,20,THANK YOU VISIT AGAIN,FOOTER
R00132,21,Cash Payment,FOOTER
R00133,0,Mumbai Print Solutions LLP,VENDOR
R00133,1,"21 Lower Parel, Mumbai 400013",ADDRESS
R00133,2,Ph: 9820077331,ADDRESS
R00133,3,GSTIN/UIN: 27AAFCM4455C1ZM,GSTIN
R00133,4,RETAIL INVOICE,OTHER
R00133,5,--------------------------------------------,OTHER
R00133,6,Receipt No: INV-2024-04563,INVOICE
R00133,7,Dated: 21-05-2025,DATE
R00133,8,--------------------------------------------,OTHER
R00133,9,Item                     Qty          Amount,OTHER
R00133,10,"Business Cards 500         2        1,029.60",ITEM
R00133,11,"Brochure Print 100         1        2,833.47",ITEM
R00133,12,--------------------------------------------,OTHER
R00133,13,Total Qty: 3,OTHER
R00133,14,"Subtotal:                           3,863.07",SUBTOTAL
R00133,15,IGST @ 18%:                           695.35,TAX
R00133,16,Round Off:                             -0.42,TAX
R00133,17,"Total:                              4,558.00",TOTAL
R00133,18,--------------------------------------------,OTHER
R00133,19,*** CUSTOMER COPY ***,FOOTER
R00134,0,Lucknow Travels Agencies,VENDOR
R00134,1,"3 Hazratganj, Lucknow 226001",ADDRESS
R00134,2,Ph: 9839011223,ADDRESS
R00134,3,GSTIN/UIN: 09AAGCL1122Y1ZT,GSTIN
R00134,4,RETAIL INVOICE,OTHER
R00134,5,--------------------------------------------,OTHER
R00134,6,Bill Date: 03.06.2025,DATE
R00134,7,Inv No: TI-2024-94737,INVOICE
R00134,8,--------------------------------------------,OTHER
R00134,9,Item                     Qty          Amount,OTHER
R00134,10,"Outstation Cab             3       10,527.12",ITEM
R00134,11,"City Taxi                  3        1,448.70",ITEM
R00134,12,City Taxi                  2          464.38,ITEM
R00134,13,"Airport Transfer           3        5,293.98",ITEM
R00134,14,--------------------------------------------,OTHER
R00134,15,"Taxable Amount:                    17,734.18",SUBTOTAL
R00134,16,CGST @ 2.5%:                          443.36,TAX
R00134,17,SGST @ 2.5%:                          443.35,TAX
R00134,18,Rounding:                               0.11,TAX
R00134,19,"Net Payable:                       18,621.00",TOTAL
R00134,20,--------------------------------------------,OTHER
R00134,21,THANK YOU VISIT AGAIN,FOOTER
R00134,22,Cash Payment,FOOTER
R00135,0,BENGAL BOOK DEPOT,VENDOR
R00135,1,"6 Park Street, Kolkata 700016",ADDRESS
R00135,2,Ph: 9830011234,ADDRESS
R00135,3,GSTIN/UIN: 19AACCB3456W1ZT,GSTIN
R00135,4,CASH MEMO,OTHER
R00135,5,--------------------------------------------,OTHER
R00135,6,Bill Date: 21-02-2025,DATE
R00135,7,Invoice No: INV-2025-66307,INVOICE
R00135,8,--------------------------------------------,OTHER
R00135,9,Item                     Qty          Amount,OTHER
R00135,10,A4 Paper Ream              4          884.76,ITEM
R00135,11,Printer Ink                1          918.38,ITEM
R00135,12,--------------------------------------------,OTHER
R00135,13,"Taxable Value:                      1,803.14",SUBTOTAL
R00135,14,CGST @ 9%:                            162.29,TAX
R00135,15,SGST @ 9%:                            162.28,TAX
R00135,16,Round Off Adj:                          0.29,TAX
R00135,17,"Total Amount:                      ₹2,128.00",TOTAL
R00135,18,--------------------------------------------,OTHER
R00135,19,Goods once sold will not be taken back,FOOTER
R00136,0,SARAVANA BHAVAN,VENDOR
R00136,1,"18 T Nagar, Chennai 600017",ADDRESS
R00136,2,Ph: 9840011223,ADDRESS
R00136,3,GST No.: 33AAECS7788N1ZJ,GSTIN
R00136,4,TAX INVOICE,OTHER
R00136,5,--------------------------------------------,OTHER
R00136,6,Date of Supply: 10/03/2025,DATE
R00136,7,Bill No: TI-2025-18573,INVOICE
R00136,8,Table: 2   Covers: 6,OTHER
R00136,9,--------------------------------------------,OTHER
R00136,10,Item                     Qty          Amount,OTHER
R00136,11,Filter Coffee              4          161.76,ITEM
R00136,12,Filter Coffee              4          132.56,ITEM
R00136,13,"Paneer Butter Masala       4        1,122.76",ITEM
R00136,14,Paneer Butter Masala       2          551.04,ITEM
R00136,15,Masala Dosa                4          429.40,ITEM
R00136,16,Butter Naan                1           50.31,ITEM
R00136,17,--------------------------------------------,OTHER
R00136,18,Total Qty: 19,OTHER
R00136,19,"Subtotal:                           2,447.83",SUBTOTAL
R00136,20,CGST @ 2.5%:                           61.20,TAX
R00136,21,SGST @ 2.5%:                           61.19,TAX
R00136,22,Rounding:                              -0.22,TAX
R00136,23,"Total:                             ₹2,570.00",TOTAL
R00136,24,--------------------------------------------,OTHER
R00136,25,Goods once sold will not be taken back,FOOTER
R00137,0,Sharma Traders Pvt Ltd,VENDOR
R00137,1,"14 MG Road, Bengaluru 560001",ADDRESS
R00137,2,Ph: 9845012345,ADDRESS
R00137,3,GSTIN: 29AAGCB7383J1Z4,GSTIN
R00137,4,TAX INVOICE,OTHER
R00137,5,--------------------------------------------,OTHER
R00137,6,Invoice Date: 26-Apr-2025,DATE
R00137,7,Receipt No: INV-2024-08224,INVOICE
R00137,8,--------------------------------------------,OTHER
R00137,9,Item                     Qty          Amount,OTHER
R00137,10,Notebook 200pg             1           58.76,ITEM
R00137,11,"Printer Ink                2        2,214.52",ITEM
R00137,12,File Folder                3          240.00,ITEM
R00137,13,File Folder                3          190.20,ITEM
R00137,14,Stapler                    1          245.17,ITEM
R00137,15,Stapler                    2          495.00,ITEM
R00137,16,--------------------------------------------,OTHER
R00137,17,"Total Before Tax:                   3,443.65",SUBTOTAL
R00137,18,IGST @ 18%:                           619.86,TAX
R00137,19,Round Off Adj:                          0.49,TAX
R00137,20,"Total Amount:                      ₹4,064.00",TOTAL
R00137,21,--------------------------------------------,OTHER
R00137,22,*** CUSTOMER COPY ***,FOOTER
R00137,23,Card Payment,FOOTER
R00138,0,KUMAR MEDICALS,VENDOR
R00138,1,"44 Kalkaji Main Rd, New Delhi 110019",ADDRESS
R00138,2,Ph: 9811099887,ADDRESS
R00138,3,GST Reg No: 07AAFCK3321L1ZK,GSTIN
R00138,4,GST INVOICE,OTHER
R00138,5,--------------------------------------------,OTHER
R00138,6,Invoice Number: INV-2024-56789,INVOICE
R00138,7,Dated: 2025-05-14,DATE
R00138,8,--------------------------------------------,OTHER
R00138,9,Item                     Qty          Amount,OTHER
R00138,10,Antiseptic Liquid          4          542.44,ITEM
R00138,11,Antiseptic Liquid          2          239.16,ITEM
R00138,12,Antiseptic Liquid          1          143.92,ITEM
R00138,13,Vitamin D3                 2          240.30,ITEM
R00138,14,--------------------------------------------,OTHER
R00138,15,Total Qty: 9,OTHER
R00138,16,"Subtotal:                           1,165.82",SUBTOTAL
R00138,17,CGST @ 6%:                             69.95,TAX
R00138,18,SGST @ 6%:                             69.95,TAX
R00138,19,Round Off Adj:                          0.28,TAX
R00138,20,"Bill Total:                         1,306.00",TOTAL
R00138,21,--------------------------------------------,OTHER
R00138,22,Thank you for your business,FOOTER
R00139,0,Lucknow Travels Agencies,VENDOR
R00139,1,"3 Hazratganj, Lucknow 226001",ADDRESS
R00139,2,GSTIN: 09AAGCL1122Y1ZT,GSTIN
R00139,3,TAX INVOICE,OTHER
R00139,4,--------------------------------------------,OTHER
R00139,5,Bill No: INV-2025-60041,INVOICE
R00139,6,"Dated: Jun 26, 2025",DATE
R00139,7,--------------------------------------------,OTHER
R00139,8,Item                     Qty          Amount,OTHER
R00139,9,"Airport Transfer           4        4,066.16",ITEM
R00139,10,"Outstation Cab             4       18,708.64",ITEM
R00139,11,"City Taxi                  3        1,585.35",ITEM
R00139,12,Airport Transfer           1          867.53,ITEM
R00139,13,--------------------------------------------,OTHER
R00139,14,Total Qty: 12,OTHER
R00139,15,"Taxable Amount:                    25,227.68",SUBTOTAL
R00139,16,"IGST @ 5%:                          1,261.38",TAX
R00139,17,Round Off Adj:                         -0.06,TAX
R00139,18,"Amount Payable:                   ₹26,489.00",TOTAL
R00139,19,--------------------------------------------,OTHER
R00139,20,Thank you for your business,FOOTER
R00140,0,BENGAL BOOK DEPOT,VENDOR
R00140,1,"6 Park Street, Kolkata 700016",ADDRESS
R00140,2,Ph: 9830011234,ADDRESS
R00140,3,GST Reg No: 19AACCB3456W1ZT,GSTIN
R00140,4,RETAIL INVOICE,OTHER
R00140,5,--------------------------------------------,OTHER
R00140,6,Inv No: TI-2024-55891,INVOICE
R00140,7,Date of Supply: 15.05.2025,DATE
R00140,8,--------------------------------------------,OTHER
R00140,9,Item                     Qty          Amount,OTHER
R00140,10,Notebook 200pg             4          324.56,ITEM
R00140,11,"Printer Ink                2        1,945.00",ITEM
R00140,12,A4 Paper Ream              1          265.91,ITEM
R00140,13,A4 Paper Ream              3          721.44,ITEM
R00140,14,Marker Pen                 4          151.32,ITEM
R00140,15,--------------------------------------------,OTHER
R00140,16,"Taxable Amount:                     3,408.23",SUBTOTAL
R00140,17,CGST @ 9%:                            306.74,TAX
R00140,18,SGST @ 9%:                            306.74,TAX
R00140,19,Rounding:                               0.29,TAX
R00140,20,"Total Amount:                      ₹4,022.00",TOTAL
R00140,21,--------------------------------------------,OTHER
R00140,22,Goods once sold will not be taken back,FOOTER
R00140,23,Cash Payment,FOOTER
R00141,0,APOLLO PHARMACY OUTLET,VENDOR
R00141,1,"Rajiv Gandhi Salai, Chennai 600028",ADDRESS
R00141,2,Ph: 9840099887,ADDRESS
R00141,3,GST Reg No: 33AAACA6677D1ZW,GSTIN
R00141,4,GST INVOICE,OTHER
R00141,5,--------------------------------------------,OTHER
R00141,6,Invoice No: INV-2025-06675,INVOICE
R00141,7,Bill Date: 26-Aug-2025,DATE
R00141,8,--------------------------------------------,OTHER
R00141,9,Item                     Qty          Amount,OTHER
R00141,10,Antiseptic Liquid          4          584.88,ITEM
R00141,11,Vitamin D3                 2          410.12,ITEM
R00141,12,Vitamin D3                 1          185.62,ITEM
R00141,13,Vitamin D3                 3          539.49,ITEM
R00141,14,Paracetamol Strip          4          136.36,ITEM
R00141,15,--------------------------------------------,OTHER
R00141,16,Total Qty: 14,OTHER
R00141,17,"Subtotal:                           1,856.47",SUBTOTAL
R00141,18,CGST @ 6%:                            111.39,TAX
R00141,19,SGST @ 6%:                            111.39,TAX
R00141,20,Round Off Adj:                         -0.25,TAX
R00141,21,"Net Payable:                        2,079.00",TOTAL
R00141,22,--------------------------------------------,OTHER
R00141,23,Subject to local jurisdiction,FOOTER
R00141,24,Cash Payment,FOOTER
R00142,0,KUMAR MEDICALS,VENDOR
R00142,1,"44 Kalkaji Main Rd, New Delhi 110019",ADDRESS
R00142,2,Ph: 9811099887,ADDRESS
R00142,3,GST Reg No: 07AAFCK3321L1ZK,GSTIN
R00142,4,RETAIL INVOICE,OTHER
R00142,5,--------------------------------------------,OTHER
R00142,6,Inv No: RCPT-2024-75090,INVOICE
R00142,7,Date of Supply: 04.07.2025,DATE
R00142,8,--------------------------------------------,OTHER
R00142,9,Item                     Qty          Amount,OTHER
R00142,10,"Digital Thermometer        4        1,037.96",ITEM
R00142,11,Vitamin D3                 3          492.21,ITEM
R00142,12,Digital Thermometer        1          237.03,ITEM
R00142,13,Digital Thermometer        1          295.52,ITEM
R00142,14,--------------------------------------------,OTHER
R00142,15,Total Qty: 9,OTHER
R00142,16,"Total Before Tax:                   2,062.72",SUBTOTAL
R00142,17,IGST @ 12%:                           247.53,TAX
R00142,18,Round Off Adj:                         -0.25,TAX
R00142,19,"Grand Total:                       ₹2,310.00",TOTAL
R00142,20,--------------------------------------------,OTHER
R00142,21,Subject to local jurisdiction,FOOTER
R00143,0,PARK STREET CAFE,VENDOR
R00143,1,"40 Park Street, Kolkata 700017",ADDRESS
R00143,2,Ph: 9830044332,ADDRESS
R00143,3,GST Reg No: 19AAFCP7890X1ZW,GSTIN
R00143,4,GST INVOICE,OTHER
R00143,5,--------------------------------------------,OTHER
R00143,6,Receipt No: TI-2025-82099,INVOICE
R00143,7,Dated: 04/02/2025,DATE
R00143,8,--------------------------------------------,OTHER
R00143,9,Item                     Qty          Amount,OTHER
R00143,10,Filter Coffee              2           64.98,ITEM
R00143,11,Biryani                    2          562.22,ITEM
R00143,12,Paneer Butter Masala       1          289.85,ITEM
R00143,13,--------------------------------------------,OTHER
R00143,14,Taxable Value:                        917.05,SUBTOTAL
R00143,15,IGST @ 5%:                             45.85,TAX
R00143,16,Round Off Adj:                          0.10,TAX
R00143,17,Total Amount:                        ₹963.00,TOTAL
R00143,18,--------------------------------------------,OTHER
R00143,19,Goods once sold will not be taken back,FOOTER
R00144,0,Lucknow Travels Agencies,VENDOR
R00144,1,"3 Hazratganj, Lucknow 226001",ADDRESS
R00144,2,Ph: 9839011223,ADDRESS
R00144,3,GST Reg No: 09AAGCL1122Y1ZT,GSTIN
R00144,4,RETAIL INVOICE,OTHER
R00144,5,--------------------------------------------,OTHER
R00144,6,Bill No: TI-2024-44906,INVOICE
R00144,7,Invoice Date: 2025-04-09,DATE
R00144,8,--------------------------------------------,OTHER
R00144,9,Item                     Qty          Amount,OTHER
R00144,10,City Taxi                  1          247.65,ITEM
R00144,11,"City Taxi                  2        1,025.54",ITEM
R00144,12,"Outstation Cab             3       10,186.86",ITEM
R00144,13,--------------------------------------------,OTHER
R00144,14,Total Qty: 6,OTHER
R00144,15,"Taxable Value:                     11,460.05",SUBTOTAL
R00144,16,CGST @ 2.5%:                          286.50,TAX
R00144,17,SGST @ 2.5%:                          286.50,TAX
R00144,18,Round Off:                             -0.05,TAX
R00144,19,"Total Amount:                     ₹12,033.00",TOTAL
R00144,20,--------------------------------------------,OTHER
R00144,21,Subject to local jurisdiction,FOOTER
R00145,0,PATEL STORES,VENDOR
R00145,1,"31 Adajan, Surat 395007",ADDRESS
R00145,2,Ph: 9825099001,ADDRESS
R00145,3,GSTIN: 24AAHCP6677V1Z8,GSTIN
R00145,4,GST INVOICE,OTHER
R00145,5,--------------------------------------------,OTHER
R00145,6,Invoice No: INV-2024-23376,INVOICE
R00145,7,Date of Supply: 04-Apr-2025,DATE
R00145,8,--------------------------------------------,OTHER
R00145,9,Item                     Qty          Amount,OTHER
R00145,10,Atta 5kg                   2          655.98,ITEM
R00145,11,Sunflower Oil 1L           2          241.48,ITEM
R00145,12,Sugar 1kg                  4          194.24,ITEM
R00145,13,--------------------------------------------,OTHER
R00145,14,"Taxable Value:                      1,091.70",SUBTOTAL
R00145,15,CGST @ 2.5%:                           27.30,TAX
R00145,16,SGST @ 2.5%:                           27.29,TAX
R00145,17,Round Off:                             -0.29,TAX
R00145,18,"Total:                             ₹1,146.00",TOTAL
R00145,19,--------------------------------------------,OTHER
R00145,20,Thank you for your business,FOOTER
R00145,21,UPI Payment,FOOTER
R00146,0,Lucknow Travels Agencies,VENDOR
R00146,1,"3 Hazratganj, Lucknow 226001",ADDRESS
R00146,2,GSTIN: 09AAGCL1122Y1ZT,GSTIN
R00146,3,TAX INVOICE,OTHER
R00146,4,--------------------------------------------,OTHER
R00146,5,Date: 2025-08-26,DATE
R00146,6,Invoice No: TI-2025-53708,INVOICE
R00146,7,--------------------------------------------,OTHER
R00146,8,Item                     Qty          Amount,OTHER
R00146,9,"Outstation Cab             2        3,736.62",ITEM
R00146,10,"Airport Transfer           4        6,517.32",ITEM
R00146,11,City Taxi                  1          331.73,ITEM
R00146,12,--------------------------------------------,OTHER
R00146,13,Total Qty: 7,OTHER
R00146,14,"Taxable Value:                     10,585.67",SUBTOTAL
R00146,15,CGST @ 2.5%:                          264.64,TAX
R00146,16,SGST @ 2.5%:                          264.64,TAX
R00146,17,Round Off:                              0.05,TAX
R00146,18,"Amount Payable:                   ₹11,115.00",TOTAL
R00146,19,--------------------------------------------,OTHER
R00146,20,Thank you for your business,FOOTER
R00146,21,Cash Payment,FOOTER
R00147,0,Mumbai Print Solutions LLP,VENDOR
R00147,1,"21 Lower Parel, Mumbai 400013",ADDRESS
R00147,2,GST Reg No: 27AAFCM4455C1ZM,GSTIN
R00147,3,TAX INVOICE,OTHER
R00147,4,--------------------------------------------,OTHER
R00147,5,Invoice Number: TI-2025-15427,INVOICE
R00147,6,"Dated: Feb 09, 2025",DATE
R00147,7,--------------------------------------------,OTHER
R00147,8,Item                     Qty          Amount,OTHER
R00147,9,"Brochure Print 100         2        5,440.00",ITEM
R00147,10,"Brochure Print 100         3        8,753.67",ITEM
R00147,11,Business Cards 500         1          837.88,ITEM
R00147,12,--------------------------------------------,OTHER
R00147,13,Total Qty: 6,OTHER
R00147,14,"Taxable Value:                     15,031.55",SUBTOTAL
R00147,15,"CGST @ 9%:                          1,352.84",TAX
R00147,16,"SGST @ 9%:                          1,352.84",TAX
R00147,17,Rounding:                              -0.23,TAX
R00147,18,"Amount Payable:                   ₹17,737.00",TOTAL
R00147,19,--------------------------------------------,OTHER
R00147,20,THANK YOU VISIT AGAIN,FOOTER
R00147,21,Cash Payment,FOOTER
R00148,0,GANGA DEPARTMENTAL STORE,VENDOR
R00148,1,"17 Mall Road, Kanpur 208001",ADDRESS
R00148,2,Ph: 9839066554,ADDRESS
R00148,3,GST No.: 09AABCG5566Z1ZD,GSTIN
R00148,4,RETAIL INVOICE,OTHER
R00148,5,--------------------------------------------,OTHER
R00148,6,Date: 02/06/2025,DATE
R00148,7,Invoice Number: INV-2024-77130,INVOICE
R00148,8,--------------------------------------------,OTHER
R00148,9,Item                     Qty          Amount,OTHER
R00148,10,Sugar 1kg                  4          175.08,ITEM
R00148,11,Sunflower Oil 1L           1          139.51,ITEM
R00148,12,Milk 1L                    4          208.84,ITEM
R00148,13,--------------------------------------------,OTHER
R00148,14,Total Before Tax:                     523.43,SUBTOTAL
R00148,15,CGST @ 2.5%:                           13.09,TAX
R00148,16,SGST @ 2.5%:                           13.08,TAX
R00148,17,Round Off:                              0.40,TAX
R00148,18,Bill Total:                          ₹550.00,TOTAL
R00148,19,--------------------------------------------,OTHER
R00148,20,Thank you for your business,FOOTER
R00148,21,Cash Payment,FOOTER
R00149,0,Gujarat Enterprises,VENDOR
R00149,1,"7 CG Road, Ahmedabad 380009",ADDRESS
R00149,2,Ph: 9825011234,ADDRESS
R00149,3,GST No.: 24AABCG2244U1ZA,GSTIN
R00149,4,CASH MEMO,OTHER
R00149,5,--------------------------------------------,OTHER
R00149,6,Date: 28/04/2025,DATE
R00149,7,Invoice No: INV-2025-38295,INVOICE
R00149,8,--------------------------------------------,OTHER
R00149,9,Item                     Qty          Amount,OTHER
R00149,10,"Extension Board            4        1,302.84",ITEM
R00149,11,HDMI Cable 2m              2          367.26,ITEM
R00149,12,"Extension Board            4        2,187.96",ITEM
R00149,13,HDMI Cable 2m              2          870.70,ITEM
R00149,14,--------------------------------------------,OTHER
R00149,15,"Total Before Tax:                   4,728.76",SUBTOTAL
R00149,16,CGST @ 9%:                            425.59,TAX
R00149,17,SGST @ 9%:                            425.59,TAX
R00149,18,Rounding:                               0.06,TAX
R00149,19,"Amount Payable:                    ₹5,580.00",TOTAL
R00149,20,--------------------------------------------,OTHER
R00149,21,Subject to local jurisdiction,FOOTER
R00149,22,Cash Payment,FOOTER
R00150,0,GANGA DEPARTMENTAL STORE,VENDOR
R00150,1,"17 Mall Road, Kanpur 208001",ADDRESS
R00150,2,GSTIN/UIN: 09AABCG5566Z1ZD,GSTIN
R00150,3,RETAIL INVOICE,OTHER
R00150,4,--------------------------------------------,OTHER
R00150,5,Invoice No: RCPT-2025-17281,INVOICE
R00150,6,Date of Supply: 06.01.2025,DATE
R00150,7,--------------------------------------------,OTHER
R00150,8,Item                     Qty          Amount,OTHER
R00150,9,Sugar 1kg                  2          111.50,ITEM
R00150,10,Sugar 1kg                  2          113.04,ITEM
R00150,11,Sunflower Oil 1L           1          182.68,ITEM
R00150,12,Sunflower Oil 1L           2          288.18,ITEM
R00150,13,"Basmati Rice 5kg           4        1,888.76",ITEM
R00150,14,Toor Dal 1kg               3          500.58,ITEM
R00150,15,--------------------------------------------,OTHER
R00150,16,Total Qty: 14,OTHER
R00150,17,"Subtotal:                           3,084.74",SUBTOTAL
R00150,18,CGST @ 2.5%:                           77.12,TAX
R00150,19,SGST @ 2.5%:                           77.12,TAX
R00150,20,Rounding:                               0.02,TAX
R00150,21,"Total Amount:                       3,239.00",TOTAL
R00150,22,--------------------------------------------,OTHER
R00150,23,THANK YOU VISIT AGAIN,FOOTER
R00150,24,Cash Payment,FOOTER
R00151,0,RELIANCE FRESH SUPERMARKET,VENDOR
R00151,1,"Shop 4 Kurla West, Mumbai 400070",ADDRESS
R00151,2,Ph: 9820044556,ADDRESS
R00151,3,GSTIN/UIN: 27AAACR5055K1Z7,GSTIN
R00151,4,CASH MEMO,OTHER
R00151,5,--------------------------------------------,OTHER
R00151,6,Cash Memo No: BILL-2025-40481,INVOICE
R00151,7,"Date: Feb 09, 2025",DATE
R00151,8,--------------------------------------------,OTHER
R00151,9,Item                     Qty          Amount,OTHER
R00151,10,Atta 5kg                   3          880.86,ITEM
R00151,11,Basmati Rice 5kg           1          696.49,ITEM
R00151,12,Toor Dal 1kg               4          597.00,ITEM
R00151,13,Atta 5kg                   4          975.28,ITEM
R00151,14,Toor Dal 1kg               3          372.66,ITEM
R00151,15,Toor Dal 1kg               3          409.50,ITEM
R00151,16,--------------------------------------------,OTHER
R00151,17,"Taxable Value:                      3,931.79",SUBTOTAL
R00151,18,CGST @ 2.5%:                           98.30,TAX
R00151,19,SGST @ 2.5%:                           98.29,TAX
R00151,20,Round Off:                             -0.38,TAX
R00151,21,"Total Amount:                      ₹4,128.00",TOTAL
R00151,22,--------------------------------------------,OTHER
R00151,23,Goods once sold will not be taken back,FOOTER
R00151,24,UPI Payment,FOOTER
R00152,0,RELIANCE FRESH SUPERMARKET,VENDOR
R00152,1,"Shop 4 Kurla West, Mumbai 400070",ADDRESS
R00152,2,Ph: 9820044556,ADDRESS
R00152,3,GSTIN/UIN: 27AAACR5055K1Z7,GSTIN
R00152,4,GST INVOICE,OTHER
R00152,5,--------------------------------------------,OTHER
R00152,6,Invoice Number: INV-2024-81954,INVOICE
R00152,7,Bill Date: 08.05.2025,DATE
R00152,8,--------------------------------------------,OTHER
R00152,9,Item                     Qty          Amount,OTHER
R00152,10,Sunflower Oil 1L           2          309.76,ITEM
R00152,11,Toor Dal 1kg               1          133.35,ITEM
R00152,12,--------------------------------------------,OTHER
R00152,13,Total Before Tax:                     443.11,SUBTOTAL
R00152,14,CGST @ 2.5%:                           11.08,TAX
R00152,15,SGST @ 2.5%:                           11.08,TAX
R00152,16,Rounding:                              -0.27,TAX
R00152,17,Grand Total:                         ₹465.00,TOTAL
R00152,18,--------------------------------------------,OTHER
R00152,19,Subject to local jurisdiction,FOOTER
R00152,20,Card Payment,FOOTER
R00153,0,Gujarat Enterprises,VENDOR
R00153,1,"7 CG Road, Ahmedabad 380009",ADDRESS
R00153,2,Ph: 9825011234,ADDRESS
R00153,3,GST No.: 24AABCG2244U1ZA,GSTIN
R00153,4,RETAIL INVOICE,OTHER
R00153,5,--------------------------------------------,OTHER
R00153,6,Receipt No: INV-2025-55249,INVOICE
R00153,7,Bill Date: 12-07-2025,DATE
R00153,8,--------------------------------------------,OTHER
R00153,9,Item                     Qty          Amount,OTHER
R00153,10,"Extension Board            4        1,489.04",ITEM
R00153,11,HDMI Cable 2m              3          699.48,ITEM
R00153,12,Extension Board            1          317.90,ITEM
R00153,13,--------------------------------------------,OTHER
R00153,14,"Total Before Tax:                   2,506.42",SUBTOTAL
R00153,15,CGST @ 9%:                            225.58,TAX
R00153,16,SGST @ 9%:                            225.58,TAX
R00153,17,Rounding:                               0.42,TAX
R00153,18,"Total:                             ₹2,958.00",TOTAL
R00153,19,--------------------------------------------,OTHER
R00153,20,Thank you for your business,FOOTER
R00153,21,Card Payment,FOOTER
R00154,0,KUMAR MEDICALS,VENDOR
R00154,1,"44 Kalkaji Main Rd, New Delhi 110019",ADDRESS
R00154,2,GSTIN/UIN: 07AAFCK3321L1ZK,GSTIN
R00154,3,GST INVOICE,OTHER
R00154,4,--------------------------------------------,OTHER
R00154,5,Inv No: TI-2025-91754,INVOICE
R00154,6,"Invoice Date: May 09, 2025",DATE
R00154,7,--------------------------------------------,OTHER
R00154,8,Item                     Qty          Amount,OTHER
R00154,9,Antiseptic Liquid          2          228.06,ITEM
R00154,10,"Digital Thermometer        4        1,476.76",ITEM
R00154,11,Paracetamol Strip          1           18.25,ITEM
R00154,12,Antiseptic Liquid          4          592.56,ITEM
R00154,13,Vitamin D3                 1          175.21,ITEM
R00154,14,--------------------------------------------,OTHER
R00154,15,"Taxable Amount:                     2,490.84",SUBTOTAL
R00154,16,CGST @ 6%:                            149.45,TAX
R00154,17,SGST @ 6%:                            149.45,TAX
R00154,18,Rounding:                               0.26,TAX
R00154,19,"Total:                             ₹2,790.00",TOTAL
R00154,20,--------------------------------------------,OTHER
R00154,21,Subject to local jurisdiction,FOOTER
R00155,0,SHELL SELECT FUEL POINT,VENDOR
R00155,1,"Whitefield Main Rd, Bengaluru 560066",ADDRESS
R00155,2,Ph: 9845077889,ADDRESS
R00155,3,GST No.: 29AAACS9911A1ZI,GSTIN
R00155,4,TAX INVOICE,OTHER
R00155,5,--------------------------------------------,OTHER
R00155,6,Invoice No: BILL-2024-92470,INVOICE
R00155,7,Invoice Date: 09/03/2025,DATE
R00155,8,--------------------------------------------,OTHER
R00155,9,Product                 Litres          Amount,OTHER
R00155,10,"CNG                       28        2,157.96",ITEM
R00155,11,--------------------------------------------,OTHER
R00155,12,"Sub Total:                          2,157.96",SUBTOTAL
R00155,13,Rounding:                               0.04,TAX
R00155,14,"Grand Total:                       ₹2,158.00",TOTAL
R00155,15,--------------------------------------------,OTHER
R00155,16,*** CUSTOMER COPY ***,FOOTER
R00156,0,ANNAPURNA RESTAURANT,VENDOR
R00156,1,"22 Koramangala 5th Blk, Bengaluru 560034",ADDRESS
R00156,2,GSTIN: 29AABCA1234M1ZQ,GSTIN
R00156,3,CASH MEMO,OTHER
R00156,4,--------------------------------------------,OTHER
R00156,5,Cash Memo No: INV-2024-99442,INVOICE
R00156,6,Invoice Date: 2025-08-31,DATE
R00156,7,--------------------------------------------,OTHER
R00156,8,Item                     Qty          Amount,OTHER
R00156,9,Paneer Butter Masala       1          284.76,ITEM
R00156,10,Biryani                    1          247.49,ITEM
R00156,11,Filter Coffee              1           57.74,ITEM
R00156,12,Veg Thali                  3          802.35,ITEM
R00156,13,Filter Coffee              1           69.84,ITEM
R00156,14,Paneer Butter Masala       1          221.24,ITEM
R00156,15,--------------------------------------------,OTHER
R00156,16,"Total Before Tax:                   1,683.42",SUBTOTAL
R00156,17,IGST @ 5%:                             84.17,TAX
R00156,18,Rounding:                               0.41,TAX
R00156,19,"Total:                             ₹1,768.00",TOTAL
R00156,20,--------------------------------------------,OTHER
R00156,21,Subject to local jurisdiction,FOOTER
R00156,22,Cash Payment,FOOTER
R00157,0,GANGA DEPARTMENTAL STORE,VENDOR
R00157,1,"17 Mall Road, Kanpur 208001",ADDRESS
R00157,2,Ph: 9839066554,ADDRESS
R00157,3,GSTIN: 09AABCG5566Z1ZD,GSTIN
R00157,4,GST INVOICE,OTHER
R00157,5,--------------------------------------------,OTHER
R00157,6,Date of Supply: 23.05.2025,DATE
R00157,7,Invoice No: BILL-2024-75834,INVOICE
R00157,8,--------------------------------------------,OTHER
R00157,9,Item                     Qty          Amount,OTHER
R00157,10,Toor Dal 1kg               4          705.68,ITEM
R00157,11,Milk 1L                    1           66.00,ITEM
R00157,12,Basmati Rice 5kg           1          611.90,ITEM
R00157,13,Sunflower Oil 1L           2          300.90,ITEM
R00157,14,--------------------------------------------,OTHER
R00157,15,"Subtotal:                           1,684.48",SUBTOTAL
R00157,16,CGST @ 2.5%:                           42.11,TAX
R00157,17,SGST @ 2.5%:                           42.11,TAX
R00157,18,Rounding:                               0.30,TAX
R00157,19,"Total:                             ₹1,769.00",TOTAL
R00157,20,--------------------------------------------,OTHER
R00157,21,Thank you for your business,FOOTER
R00157,22,Card Payment,FOOTER
R00158,0,KUMAR MEDICALS,VENDOR
R00158,1,"44 Kalkaji Main Rd, New Delhi 110019",ADDRESS
R00158,2,Ph: 9811099887,ADDRESS
R00158,3,GST Reg No: 07AAFCK3321L1ZK,GSTIN
R00158,4,TAX INVOICE,OTHER
R00158,5,--------------------------------------------,OTHER
R00158,6,Cash Memo No: TI-2024-38723,INVOICE
R00158,7,"Date of Supply: Aug 05, 2025",DATE
R00158,8,--------------------------------------------,OTHER
R00158,9,Item                     Qty          Amount,OTHER
R00158,10,Digital Thermometer        2          557.90,ITEM
R00158,11,Digital Thermometer        2          560.88,ITEM
R00158,12,Vitamin D3                 1          266.07,ITEM
R00158,13,"Digital Thermometer        4        1,437.56",ITEM
R00158,14,Digital Thermometer        2          723.70,ITEM
R00158,15,"Vitamin D3                 4        1,114.12",ITEM
R00158,16,--------------------------------------------,OTHER
R00158,17,"Subtotal:                           4,660.23",SUBTOTAL
R00158,18,CGST @ 6%:                            279.62,TAX
R00158,19,SGST @ 6%:                            279.61,TAX
R00158,20,Round Off:                             -0.46,TAX
R00158,21,"Total:                              5,219.00",TOTAL
R00158,22,--------------------------------------------,OTHER
R00158,23,Subject to local jurisdiction,FOOTER
R00158,24,UPI Payment,FOOTER
R00159,0,Lucknow Travels Agencies,VENDOR
R00159,1,"3 Hazratganj, Lucknow 226001",ADDRESS
R00159,2,Ph: 9839011223,ADDRESS
R00159,3,GST No.: 09AAGCL1122Y1ZT,GSTIN
R00159,4,GST INVOICE,OTHER
R00159,5,--------------------------------------------,OTHER
R00159,6,Cash Memo No: TI-2025-73097,INVOICE
R00159,7,"Dated: Feb 23, 2025",DATE
R00159,8,--------------------------------------------,OTHER
R00159,9,Item                     Qty          Amount,OTHER
R00159,10,"Outstation Cab             3        6,269.64",ITEM
R00159,11,"Airport Transfer           3        3,852.84",ITEM
R00159,12,"City Taxi                  2        1,089.16",ITEM
R00159,13,"Airport Transfer           4        5,528.24",ITEM
R00159,14,"Airport Transfer           1        1,065.29",ITEM
R00159,15,--------------------------------------------,OTHER
R00159,16,Total Qty: 13,OTHER
R00159,17,"Total Before Tax:                  17,805.17",SUBTOTAL
R00159,18,CGST @ 2.5%:                          445.13,TAX
R00159,19,SGST @ 2.5%:                          445.13,TAX
R00159,20,Rounding:                              -0.43,TAX
R00159,21,"Net Payable:                      ₹18,695.00",TOTAL
R00159,22,--------------------------------------------,OTHER
R00159,23,THANK YOU VISIT AGAIN,FOOTER
R00160,0,INDIAN OIL FUEL STATION,VENDOR
R00160,1,"OMR Perungudi, Chennai 600096",ADDRESS
R00160,2,Ph: 9840055667,ADDRESS
R00160,3,GST No.: 33AAACI0123R1ZQ,GSTIN
R00160,4,RETAIL INVOICE,OTHER
R00160,5,--------------------------------------------,OTHER
R00160,6,Invoice No: RCPT-2025-43176,INVOICE
R00160,7,Dated: 24/04/2025,DATE
R00160,8,--------------------------------------------,OTHER
R00160,9,Product                 Litres          Amount,OTHER
R00160,10,"Petrol                    43        4,452.65",ITEM
R00160,11,--------------------------------------------,OTHER
R00160,12,"Total Before Tax:                   4,452.65",SUBTOTAL
R00160,13,Rounding:                               0.35,TAX
R00160,14,"Total:                             ₹4,453.00",TOTAL
R00160,15,--------------------------------------------,OTHER
R00160,16,Subject to local jurisdiction,FOOTER
R00160,17,Card Payment,FOOTER
R00161,0,KUMAR MEDICALS,VENDOR
R00161,1,"44 Kalkaji Main Rd, New Delhi 110019",ADDRESS
R00161,2,Ph: 9811099887,ADDRESS
R00161,3,GSTIN: 07AAFCK3321L1ZK,GSTIN
R00161,4,CASH MEMO,OTHER
R00161,5,--------------------------------------------,OTHER
R00161,6,Bill Date: 2025-02-18,DATE
R00161,7,Bill No: INV-2025-43733,INVOICE
R00161,8,--------------------------------------------,OTHER
R00161,9,Item                     Qty          Amount,OTHER
R00161,10,Vitamin D3                 1          230.92,ITEM
R00161,11,"Digital Thermometer        4        1,082.48",ITEM
R00161,12,Digital Thermometer        1          269.30,ITEM
R00161,13,Digital Thermometer        1          201.72,ITEM
R00161,14,Vitamin D3                 3          543.39,ITEM
R00161,15,--------------------------------------------,OTHER
R00161,16,"Taxable Amount:                     2,327.81",SUBTOTAL
R00161,17,CGST @ 6%:                            139.67,TAX
R00161,18,SGST @ 6%:                            139.67,TAX
R00161,19,Round Off:                             -0.15,TAX
R00161,20,"Total Amount:                      ₹2,607.00",TOTAL
R00161,21,--------------------------------------------,OTHER
R00161,22,THANK YOU VISIT AGAIN,FOOTER
R00162,0,PATEL STORES,VENDOR
R00162,1,"31 Adajan, Surat 395007",ADDRESS
R00162,2,GST No.: 24AAHCP6677V1Z8,GSTIN
R00162,3,CASH MEMO,OTHER
R00162,4,--------------------------------------------,OTHER
R00162,5,Date: 2025-04-20,DATE
R00162,6,Cash Memo No: RCPT-2024-50813,INVOICE
R00162,7,--------------------------------------------,OTHER
R00162,8,Item                     Qty          Amount,OTHER
R00162,9,"Basmati Rice 5kg           3        1,396.29",ITEM
R00162,10,Sugar 1kg                  2          111.84,ITEM
R00162,11,--------------------------------------------,OTHER
R00162,12,"Sub Total:                          1,508.13",SUBTOTAL
R00162,13,CGST @ 2.5%:                           37.71,TAX
R00162,14,SGST @ 2.5%:                           37.70,TAX
R00162,15,Rounding:                               0.46,TAX
R00162,16,"Grand Total:                        1,584.00",TOTAL
R00162,17,--------------------------------------------,OTHER
R00162,18,Goods once sold will not be taken back,FOOTER
R00162,19,Card Payment,FOOTER
R00163,0,HYDERABAD BIRYANI HOUSE,VENDOR
R00163,1,"5 Gachibowli, Hyderabad 500081",ADDRESS
R00163,2,Ph: 9848012345,ADDRESS
R00163,3,GSTIN: 36AADCH4567S1ZS,GSTIN
R00163,4,RETAIL INVOICE,OTHER
R00163,5,--------------------------------------------,OTHER
R00163,6,Date of Supply: 21.03.2025,DATE
R00163,7,Invoice Number: BILL-2024-21906,INVOICE
R00163,8,Table: 12   Covers: 3,OTHER
R00163,9,--------------------------------------------,OTHER
R00163,10,Item                     Qty          Amount,OTHER
R00163,11,Butter Naan                1           65.87,ITEM
R00163,12,"Paneer Butter Masala       4        1,303.80",ITEM
R00163,13,Paneer Butter Masala       2          553.12,ITEM
R00163,14,--------------------------------------------,OTHER
R00163,15,"Subtotal:                           1,922.79",SUBTOTAL
R00163,16,CGST @ 2.5%:                           48.07,TAX
R00163,17,SGST @ 2.5%:                           48.07,TAX
R00163,18,Round Off Adj:                          0.07,TAX
R00163,19,"Amount Payable:                     2,019.00",TOTAL
R00163,20,--------------------------------------------,OTHER
R00163,21,Thank you for your business,FOOTER
R00164,0,BENGAL BOOK DEPOT,VENDOR
R00164,1,"6 Park Street, Kolkata 700016",ADDRESS
R00164,2,Ph: 9830011234,ADDRESS
R00164,3,GST No.: 19AACCB3456W1ZT,GSTIN
R00164,4,CASH MEMO,OTHER
R00164,5,--------------------------------------------,OTHER
R00164,6,Receipt No: INV-2024-86812,INVOICE
R00164,7,Bill Date: 25/07/2025,DATE
R00164,8,--------------------------------------------,OTHER
R00164,9,Item                     Qty          Amount,OTHER
R00164,10,Marker Pen                 3           96.06,ITEM
R00164,11,Stapler                    2          283.40,ITEM
R00164,12,--------------------------------------------,OTHER
R00164,13,Total Qty: 5,OTHER
R00164,14,Taxable Amount:                       379.46,SUBTOTAL
R00164,15,CGST @ 9%:                             34.15,TAX
R00164,16,SGST @ 9%:                             34.15,TAX
R00164,17,Round Off Adj:                          0.24,TAX
R00164,18,Bill Total:                          ₹448.00,TOTAL
R00164,19,--------------------------------------------,OTHER
R00164,20,Subject to local jurisdiction,FOOTER
R00165,0,ANNAPURNA RESTAURANT,VENDOR
R00165,1,"22 Koramangala 5th Blk, Bengaluru 560034",ADDRESS
R00165,2,Ph: 9845112233,ADDRESS
R00165,3,GST Reg No: 29AABCA1234M1ZQ,GSTIN
R00165,4,CASH MEMO,OTHER
R00165,5,--------------------------------------------,OTHER
R00165,6,Invoice Number: BILL-2024-46326,INVOICE
R00165,7,Invoice Date: 13-Feb-2025,DATE
R00165,8,--------------------------------------------,OTHER
R00165,9,Item                     Qty          Amount,OTHER
R00165,10,Biryani                    1          262.58,ITEM
R00165,11,Paneer Butter Masala       2          635.64,ITEM
R00165,12,"Veg Thali                  4        1,010.64",ITEM
R00165,13,Veg Thali                  3          769.41,ITEM
R00165,14,Veg Thali                  1          237.28,ITEM
R00165,15,Veg Thali                  1          177.56,ITEM
R00165,16,--------------------------------------------,OTHER
R00165,17,Total Qty: 12,OTHER
R00165,18,"Taxable Amount:                     3,093.11",SUBTOTAL
R00165,19,CGST @ 2.5%:                           77.33,TAX
R00165,20,SGST @ 2.5%:                           77.33,TAX
R00165,21,Round Off Adj:                          0.23,TAX
R00165,22,"Total Amount:                       3,248.00",TOTAL
R00165,23,--------------------------------------------,OTHER
R00165,24,THANK YOU VISIT AGAIN,FOOTER
R00165,25,Card Payment,FOOTER
R00166,0,PATEL STORES,VENDOR
R00166,1,"31 Adajan, Surat 395007",ADDRESS
R00166,2,Ph: 9825099001,ADDRESS
R00166,3,GSTIN: 24AAHCP6677V1Z8,GSTIN
R00166,4,GST INVOICE,OTHER
R00166,5,--------------------------------------------,OTHER
R00166,6,Dated: 15/02/2025,DATE
R00166,7,Cash Memo No: INV-2025-50591,INVOICE
R00166,8,--------------------------------------------,OTHER
R00166,9,Item                     Qty          Amount,OTHER
R00166,10,"Basmati Rice 5kg           2        1,402.48",ITEM
R00166,11,"Basmati Rice 5kg           4        1,703.12",ITEM
R00166,12,Sunflower Oil 1L           4          688.00,ITEM
R00166,13,"Basmati Rice 5kg           2        1,064.12",ITEM
R00166,14,Milk 1L                    2          135.84,ITEM
R00166,15,Atta 5kg                   2          542.56,ITEM
R00166,16,--------------------------------------------,OTHER
R00166,17,Total Qty: 16,OTHER
R00166,18,"Total Before Tax:                   5,536.12",SUBTOTAL
R00166,19,IGST @ 5%:                            276.81,TAX
R00166,20,Round Off Adj:                          0.07,TAX
R00166,21,"Bill Total:                        ₹5,813.00",TOTAL
R00166,22,--------------------------------------------,OTHER
R00166,23,THANK YOU VISIT AGAIN,FOOTER
R00167,0,Gujarat Enterprises,VENDOR
R00167,1,"7 CG Road, Ahmedabad 380009",ADDRESS
R00167,2,Ph: 9825011234,ADDRESS
R00167,3,GSTIN: 24AABCG2244U1ZA,GSTIN
R00167,4,GST INVOICE,OTHER
R00167,5,--------------------------------------------,OTHER
R00167,6,Inv No: TI-2024-71730,INVOICE
R00167,7,Invoice Date: 07-07-2025,DATE
R00167,8,--------------------------------------------,OTHER
R00167,9,Item                     Qty          Amount,OTHER
R00167,10,"Keyboard                   3        3,127.80",ITEM
R00167,11,HDMI Cable 2m              3          627.09,ITEM
R00167,12,HDMI Cable 2m              2          838.46,ITEM
R00167,13,--------------------------------------------,OTHER
R00167,14,Total Qty: 8,OTHER
R00167,15,"Subtotal:                           4,593.35",SUBTOTAL
R00167,16,CGST @ 9%:                            413.40,TAX
R00167,17,SGST @ 9%:                            413.40,TAX
R00167,18,Round Off:                             -0.15,TAX
R00167,19,"Grand Total:                        5,420.00",TOTAL
R00167,20,--------------------------------------------,OTHER
R00167,21,*** CUSTOMER COPY ***,FOOTER
R00167,22,Cash Payment,FOOTER
R00168,0,SHELL SELECT FUEL POINT,VENDOR
R00168,1,"Whitefield Main Rd, Bengaluru 560066",ADDRESS
R00168,2,Ph: 9845077889,ADDRESS
R00168,3,GST No.: 29AAACS9911A1ZI,GSTIN
R00168,4,TAX INVOICE,OTHER
R00168,5,--------------------------------------------,OTHER
R00168,6,Invoice Number: BILL-2024-75144,INVOICE
R00168,7,Dated: 07-Aug-2025,DATE
R00168,8,--------------------------------------------,OTHER
R00168,9,Product                 Litres          Amount,OTHER
R00168,10,"Petrol                    12        1,200.00",ITEM
R00168,11,"Petrol                    14        1,331.26",ITEM
R00168,12,--------------------------------------------,OTHER
R00168,13,"Sub Total:                          2,531.26",SUBTOTAL
R00168,14,Round Off:                             -0.26,TAX
R00168,15,"Bill Total:                        ₹2,531.00",TOTAL
R00168,16,--------------------------------------------,OTHER
R00168,17,*** CUSTOMER COPY ***,FOOTER
R00169,0,SARAVANA BHAVAN,VENDOR
R00169,1,"18 T Nagar, Chennai 600017",ADDRESS
R00169,2,Ph: 9840011223,ADDRESS
R00169,3,GST No.: 33AAECS7788N1ZJ,GSTIN
R00169,4,RETAIL INVOICE,OTHER
R00169,5,--------------------------------------------,OTHER
R00169,6,Inv No: RCPT-2025-03791,INVOICE
R00169,7,Bill Date: 24/04/2025,DATE
R00169,8,Table: 16   Covers: 5,OTHER
R00169,9,--------------------------------------------,OTHER
R00169,10,Item                     Qty          Amount,OTHER
R00169,11,Filter Coffee              4          155.64,ITEM
R00169,12,Veg Thali                  3          682.23,ITEM
R00169,13,Filter Coffee              2           99.52,ITEM
R00169,14,Masala Dosa                1          101.62,ITEM
R00169,15,Butter Naan                4          168.00,ITEM
R00169,16,--------------------------------------------,OTHER
R00169,17,"Subtotal:                           1,207.01",SUBTOTAL
R00169,18,CGST @ 2.5%:                           30.18,TAX
R00169,19,SGST @ 2.5%:                           30.17,TAX
R00169,20,Round Off:                             -0.36,TAX
R00169,21,"Total Amount:                      ₹1,267.00",TOTAL
R00169,22,--------------------------------------------,OTHER
R00169,23,Goods once sold will not be taken back,FOOTER
R00169,24,Cash Payment,FOOTER
R00170,0,ANNAPURNA RESTAURANT,VENDOR
R00170,1,"22 Koramangala 5th Blk, Bengaluru 560034",ADDRESS
R00170,2,Ph: 9845112233,ADDRESS
R00170,3,GSTIN/UIN: 29AABCA1234M1ZQ,GSTIN
R00170,4,GST INVOICE,OTHER
R00170,5,--------------------------------------------,OTHER
R00170,6,Receipt No: INV-2025-22268,INVOICE
R00170,7,Invoice Date: 20-07-2025,DATE
R00170,8,Table: 22   Covers: 2,OTHER
R00170,9,--------------------------------------------,OTHER
R00170,10,Item                     Qty          Amount,OTHER
R00170,11,Filter Coffee              1           50.94,ITEM
R00170,12,Masala Dosa                1          144.06,ITEM
R00170,13,Biryani                    1          271.11,ITEM
R00170,14,Filter Coffee              1           49.24,ITEM
R00170,15,Filter Coffee              3          112.35,ITEM
R00170,16,--------------------------------------------,OTHER
R00170,17,Taxable Value:                        627.70,SUBTOTAL
R00170,18,CGST @ 2.5%:                           15.70,TAX
R00170,19,SGST @ 2.5%:                           15.69,TAX
R00170,20,Round Off:                             -0.09,TAX
R00170,21,Net Payable:                         ₹659.00,TOTAL
R00170,22,--------------------------------------------,OTHER
R00170,23,THANK YOU VISIT AGAIN,FOOTER
R00170,24,UPI Payment,FOOTER
R00171,0,ANNAPURNA RESTAURANT,VENDOR
R00171,1,"22 Koramangala 5th Blk, Bengaluru 560034",ADDRESS
R00171,2,GSTIN/UIN: 29AABCA1234M1ZQ,GSTIN
R00171,3,TAX INVOICE,OTHER
R00171,4,--------------------------------------------,OTHER
R00171,5,Cash Memo No: TI-2025-97815,INVOICE
R00171,6,Bill Date: 07/01/2025,DATE
R00171,7,Table: 8   Covers: 8,OTHER
R00171,8,--------------------------------------------,OTHER
R00171,9,Item                     Qty          Amount,OTHER
R00171,10,Filter Coffee              2          118.44,ITEM
R00171,11,Masala Dosa                2          311.34,ITEM
R00171,12,Veg Thali                  3          637.95,ITEM
R00171,13,--------------------------------------------,OTHER
R00171,14,"Subtotal:                           1,067.73",SUBTOTAL
R00171,15,CGST @ 2.5%:                           26.70,TAX
R00171,16,SGST @ 2.5%:                           26.69,TAX
R00171,17,Rounding:                              -0.12,TAX
R00171,18,"Total:                              1,121.00",TOTAL
R00171,19,--------------------------------------------,OTHER
R00171,20,Subject to local jurisdiction,FOOTER
R00172,0,INDIAN OIL FUEL STATION,VENDOR
R00172,1,"OMR Perungudi, Chennai 600096",ADDRESS
R00172,2,Ph: 9840055667,ADDRESS
R00172,3,GSTIN: 33AAACI0123R1ZQ,GSTIN
R00172,4,GST INVOICE,OTHER
R00172,5,--------------------------------------------,OTHER
R00172,6,Inv No: BILL-2025-59040,INVOICE
R00172,7,Bill Date: 14.03.2025,DATE
R00172,8,--------------------------------------------,OTHER
R00172,9,Product                 Litres          Amount,OTHER
R00172,10,"Petrol                    28        2,906.40",ITEM
R00172,11,--------------------------------------------,OTHER
R00172,12,"Total Before Tax:                   2,906.40",SUBTOTAL
R00172,13,Round Off Adj:                         -0.40,TAX
R00172,14,"Total:                             ₹2,906.00",TOTAL
R00172,15,--------------------------------------------,OTHER
R00172,16,Goods once sold will not be taken back,FOOTER
R00173,0,SARAVANA BHAVAN,VENDOR
R00173,1,"18 T Nagar, Chennai 600017",ADDRESS
R00173,2,Ph: 9840011223,ADDRESS
R00173,3,GST No.: 33AAECS7788N1ZJ,GSTIN
R00173,4,CASH MEMO,OTHER
R00173,5,--------------------------------------------,OTHER
R00173,6,Date of Supply: 22.03.2025,DATE
R00173,7,Inv No: TI-2024-06158,INVOICE
R00173,8,Table: 18   Covers: 4,OTHER
R00173,9,--------------------------------------------,OTHER
R00173,10,Item                     Qty          Amount,OTHER
R00173,11,Paneer Butter Masala       2          388.12,ITEM
R00173,12,Filter Coffee              4          152.40,ITEM
R00173,13,--------------------------------------------,OTHER
R00173,14,Total Before Tax:                     540.52,SUBTOTAL
R00173,15,CGST @ 2.5%:                           13.52,TAX
R00173,16,SGST @ 2.5%:                           13.51,TAX
R00173,17,Round Off:                              0.45,TAX
R00173,18,Bill Total:                          ₹568.00,TOTAL
R00173,19,--------------------------------------------,OTHER
R00173,20,Thank you for your business,FOOTER
R00173,21,Card Payment,FOOTER
R00174,0,Deccan Office Supplies,VENDOR
R00174,1,"12 Madhapur, Hyderabad 500032",ADDRESS
R00174,2,Ph: 9848077665,ADDRESS
R00174,3,GSTIN: 36AAGCD8899T1Z8,GSTIN
R00174,4,GST INVOICE,OTHER
R00174,5,--------------------------------------------,OTHER
R00174,6,Receipt No: TI-2024-43601,INVOICE
R00174,7,"Dated: May 11, 2025",DATE
R00174,8,--------------------------------------------,OTHER
R00174,9,Item                     Qty          Amount,OTHER
R00174,10,Notebook 200pg             4          268.16,ITEM
R00174,11,"Printer Ink                4        1,984.80",ITEM
R00174,12,"A4 Paper Ream              4        1,233.24",ITEM
R00174,13,A4 Paper Ream              2          447.30,ITEM
R00174,14,--------------------------------------------,OTHER
R00174,15,"Taxable Value:                      3,933.50",SUBTOTAL
R00174,16,CGST @ 9%:                            354.02,TAX
R00174,17,SGST @ 9%:                            354.01,TAX
R00174,18,Round Off:                              0.47,TAX
R00174,19,"Grand Total:                       ₹4,642.00",TOTAL
R00174,20,--------------------------------------------,OTHER
R00174,21,Thank you for your business,FOOTER
R00174,22,UPI Payment,FOOTER
R00175,0,GANGA DEPARTMENTAL STORE,VENDOR
R00175,1,"17 Mall Road, Kanpur 208001",ADDRESS
R00175,2,Ph: 9839066554,ADDRESS
R00175,3,GST Reg No: 09AABCG5566Z1ZD,GSTIN
R00175,4,RETAIL INVOICE,OTHER
R00175,5,--------------------------------------------,OTHER
R00175,6,Receipt No: RCPT-2025-49894,INVOICE
R00175,7,Bill Date: 04-04-2025,DATE
R00175,8,--------------------------------------------,OTHER
R00175,9,Item                     Qty          Amount,OTHER
R00175,10,Toor Dal 1kg               2          242.66,ITEM
R00175,11,Sugar 1kg                  4          211.12,ITEM
R00175,12,Sunflower Oil 1L           4          550.60,ITEM
R00175,13,Milk 1L                    3          158.73,ITEM
R00175,14,Sugar 1kg                  2           94.74,ITEM
R00175,15,--------------------------------------------,OTHER
R00175,16,"Taxable Value:                      1,257.85",SUBTOTAL
R00175,17,CGST @ 2.5%:                           31.45,TAX
R00175,18,SGST @ 2.5%:                           31.44,TAX
R00175,19,Rounding:                               0.26,TAX
R00175,20,"Net Payable:                       ₹1,321.00",TOTAL
R00175,21,--------------------------------------------,OTHER
R00175,22,THANK YOU VISIT AGAIN,FOOTER
R00176,0,SARAVANA BHAVAN,VENDOR
R00176,1,"18 T Nagar, Chennai 600017",ADDRESS
R00176,2,Ph: 9840011223,ADDRESS
R00176,3,GST No.: 33AAECS7788N1ZJ,GSTIN
R00176,4,CASH MEMO,OTHER
R00176,5,--------------------------------------------,OTHER
R00176,6,Invoice Number: TI-2025-73516,INVOICE
R00176,7,Bill Date: 2025-01-09,DATE
R00176,8,--------------------------------------------,OTHER
R00176,9,Item                     Qty          Amount,OTHER
R00176,10,Biryani                    1          215.93,ITEM
R00176,11,Butter Naan                1           74.83,ITEM
R00176,12,--------------------------------------------,OTHER
R00176,13,Total Qty: 2,OTHER
R00176,14,Total Before Tax:                     290.76,SUBTOTAL
R00176,15,CGST @ 2.5%:                            7.27,TAX
R00176,16,SGST @ 2.5%:                            7.27,TAX
R00176,17,Round Off Adj:                         -0.30,TAX
R00176,18,Total Amount:                        ₹305.00,TOTAL
R00176,19,--------------------------------------------,OTHER
R00176,20,Thank you for your business,FOOTER
R00177,0,PATEL STORES,VENDOR
R00177,1,"31 Adajan, Surat 395007",ADDRESS
R00177,2,Ph: 9825099001,ADDRESS
R00177,3,GSTIN/UIN: 24AAHCP6677V1Z8,GSTIN
R00177,4,CASH MEMO,OTHER
R00177,5,--------------------------------------------,OTHER
R00177,6,"Date: Jun 06, 2025",DATE
R00177,7,Receipt No: INV-2024-89668,INVOICE
R00177,8,--------------------------------------------,OTHER
R00177,9,Item                     Qty          Amount,OTHER
R00177,10,Toor Dal 1kg               3          426.69,ITEM
R00177,11,Sugar 1kg                  3          153.51,ITEM
R00177,12,Sugar 1kg                  2          106.88,ITEM
R00177,13,--------------------------------------------,OTHER
R00177,14,Total Qty: 8,OTHER
R00177,15,Taxable Amount:                       687.08,SUBTOTAL
R00177,16,CGST @ 2.5%:                           17.18,TAX
R00177,17,SGST @ 2.5%:                           17.17,TAX
R00177,18,Round Off:                             -0.43,TAX
R00177,19,Net Payable:                         ₹721.00,TOTAL
R00177,20,--------------------------------------------,OTHER
R00177,21,THANK YOU VISIT AGAIN,FOOTER
R00177,22,Cash Payment,FOOTER
R00178,0,PARK STREET CAFE,VENDOR
R00178,1,"40 Park Street, Kolkata 700017",ADDRESS
R00178,2,Ph: 9830044332,ADDRESS
R00178,3,GST No.: 19AAFCP7890X1ZW,GSTIN
R00178,4,TAX INVOICE,OTHER
R00178,5,--------------------------------------------,OTHER
R00178,6,Invoice No: INV-2025-08288,INVOICE
R00178,7,Date: 30.06.2025,DATE
R00178,8,--------------------------------------------,OTHER
R00178,9,Item                     Qty          Amount,OTHER
R00178,10,"Biryani                    4        1,356.16",ITEM
R00178,11,Filter Coffee              3          114.57,ITEM
R00178,12,Masala Dosa                3          365.34,ITEM
R00178,13,--------------------------------------------,OTHER
R00178,14,Total Qty: 10,OTHER
R00178,15,"Total Before Tax:                   1,836.07",SUBTOTAL
R00178,16,CGST @ 2.5%:                           45.90,TAX
R00178,17,SGST @ 2.5%:                           45.90,TAX
R00178,18,Rounding:                               0.13,TAX
R00178,19,"Amount Payable:                    ₹1,928.00",TOTAL
R00178,20,--------------------------------------------,OTHER
R00178,21,Goods once sold will not be taken back,FOOTER
R00178,22,UPI Payment,FOOTER
R00179,0,APOLLO PHARMACY OUTLET,VENDOR
R00179,1,"Rajiv Gandhi Salai, Chennai 600028",ADDRESS
R00179,2,GST Reg No: 33AAACA6677D1ZW,GSTIN
R00179,3,RETAIL INVOICE,OTHER
R00179,4,--------------------------------------------,OTHER
R00179,5,Invoice Date: 2025-02-14,DATE
R00179,6,Cash Memo No: TI-2025-28139,INVOICE
R00179,7,--------------------------------------------,OTHER
R00179,8,Item                     Qty          Amount,OTHER
R00179,9,Vitamin D3                 1          146.77,ITEM
R00179,10,Digital Thermometer        2          749.72,ITEM
R00179,11,Antiseptic Liquid          4          422.44,ITEM
R00179,12,Vitamin D3                 4          927.56,ITEM
R00179,13,--------------------------------------------,OTHER
R00179,14,"Total Before Tax:                   2,246.49",SUBTOTAL
R00179,15,CGST @ 6%:                            134.79,TAX
R00179,16,SGST @ 6%:                            134.79,TAX
R00179,17,Rounding:                              -0.07,TAX
R00179,18,"Amount Payable:                     2,516.00",TOTAL
R00179,19,--------------------------------------------,OTHER
R00179,20,Goods once sold will not be taken back,FOOTER
R00179,21,Cash Payment,FOOTER
R00180,0,INDIAN OIL FUEL STATION,VENDOR
R00180,1,"OMR Perungudi, Chennai 600096",ADDRESS
R00180,2,Ph: 9840055667,ADDRESS
R00180,3,GST No.: 33AAACI0123R1ZQ,GSTIN
R00180,4,GST INVOICE,OTHER
R00180,5,--------------------------------------------,OTHER
R00180,6,Date of Supply: 2025-05-01,DATE
R00180,7,Invoice No: RCPT-2025-35924,INVOICE
R00180,8,--------------------------------------------,OTHER
R00180,9,Product                 Litres          Amount,OTHER
R00180,10,"Petrol                    12        1,273.68",ITEM
R00180,11,"CNG                       29        2,442.38",ITEM
R00180,12,--------------------------------------------,OTHER
R00180,13,"Total Before Tax:                   3,716.06",SUBTOTAL
R00180,14,Round Off Adj:                         -0.06,TAX
R00180,15,"Total:                             ₹3,716.00",TOTAL
R00180,16,--------------------------------------------,OTHER
R00180,17,Goods once sold will not be taken back,FOOTER
R00181,0,SARAVANA BHAVAN,VENDOR
R00181,1,"18 T Nagar, Chennai 600017",ADDRESS
R00181,2,Ph: 9840011223,ADDRESS
R00181,3,GST No.: 33AAECS7788N1ZJ,GSTIN
R00181,4,GST INVOICE,OTHER
R00181,5,--------------------------------------------,OTHER
R00181,6,Receipt No: RCPT-2024-42970,INVOICE
R00181,7,Bill Date: 26/01/2025,DATE
R00181,8,Table: 22   Covers: 1,OTHER
R00181,9,--------------------------------------------,OTHER
R00181,10,Item                     Qty          Amount,OTHER
R00181,11,Filter Coffee              4          208.08,ITEM
R00181,12,Veg Thali                  1          247.91,ITEM
R00181,13,Filter Coffee              1           67.92,ITEM
R00181,14,--------------------------------------------,OTHER
R00181,15,Total Before Tax:                     523.91,SUBTOTAL
R00181,16,CGST @ 2.5%:                           13.10,TAX
R00181,17,SGST @ 2.5%:                           13.10,TAX
R00181,18,Round Off:                             -0.11,TAX
R00181,19,Net Payable:                         ₹550.00,TOTAL
R00181,20,--------------------------------------------,OTHER
R00181,21,Goods once sold will not be taken back,FOOTER
R00182,0,PARK STREET CAFE,VENDOR
R00182,1,"40 Park Street, Kolkata 700017",ADDRESS
R00182,2,Ph: 9830044332,ADDRESS
R00182,3,GST Reg No: 19AAFCP7890X1ZW,GSTIN
R00182,4,CASH MEMO,OTHER
R00182,5,--------------------------------------------,OTHER
R00182,6,Invoice No: BILL-2024-49733,INVOICE
R00182,7,Date: 10/08/2025,DATE
R00182,8,--------------------------------------------,OTHER
R00182,9,Item                     Qty          Amount,OTHER
R00182,10,Paneer Butter Masala       3          996.78,ITEM
R00182,11,Butter Naan                3          223.11,ITEM
R00182,12,Butter Naan                1           53.09,ITEM
R00182,13,--------------------------------------------,OTHER
R00182,14,Total Qty: 7,OTHER
R00182,15,"Taxable Value:                      1,272.98",SUBTOTAL
R00182,16,CGST @ 2.5%:                           31.83,TAX
R00182,17,SGST @ 2.5%:                           31.82,TAX
R00182,18,Round Off Adj:                          0.37,TAX
R00182,19,"Total Amount:                      ₹1,337.00",TOTAL
R00182,20,--------------------------------------------,OTHER
R00182,21,Subject to local jurisdiction,FOOTER
R00183,0,BENGAL BOOK DEPOT,VENDOR
R00183,1,"6 Park Street, Kolkata 700016",ADDRESS
R00183,2,Ph: 9830011234,ADDRESS
R00183,3,GSTIN: 19AACCB3456W1ZT,GSTIN
R00183,4,GST INVOICE,OTHER
R00183,5,--------------------------------------------,OTHER
R00183,6,Invoice No: INV-2024-20534,INVOICE
R00183,7,Dated: 01/07/2025,DATE
R00183,8,--------------------------------------------,OTHER
R00183,9,Item                     Qty          Amount,OTHER
R00183,10,Marker Pen                 3           76.14,ITEM
R00183,11,Notebook 200pg             3          263.31,ITEM
R00183,12,Stapler                    4          642.08,ITEM
R00183,13,A4 Paper Ream              2          534.48,ITEM
R00183,14,--------------------------------------------,OTHER
R00183,15,"Sub Total:                          1,516.01",SUBTOTAL
R00183,16,CGST @ 9%:                            136.44,TAX
R00183,17,SGST @ 9%:                            136.44,TAX
R00183,18,Round Off:                              0.11,TAX
R00183,19,"Amount Payable:                     1,789.00",TOTAL
R00183,20,--------------------------------------------,OTHER
R00183,21,*** CUSTOMER COPY ***,FOOTER
R00184,0,Hotel Sunrise Residency,VENDOR
R00184,1,"9 Connaught Place, New Delhi 110001",ADDRESS
R00184,2,Ph: 9811023456,ADDRESS
R00184,3,GSTIN: 07AACCH9012Q1Z8,GSTIN
R00184,4,CASH MEMO,OTHER
R00184,5,--------------------------------------------,OTHER
R00184,6,Bill No: TI-2025-31667,INVOICE
R00184,7,Date: 14-02-2025,DATE
R00184,8,--------------------------------------------,OTHER
R00184,9,Item                     Qty          Amount,OTHER
R00184,10,"Breakfast Buffet           4        2,777.72",ITEM
R00184,11,Laundry Service            3          786.57,ITEM
R00184,12,"Breakfast Buffet           2        1,599.46",ITEM
R00184,13,"Breakfast Buffet           4        2,088.44",ITEM
R00184,14,--------------------------------------------,OTHER
R00184,15,Total Qty: 13,OTHER
R00184,16,"Sub Total:                          7,252.19",SUBTOTAL
R00184,17,CGST @ 6%:                            435.13,TAX
R00184,18,SGST @ 6%:                            435.13,TAX
R00184,19,Rounding:                              -0.45,TAX
R00184,20,"Bill Total:                        ₹8,122.00",TOTAL
R00184,21,--------------------------------------------,OTHER
R00184,22,*** CUSTOMER COPY ***,FOOTER
R00185,0,APOLLO PHARMACY OUTLET,VENDOR
R00185,1,"Rajiv Gandhi Salai, Chennai 600028",ADDRESS
R00185,2,Ph: 9840099887,ADDRESS
R00185,3,GST Reg No: 33AAACA6677D1ZW,GSTIN
R00185,4,GST INVOICE,OTHER
R00185,5,--------------------------------------------,OTHER
R00185,6,Cash Memo No: INV-2024-79918,INVOICE
R00185,7,Bill Date: 01/04/2025,DATE
R00185,8,--------------------------------------------,OTHER
R00185,9,Item                     Qty          Amount,OTHER
R00185,10,Digital Thermometer        3          869.46,ITEM
R00185,11,"Digital Thermometer        3        1,100.49",ITEM
R00185,12,Digital Thermometer        2          372.92,ITEM
R00185,13,Vitamin D3                 3          935.97,ITEM
R00185,14,"Digital Thermometer        4        1,070.84",ITEM
R00185,15,Vitamin D3                 2          629.00,ITEM
R00185,16,--------------------------------------------,OTHER
R00185,17,"Sub Total:                          4,978.68",SUBTOTAL
R00185,18,IGST @ 12%:                           597.44,TAX
R00185,19,Round Off:                             -0.12,TAX
R00185,20,"Total:                              5,576.00",TOTAL
R00185,21,--------------------------------------------,OTHER
R00185,22,Subject to local jurisdiction,FOOTER
R00185,23,UPI Payment,FOOTER
R00186,0,SHELL SELECT FUEL POINT,VENDOR
R00186,1,"Whitefield Main Rd, Bengaluru 560066",ADDRESS
R00186,2,Ph: 9845077889,ADDRESS
R00186,3,GST No.: 29AAACS9911A1ZI,GSTIN
R00186,4,TAX INVOICE,OTHER
R00186,5,--------------------------------------------,OTHER
R00186,6,Dated: 2025-04-02,DATE
R00186,7,Invoice No: BILL-2025-12001,INVOICE
R00186,8,--------------------------------------------,OTHER
R00186,9,Product                 Litres          Amount,OTHER
R00186,10,"Diesel                    41        3,893.36",ITEM
R00186,11,"Petrol                    26        2,674.62",ITEM
R00186,12,--------------------------------------------,OTHER
R00186,13,"Sub Total:                          6,567.98",SUBTOTAL
R00186,14,Round Off Adj:                          0.02,TAX
R00186,15,"Amount Payable:                     6,568.00",TOTAL
R00186,16,--------------------------------------------,OTHER
R00186,17,THANK YOU VISIT AGAIN,FOOTER
R00186,18,Cash Payment,FOOTER
R00187,0,Deccan Office Supplies,VENDOR
R00187,1,"12 Madhapur, Hyderabad 500032",ADDRESS
R00187,2,Ph: 9848077665,ADDRESS
R00187,3,GSTIN: 36AAGCD8899T1Z8,GSTIN
R00187,4,GST INVOICE,OTHER
R00187,5,--------------------------------------------,OTHER
R00187,6,Date: 08-01-2025,DATE
R00187,7,Cash Memo No: BILL-2024-64447,INVOICE
R00187,8,--------------------------------------------,OTHER
R00187,9,Item                     Qty          Amount,OTHER
R00187,10,File Folder                2          104.94,ITEM
R00187,11,Marker Pen                 3          140.04,ITEM
R00187,12,--------------------------------------------,OTHER
R00187,13,Total Qty: 5,OTHER
R00187,14,Subtotal:                             244.98,SUBTOTAL
R00187,15,CGST @ 9%:                             22.05,TAX
R00187,16,SGST @ 9%:                             22.05,TAX
R00187,17,Round Off:                             -0.08,TAX
R00187,18,Grand Total:                          289.00,TOTAL
R00187,19,--------------------------------------------,OTHER
R00187,20,THANK YOU VISIT AGAIN,FOOTER
R00187,21,UPI Payment,FOOTER
R00188,0,Sharma Traders Pvt Ltd,VENDOR
R00188,1,"14 MG Road, Bengaluru 560001",ADDRESS
R00188,2,Ph: 9845012345,ADDRESS
R00188,3,GSTIN: 29AAGCB7383J1Z4,GSTIN
R00188,4,CASH MEMO,OTHER
R00188,5,--------------------------------------------,OTHER
R00188,6,Invoice Number: TI-2025-36922,INVOICE
R00188,7,Bill Date: 2025-06-09,DATE
R00188,8,--------------------------------------------,OTHER
R00188,9,Item                     Qty          Amount,OTHER
R00188,10,Stapler                    1          203.98,ITEM
R00188,11,File Folder                3          191.73,ITEM
R00188,12,Notebook 200pg             1          100.29,ITEM
R00188,13,Notebook 200pg             4          462.20,ITEM
R00188,14,Notebook 200pg             1          104.83,ITEM
R00188,15,A4 Paper Ream              1          289.60,ITEM
R00188,16,--------------------------------------------,OTHER
R00188,17,"Sub Total:                          1,352.63",SUBTOTAL
R00188,18,CGST @ 9%:                            121.74,TAX
R00188,19,SGST @ 9%:                            121.73,TAX
R00188,20,Round Off Adj:                         -0.10,TAX
R00188,21,"Net Payable:                        1,596.00",TOTAL
R00188,22,--------------------------------------------,OTHER
R00188,23,*** CUSTOMER COPY ***,FOOTER
R00189,0,APOLLO PHARMACY OUTLET,VENDOR
R00189,1,"Rajiv Gandhi Salai, Chennai 600028",ADDRESS
R00189,2,Ph: 9840099887,ADDRESS
R00189,3,GSTIN: 33AAACA6677D1ZW,GSTIN
R00189,4,TAX INVOICE,OTHER
R00189,5,--------------------------------------------,OTHER
R00189,6,Inv No: BILL-2025-20670,INVOICE
R00189,7,Invoice Date: 2025-06-26,DATE
R00189,8,--------------------------------------------,OTHER
R00189,9,Item                     Qty          Amount,OTHER
R00189,10,Digital Thermometer        3          751.71,ITEM
R00189,11,Paracetamol Strip          2           47.78,ITEM
R00189,12,Vitamin D3                 2          407.90,ITEM
R00189,13,Vitamin D3                 2          477.60,ITEM
R00189,14,Digital Thermometer        2          627.64,ITEM
R00189,15,--------------------------------------------,OTHER
R00189,16,Total Qty: 11,OTHER
R00189,17,"Subtotal:                           2,312.63",SUBTOTAL
R00189,18,CGST @ 6%:                            138.76,TAX
R00189,19,SGST @ 6%:                            138.76,TAX
R00189,20,Rounding:                              -0.15,TAX
R00189,21,"Total:                             ₹2,590.00",TOTAL
R00189,22,--------------------------------------------,OTHER
R00189,23,Subject to local jurisdiction,FOOTER
R00189,24,Cash Payment,FOOTER
R00190,0,SHELL SELECT FUEL POINT,VENDOR
R00190,1,"Whitefield Main Rd, Bengaluru 560066",ADDRESS
R00190,2,Ph: 9845077889,ADDRESS
R00190,3,GSTIN/UIN: 29AAACS9911A1ZI,GSTIN
R00190,4,RETAIL INVOICE,OTHER
R00190,5,--------------------------------------------,OTHER
R00190,6,"Dated: Feb 25, 2025",DATE
R00190,7,Cash Memo No: TI-2024-71914,INVOICE
R00190,8,--------------------------------------------,OTHER
R00190,9,Product                 Litres          Amount,OTHER
R00190,10,"Petrol                    29        2,807.20",ITEM
R00190,11,--------------------------------------------,OTHER
R00190,12,"Taxable Amount:                     2,807.20",SUBTOTAL
R00190,13,Round Off Adj:                         -0.20,TAX
R00190,14,"Amount Payable:                    ₹2,807.00",TOTAL
R00190,15,--------------------------------------------,OTHER
R00190,16,*** CUSTOMER COPY ***,FOOTER
R00190,17,Cash Payment,FOOTER
R00191,0,GANGA DEPARTMENTAL STORE,VENDOR
R00191,1,"17 Mall Road, Kanpur 208001",ADDRESS
R00191,2,Ph: 9839066554,ADDRESS
R00191,3,GSTIN: 09AABCG5566Z1ZD,GSTIN
R00191,4,CASH MEMO,OTHER
R00191,5,--------------------------------------------,OTHER
R00191,6,Cash Memo No: RCPT-2024-40223,INVOICE
R00191,7,Date: 06-Apr-2025,DATE
R00191,8,--------------------------------------------,OTHER
R00191,9,Item                     Qty          Amount,OTHER
R00191,10,Milk 1L                    4          212.00,ITEM
R00191,11,Sunflower Oil 1L           4          680.16,ITEM
R00191,12,--------------------------------------------,OTHER
R00191,13,Subtotal:                             892.16,SUBTOTAL
R00191,14,IGST @ 5%:                             44.61,TAX
R00191,15,Rounding:                               0.23,TAX
R00191,16,Grand Total:                          937.00,TOTAL
R00191,17,--------------------------------------------,OTHER
R00191,18,Goods once sold will not be taken back,FOOTER
R00192,0,CAFE COFFEE JUNCTION,VENDOR
R00192,1,"8 Indiranagar, Bengaluru 560095",ADDRESS
R00192,2,Ph: 9845033445,ADDRESS
R00192,3,GST No.: 29AAECC2233B1Z7,GSTIN
R00192,4,RETAIL INVOICE,OTHER
R00192,5,--------------------------------------------,OTHER
R00192,6,Cash Memo No: TI-2025-56017,INVOICE
R00192,7,Date: 2025-06-21,DATE
R00192,8,Table: 2   Covers: 5,OTHER
R00192,9,--------------------------------------------,OTHER
R00192,10,Item                     Qty          Amount,OTHER
R00192,11,Masala Dosa                4          427.80,ITEM
R00192,12,Biryani                    2          518.06,ITEM
R00192,13,--------------------------------------------,OTHER
R00192,14,Taxable Value:                        945.86,SUBTOTAL
R00192,15,CGST @ 2.5%:                           23.65,TAX
R00192,16,SGST @ 2.5%:                           23.64,TAX
R00192,17,Rounding:                              -0.15,TAX
R00192,18,Total Amount:                         993.00,TOTAL
R00192,19,--------------------------------------------,OTHER
R00192,20,Goods once sold will not be taken back,FOOTER
R00193,0,KUMAR MEDICALS,VENDOR
R00193,1,"44 Kalkaji Main Rd, New Delhi 110019",ADDRESS
R00193,2,Ph: 9811099887,ADDRESS
R00193,3,GST Reg No: 07AAFCK3321L1ZK,GSTIN
R00193,4,CASH MEMO,OTHER
R00193,5,--------------------------------------------,OTHER
R00193,6,Invoice Number: BILL-2025-57794,INVOICE
R00193,7,Date of Supply: 21/05/2025,DATE
R00193,8,--------------------------------------------,OTHER
R00193,9,Item                     Qty          Amount,OTHER
R00193,10,Digital Thermometer        1          369.91,ITEM
R00193,11,Antiseptic Liquid          3          337.92,ITEM
R00193,12,Paracetamol Strip          1           44.40,ITEM
R00193,13,Vitamin D3                 3          548.97,ITEM
R00193,14,Digital Thermometer        1          321.86,ITEM
R00193,15,--------------------------------------------,OTHER
R00193,16,Total Qty: 9,OTHER
R00193,17,"Subtotal:                           1,623.06",SUBTOTAL
R00193,18,CGST @ 6%:                             97.39,TAX
R00193,19,SGST @ 6%:                             97.38,TAX
R00193,20,Round Off:                              0.17,TAX
R00193,21,"Grand Total:                       ₹1,818.00",TOTAL
R00193,22,--------------------------------------------,OTHER
R00193,23,Thank you for your business,FOOTER
R00193,24,Card Payment,FOOTER
R00194,0,HYDERABAD BIRYANI HOUSE,VENDOR
R00194,1,"5 Gachibowli, Hyderabad 500081",ADDRESS
R00194,2,Ph: 9848012345,ADDRESS
R00194,3,GSTIN: 36AADCH4567S1ZS,GSTIN
R00194,4,TAX INVOICE,OTHER
R00194,5,--------------------------------------------,OTHER
R00194,6,Bill No: INV-2024-02552,INVOICE
R00194,7,Invoice Date: 20/07/2025,DATE
R00194,8,Table: 21   Covers: 4,OTHER
R00194,9,--------------------------------------------,OTHER
R00194,10,Item                     Qty          Amount,OTHER
R00194,11,Butter Naan                2           98.66,ITEM
R00194,12,Paneer Butter Masala       2          368.20,ITEM
R00194,13,Biryani                    1          268.21,ITEM
R00194,14,Butter Naan                4          288.52,ITEM
R00194,15,Biryani                    2          592.52,ITEM
R00194,16,--------------------------------------------,OTHER
R00194,17,"Taxable Value:                      1,616.11",SUBTOTAL
R00194,18,CGST @ 2.5%:                           40.41,TAX
R00194,19,SGST @ 2.5%:                           40.40,TAX
R00194,20,Round Off:                              0.08,TAX
R00194,21,"Amount Payable:                    ₹1,697.00",TOTAL
R00194,22,--------------------------------------------,OTHER
R00194,23,Subject to local jurisdiction,FOOTER
R00195,0,Mumbai Print Solutions LLP,VENDOR
R00195,1,"21 Lower Parel, Mumbai 400013",ADDRESS
R00195,2,Ph: 9820077331,ADDRESS
R00195,3,GSTIN/UIN: 27AAFCM4455C1ZM,GSTIN
R00195,4,CASH MEMO,OTHER
R00195,5,--------------------------------------------,OTHER
R00195,6,"Bill Date: Mar 12, 2025",DATE
R00195,7,Invoice No: BILL-2025-81908,INVOICE
R00195,8,--------------------------------------------,OTHER
R00195,9,Item                     Qty          Amount,OTHER
R00195,10,"Business Cards 500         2        1,462.46",ITEM
R00195,11,"Brochure Print 100         1        2,908.99",ITEM
R00195,12,Business Cards 500         1          713.17,ITEM
R00195,13,"Brochure Print 100         2        6,481.42",ITEM
R00195,14,"Business Cards 500         3        2,522.19",ITEM
R00195,15,Poster A2                  4          861.80,ITEM
R00195,16,--------------------------------------------,OTHER
R00195,17,Total Qty: 13,OTHER
R00195,18,"Taxable Amount:                    14,950.03",SUBTOTAL
R00195,19,"CGST @ 9%:                          1,345.51",TAX
R00195,20,"SGST @ 9%:                          1,345.50",TAX
R00195,21,Rounding:                              -0.04,TAX
R00195,22,"Net Payable:                       17,641.00",TOTAL
R00195,23,--------------------------------------------,OTHER
R00195,24,THANK YOU VISIT AGAIN,FOOTER
R00196,0,PARK STREET CAFE,VENDOR
R00196,1,"40 Park Street, Kolkata 700017",ADDRESS
R00196,2,Ph: 9830044332,ADDRESS
R00196,3,GST Reg No: 19AAFCP7890X1ZW,GSTIN
R00196,4,CASH MEMO,OTHER
R00196,5,--------------------------------------------,OTHER
R00196,6,Dated: 04/07/2025,DATE
R00196,7,Receipt No: BILL-2025-67887,INVOICE
R00196,8,--------------------------------------------,OTHER
R00196,9,Item                     Qty          Amount,OTHER
R00196,10,Paneer Butter Masala       2          484.86,ITEM
R00196,11,"Paneer Butter Masala       4        1,228.32",ITEM
R00196,12,Masala Dosa                3          361.47,ITEM
R00196,13,Masala Dosa                2          171.16,ITEM
R00196,14,--------------------------------------------,OTHER
R00196,15,Total Qty: 11,OTHER
R00196,16,"Total Before Tax:                   2,245.81",SUBTOTAL
R00196,17,IGST @ 5%:                            112.29,TAX
R00196,18,Rounding:                              -0.10,TAX
R00196,19,"Net Payable:                       ₹2,358.00",TOTAL
R00196,20,--------------------------------------------,OTHER
R00196,21,*** CUSTOMER COPY ***,FOOTER
R00197,0,APOLLO PHARMACY OUTLET,VENDOR
R00197,1,"Rajiv Gandhi Salai, Chennai 600028",ADDRESS
R00197,2,Ph: 9840099887,ADDRESS
R00197,3,GST No.: 33AAACA6677D1ZW,GSTIN
R00197,4,TAX INVOICE,OTHER
R00197,5,--------------------------------------------,OTHER
R00197,6,Inv No: RCPT-2024-91727,INVOICE
R00197,7,"Date: Jan 09, 2025",DATE
R00197,8,--------------------------------------------,OTHER
R00197,9,Item                     Qty          Amount,OTHER
R00197,10,Antiseptic Liquid          3          309.36,ITEM
R00197,11,Vitamin D3                 1          222.84,ITEM
R00197,12,Paracetamol Strip          4          172.52,ITEM
R00197,13,Antiseptic Liquid          3          538.89,ITEM
R00197,14,--------------------------------------------,OTHER
R00197,15,"Sub Total:                          1,243.61",SUBTOTAL
R00197,16,CGST @ 6%:                             74.62,TAX
R00197,17,SGST @ 6%:                             74.61,TAX
R00197,18,Rounding:                               0.16,TAX
R00197,19,"Total Amount:                      ₹1,393.00",TOTAL
R00197,20,--------------------------------------------,OTHER
R00197,21,THANK YOU VISIT AGAIN,FOOTER
R00197,22,UPI Payment,FOOTER
R00198,0,PARK STREET CAFE,VENDOR
R00198,1,"40 Park Street, Kolkata 700017",ADDRESS
R00198,2,Ph: 9830044332,ADDRESS
R00198,3,GST No.: 19AAFCP7890X1ZW,GSTIN
R00198,4,CASH MEMO,OTHER
R00198,5,--------------------------------------------,OTHER
R00198,6,"Dated: May 25, 2025",DATE
R00198,7,Bill No: RCPT-2024-41715,INVOICE
R00198,8,--------------------------------------------,OTHER
R00198,9,Item                     Qty          Amount,OTHER
R00198,10,Masala Dosa                3          452.31,ITEM
R00198,11,Paneer Butter Masala       2          487.20,ITEM
R00198,12,Biryani                    3          882.96,ITEM
R00198,13,Masala Dosa                4          473.20,ITEM
R00198,14,Butter Naan                2          124.58,ITEM
R00198,15,Paneer Butter Masala       4          982.72,ITEM
R00198,16,--------------------------------------------,OTHER
R00198,17,Total Qty: 18,OTHER
R00198,18,"Taxable Amount:                     3,402.97",SUBTOTAL
R00198,19,CGST @ 2.5%:                           85.08,TAX
R00198,20,SGST @ 2.5%:                           85.07,TAX
R00198,21,Round Off:                             -0.12,TAX
R00198,22,"Bill Total:                         3,573.00",TOTAL
R00198,23,--------------------------------------------,OTHER
R00198,24,Goods once sold will not be taken back,FOOTER
R00199,0,ANNAPURNA RESTAURANT,VENDOR
R00199,1,"22 Koramangala 5th Blk, Bengaluru 560034",ADDRESS
R00199,2,Ph: 9845112233,ADDRESS
R00199,3,GST Reg No: 29AABCA1234M1ZQ,GSTIN
R00199,4,CASH MEMO,OTHER
R00199,5,--------------------------------------------,OTHER
R00199,6,Dated: 22.06.2025,DATE
R00199,7,Invoice Number: TI-2025-68280,INVOICE
R00199,8,--------------------------------------------,OTHER
R00199,9,Item                     Qty          Amount,OTHER
R00199,10,Masala Dosa                2          194.48,ITEM
R00199,11,Butter Naan                1           56.14,ITEM
R00199,12,Veg Thali                  1          290.67,ITEM
R00199,13,Veg Thali                  1          317.40,ITEM
R00199,14,Veg Thali                  3          929.82,ITEM
R00199,15,--------------------------------------------,OTHER
R00199,16,"Taxable Value:                      1,788.51",SUBTOTAL
R00199,17,CGST @ 2.5%:                           44.72,TAX
R00199,18,SGST @ 2.5%:                           44.71,TAX
R00199,19,Rounding:                               0.06,TAX
R00199,20,"Amount Payable:                     1,878.00",TOTAL
R00199,21,--------------------------------------------,OTHER
R00199,22,THANK YOU VISIT AGAIN,FOOTER
R00200,0,HYDERABAD BIRYANI HOUSE,VENDOR
R00200,1,"5 Gachibowli, Hyderabad 500081",ADDRESS
R00200,2,Ph: 9848012345,ADDRESS
R00200,3,GSTIN/UIN: 36AADCH4567S1ZS,GSTIN
R00200,4,CASH MEMO,OTHER
R00200,5,--------------------------------------------,OTHER
R00200,6,Invoice Date: 25.04.2025,DATE
R00200,7,Cash Memo No: RCPT-2025-13166,INVOICE
R00200,8,Table: 8   Covers: 1,OTHER
R00200,9,--------------------------------------------,OTHER
R00200,10,Item                     Qty          Amount,OTHER
R00200,11,Paneer Butter Masala       3          638.19,ITEM
R00200,12,Butter Naan                2          142.06,ITEM
R00200,13,Butter Naan                1           41.69,ITEM
R00200,14,Filter Coffee              2          107.28,ITEM
R00200,15,--------------------------------------------,OTHER
R00200,16,Taxable Amount:                       929.22,SUBTOTAL
R00200,17,CGST @ 2.5%:                           23.23,TAX
R00200,18,SGST @ 2.5%:                           23.23,TAX
R00200,19,Round Off:                              0.32,TAX
R00200,20,Total:                               ₹976.00,TOTAL
R00200,21,--------------------------------------------,OTHER
R00200,22,Goods once sold will not be taken back,FOOTER
R00201,0,KUMAR MEDICALS,VENDOR
R00201,1,"44 Kalkaji Main Rd, New Delhi 110019",ADDRESS
R00201,2,Ph: 9811099887,ADDRESS
R00201,3,GST No.: 07AAFCK3321L1ZK,GSTIN
R00201,4,TAX INVOICE,OTHER
R00201,5,--------------------------------------------,OTHER
R00201,6,Dated: 18-06-2025,DATE
R00201,7,Invoice No: INV-2025-41657,INVOICE
R00201,8,--------------------------------------------,OTHER
R00201,9,Item                     Qty          Amount,OTHER
R00201,10,Antiseptic Liquid          2          265.26,ITEM
R00201,11,Paracetamol Strip          1           32.30,ITEM
R00201,12,--------------------------------------------,OTHER
R00201,13,Taxable Value:                        297.56,SUBTOTAL
R00201,14,CGST @ 6%:                             17.86,TAX
R00201,15,SGST @ 6%:                             17.85,TAX
R00201,16,Round Off:                             -0.27,TAX
R00201,17,Amount Payable:                       333.00,TOTAL
R00201,18,--------------------------------------------,OTHER
R00201,19,Thank you for your business,FOOTER
R00201,20,Card Payment,FOOTER
R00202,0,INDIAN OIL FUEL STATION,VENDOR
R00202,1,"OMR Perungudi, Chennai 600096",ADDRESS
R00202,2,Ph: 9840055667,ADDRESS
R00202,3,GSTIN: 33AAACI0123R1ZQ,GSTIN
R00202,4,CASH MEMO,OTHER
R00202,5,--------------------------------------------,OTHER
R00202,6,"Date of Supply: Jun 03, 2025",DATE
R00202,7,Inv No: INV-2024-18523,INVOICE
R00202,8,--------------------------------------------,OTHER
R00202,9,Product                 Litres          Amount,OTHER
R00202,10,"Petrol                    29        3,030.79",ITEM
R00202,11,--------------------------------------------,OTHER
R00202,12,"Taxable Value:                      3,030.79",SUBTOTAL
R00202,13,Rounding:                               0.21,TAX
R00202,14,"Total Amount:                       3,031.00",TOTAL
R00202,15,--------------------------------------------,OTHER
R00202,16,Thank you for your business,FOOTER
R00203,0,CAFE COFFEE JUNCTION,VENDOR
R00203,1,"8 Indiranagar, Bengaluru 560095",ADDRESS
R00203,2,Ph: 9845033445,ADDRESS
R00203,3,GST No.: 29AAECC2233B1Z7,GSTIN
R00203,4,TAX INVOICE,OTHER
R00203,5,--------------------------------------------,OTHER
R00203,6,Invoice Number: BILL-2024-15715,INVOICE
R00203,7,Date of Supply: 2025-01-28,DATE
R00203,8,Table: 10   Covers: 5,OTHER
R00203,9,--------------------------------------------,OTHER
R00203,10,Item                     Qty          Amount,OTHER
R00203,11,Veg Thali                  2          375.44,ITEM
R00203,12,Filter Coffee              4          251.28,ITEM
R00203,13,Veg Thali                  3          524.25,ITEM
R00203,14,Filter Coffee              3           94.14,ITEM
R00203,15,Veg Thali                  2          349.04,ITEM
R00203,16,Paneer Butter Masala       3          814.74,ITEM
R00203,17,--------------------------------------------,OTHER
R00203,18,"Subtotal:                           2,408.89",SUBTOTAL
R00203,19,IGST @ 5%:                            120.44,TAX
R00203,20,Round Off:                             -0.33,TAX
R00203,21,"Amount Payable:                     2,529.00",TOTAL
R00203,22,--------------------------------------------,OTHER
R00203,23,*** CUSTOMER COPY ***,FOOTER
R00203,24,Card Payment,FOOTER
R00204,0,CAFE COFFEE JUNCTION,VENDOR
R00204,1,"8 Indiranagar, Bengaluru 560095",ADDRESS
R00204,2,Ph: 9845033445,ADDRESS
R00204,3,GSTIN: 29AAECC2233B1Z7,GSTIN
R00204,4,TAX INVOICE,OTHER
R00204,5,--------------------------------------------,OTHER
R00204,6,"Bill Date: Aug 04, 2025",DATE
R00204,7,Invoice No: TI-2024-38610,INVOICE
R00204,8,Table: 17   Covers: 2,OTHER
R00204,9,--------------------------------------------,OTHER
R00204,10,Item                     Qty          Amount,OTHER
R00204,11,Veg Thali                  3          483.15,ITEM
R00204,12,Veg Thali                  3          933.78,ITEM
R00204,13,Paneer Butter Masala       1          308.85,ITEM
R00204,14,Filter Coffee              4          223.64,ITEM
R00204,15,--------------------------------------------,OTHER
R00204,16,Total Qty: 11,OTHER
R00204,17,"Total Before Tax:                   1,949.42",SUBTOTAL
R00204,18,CGST @ 2.5%:                           48.74,TAX
R00204,19,SGST @ 2.5%:                           48.73,TAX
R00204,20,Rounding:                               0.11,TAX
R00204,21,"Grand Total:                       ₹2,047.00",TOTAL
R00204,22,--------------------------------------------,OTHER
R00204,23,THANK YOU VISIT AGAIN,FOOTER
R00204,24,Cash Payment,FOOTER
R00205,0,CAFE COFFEE JUNCTION,VENDOR
R00205,1,"8 Indiranagar, Bengaluru 560095",ADDRESS
R00205,2,Ph: 9845033445,ADDRESS
R00205,3,GST No.: 29AAECC2233B1Z7,GSTIN
R00205,4,RETAIL INVOICE,OTHER
R00205,5,--------------------------------------------,OTHER
R00205,6,Bill Date: 21-Apr-2025,DATE
R00205,7,Bill No: RCPT-2024-39050,INVOICE
R00205,8,Table: 13   Covers: 4,OTHER
R00205,9,--------------------------------------------,OTHER
R00205,10,Item                     Qty          Amount,OTHER
R00205,11,Veg Thali                  2          604.80,ITEM
R00205,12,Filter Coffee              4          173.52,ITEM
R00205,13,Biryani                    1          255.45,ITEM
R00205,14,Masala Dosa                3          333.90,ITEM
R00205,15,Masala Dosa                1          115.98,ITEM
R00205,16,--------------------------------------------,OTHER
R00205,17,Total Qty: 11,OTHER
R00205,18,"Sub Total:                          1,483.65",SUBTOTAL
R00205,19,CGST @ 2.5%:                           37.09,TAX
R00205,20,SGST @ 2.5%:                           37.09,TAX
R00205,21,Rounding:                               0.17,TAX
R00205,22,"Total:                             ₹1,558.00",TOTAL
R00205,23,--------------------------------------------,OTHER
R00205,24,Goods once sold will not be taken back,FOOTER
R00205,25,Cash Payment,FOOTER
R00206,0,BENGAL BOOK DEPOT,VENDOR
R00206,1,"6 Park Street, Kolkata 700016",ADDRESS
R00206,2,GST Reg No: 19AACCB3456W1ZT,GSTIN
R00206,3,RETAIL INVOICE,OTHER
R00206,4,--------------------------------------------,OTHER
R00206,5,Bill No: RCPT-2024-40076,INVOICE
R00206,6,Date: 11.07.2025,DATE
R00206,7,--------------------------------------------,OTHER
R00206,8,Item                     Qty          Amount,OTHER
R00206,9,File Folder                3          181.65,ITEM
R00206,10,Stapler                    3          451.83,ITEM
R00206,11,Stapler                    4          907.36,ITEM
R00206,12,--------------------------------------------,OTHER
R00206,13,Total Qty: 10,OTHER
R00206,14,"Taxable Value:                      1,540.84",SUBTOTAL
R00206,15,CGST @ 9%:                            138.68,TAX
R00206,16,SGST @ 9%:                            138.67,TAX
R00206,17,Round Off Adj:                         -0.19,TAX
R00206,18,"Amount Payable:                     1,818.00",TOTAL
R00206,19,--------------------------------------------,OTHER
R00206,20,Thank you for your business,FOOTER
R00207,0,HYDERABAD BIRYANI HOUSE,VENDOR
R00207,1,"5 Gachibowli, Hyderabad 500081",ADDRESS
R00207,2,Ph: 9848012345,ADDRESS
R00207,3,GSTIN/UIN: 36AADCH4567S1ZS,GSTIN
R00207,4,GST INVOICE,OTHER
R00207,5,--------------------------------------------,OTHER
R00207,6,Receipt No: INV-2025-68366,INVOICE
R00207,7,Dated: 08.06.2025,DATE
R00207,8,--------------------------------------------,OTHER
R00207,9,Item                     Qty          Amount,OTHER
R00207,10,Masala Dosa                1          135.07,ITEM
R00207,11,Paneer Butter Masala       1          326.21,ITEM
R00207,12,Veg Thali                  4          875.36,ITEM
R00207,13,Masala Dosa                2          205.66,ITEM
R00207,14,Filter Coffee              1           42.10,ITEM
R00207,15,--------------------------------------------,OTHER
R00207,16,"Taxable Value:                      1,584.40",SUBTOTAL
R00207,17,CGST @ 2.5%:                           39.61,TAX
R00207,18,SGST @ 2.5%:                           39.61,TAX
R00207,19,Round Off Adj:                          0.38,TAX
R00207,20,"Amount Payable:                    ₹1,664.00",TOTAL
R00207,21,--------------------------------------------,OTHER
R00207,22,Thank you for your business,FOOTER
R00208,0,GANGA DEPARTMENTAL STORE,VENDOR
R00208,1,"17 Mall Road, Kanpur 208001",ADDRESS
R00208,2,Ph: 9839066554,ADDRESS
R00208,3,GSTIN/UIN: 09AABCG5566Z1ZD,GSTIN
R00208,4,GST INVOICE,OTHER
R00208,5,--------------------------------------------,OTHER
R00208,6,Date: 2025-03-24,DATE
R00208,7,Invoice No: INV-2025-44035,INVOICE
R00208,8,--------------------------------------------,OTHER
R00208,9,Item                     Qty          Amount,OTHER
R00208,10,Milk 1L                    2          104.66,ITEM
R00208,11,Toor Dal 1kg               1          172.61,ITEM
R00208,12,Sugar 1kg                  3          160.65,ITEM
R00208,13,Sugar 1kg                  1           43.38,ITEM
R00208,14,Sunflower Oil 1L           4          720.40,ITEM
R00208,15,Milk 1L                    3          185.94,ITEM
R00208,16,--------------------------------------------,OTHER
R00208,17,"Subtotal:                           1,387.64",SUBTOTAL
R00208,18,CGST @ 2.5%:                           34.69,TAX
R00208,19,SGST @ 2.5%:                           34.69,TAX
R00208,20,Round Off:                             -0.02,TAX
R00208,21,"Total:                              1,457.00",TOTAL
R00208,22,--------------------------------------------,OTHER
R00208,23,THANK YOU VISIT AGAIN,FOOTER
R00208,24,Cash Payment,FOOTER
R00209,0,ANNAPURNA RESTAURANT,VENDOR
R00209,1,"22 Koramangala 5th Blk, Bengaluru 560034",ADDRESS
R00209,2,Ph: 9845112233,ADDRESS
R00209,3,GSTIN/UIN: 29AABCA1234M1ZQ,GSTIN
R00209,4,RETAIL INVOICE,OTHER
R00209,5,--------------------------------------------,OTHER
R00209,6,Date: 2025-01-14,DATE
R00209,7,Bill No: BILL-2025-78403,INVOICE
R00209,8,Table: 10   Covers: 2,OTHER
R00209,9,--------------------------------------------,OTHER
R00209,10,Item                     Qty          Amount,OTHER
R00209,11,Paneer Butter Masala       2          641.08,ITEM
R00209,12,Butter Naan                3          209.91,ITEM
R00209,13,Masala Dosa                4          404.84,ITEM
R00209,14,Veg Thali                  3          909.39,ITEM
R00209,15,--------------------------------------------,OTHER
R00209,16,Total Qty: 12,OTHER
R00209,17,"Subtotal:                           2,165.22",SUBTOTAL
R00209,18,CGST @ 2.5%:                           54.13,TAX
R00209,19,SGST @ 2.5%:                           54.13,TAX
R00209,20,Round Off Adj:                         -0.48,TAX
R00209,21,"Net Payable:                       ₹2,273.00",TOTAL
R00209,22,--------------------------------------------,OTHER
R00209,23,Goods once sold will not be taken back,FOOTER
R00209,24,Cash Payment,FOOTER
R00210,0,INDIAN OIL FUEL STATION,VENDOR
R00210,1,"OMR Perungudi, Chennai 600096",ADDRESS
R00210,2,GSTIN/UIN: 33AAACI0123R1ZQ,GSTIN
R00210,3,CASH MEMO,OTHER
R00210,4,--------------------------------------------,OTHER
R00210,5,Date: 12-Jul-2025,DATE
R00210,6,Bill No: RCPT-2024-37866,INVOICE
R00210,7,--------------------------------------------,OTHER
R00210,8,Product                 Litres          Amount,OTHER
R00210,9,"Diesel                    16        1,481.28",ITEM
R00210,10,"Petrol                    41        4,213.57",ITEM
R00210,11,--------------------------------------------,OTHER
R00210,12,"Total Before Tax:                   5,694.85",SUBTOTAL
R00210,13,Round Off Adj:                          0.15,TAX
R00210,14,"Bill Total:                         5,695.00",TOTAL
R00210,15,--------------------------------------------,OTHER
R00210,16,Thank you for your business,FOOTER
R00210,17,UPI Payment,FOOTER
R00211,0,BENGAL BOOK DEPOT,VENDOR
R00211,1,"6 Park Street, Kolkata 700016",ADDRESS
R00211,2,GST Reg No: 19AACCB3456W1ZT,GSTIN
R00211,3,GST INVOICE,OTHER
R00211,4,--------------------------------------------,OTHER
R00211,5,Date: 30/01/2025,DATE
R00211,6,Bill No: INV-2025-04168,INVOICE
R00211,7,--------------------------------------------,OTHER
R00211,8,Item                     Qty          Amount,OTHER
R00211,9,Notebook 200pg             2          224.00,ITEM
R00211,10,"Printer Ink                2        2,212.18",ITEM
R00211,11,Stapler                    2          463.96,ITEM
R00211,12,Stapler                    4          583.48,ITEM
R00211,13,--------------------------------------------,OTHER
R00211,14,"Total Before Tax:                   3,483.62",SUBTOTAL
R00211,15,CGST @ 9%:                            313.53,TAX
R00211,16,SGST @ 9%:                            313.52,TAX
R00211,17,Rounding:                               0.33,TAX
R00211,18,"Bill Total:                        ₹4,111.00",TOTAL
R00211,19,--------------------------------------------,OTHER
R00211,20,Subject to local jurisdiction,FOOTER
R00212,0,SARAVANA BHAVAN,VENDOR
R00212,1,"18 T Nagar, Chennai 600017",ADDRESS
R00212,2,GST No.: 33AAECS7788N1ZJ,GSTIN
R00212,3,RETAIL INVOICE,OTHER
R00212,4,--------------------------------------------,OTHER
R00212,5,Bill Date: 2025-07-08,DATE
R00212,6,Bill No: BILL-2024-93601,INVOICE
R00212,7,Table: 13   Covers: 3,OTHER
R00212,8,--------------------------------------------,OTHER
R00212,9,Item                     Qty          Amount,OTHER
R00212,10,Masala Dosa                3          396.21,ITEM
R00212,11,Filter Coffee              2           71.58,ITEM
R00212,12,Masala Dosa                4          469.76,ITEM
R00212,13,Biryani                    2          636.40,ITEM
R00212,14,--------------------------------------------,OTHER
R00212,15,Total Qty: 11,OTHER
R00212,16,"Subtotal:                           1,573.95",SUBTOTAL
R00212,17,CGST @ 2.5%:                           39.35,TAX
R00212,18,SGST @ 2.5%:                           39.35,TAX
R00212,19,Round Off Adj:                          0.35,TAX
R00212,20,"Bill Total:                        ₹1,653.00",TOTAL
R00212,21,--------------------------------------------,OTHER
R00212,22,*** CUSTOMER COPY ***,FOOTER
R00212,23,Card Payment,FOOTER
R00213,0,Sharma Traders Pvt Ltd,VENDOR
R00213,1,"14 MG Road, Bengaluru 560001",ADDRESS
R00213,2,Ph: 9845012345,ADDRESS
R00213,3,GST Reg No: 29AAGCB7383J1Z4,GSTIN
R00213,4,CASH MEMO,OTHER
R00213,5,--------------------------------------------,OTHER
R00213,6,Invoice No: TI-2024-01234,INVOICE
R00213,7,Invoice Date: 2025-05-04,DATE
R00213,8,--------------------------------------------,OTHER
R00213,9,Item                     Qty          Amount,OTHER
R00213,10,Notebook 200pg             1           56.29,ITEM
R00213,11,"A4 Paper Ream              4        1,249.36",ITEM
R00213,12,Marker Pen                 2           97.94,ITEM
R00213,13,Notebook 200pg             4          325.92,ITEM
R00213,14,Stapler                    1          155.87,ITEM
R00213,15,Stapler                    1          244.02,ITEM
R00213,16,--------------------------------------------,OTHER
R00213,17,Total Qty: 13,OTHER
R00213,18,"Total Before Tax:                   2,129.40",SUBTOTAL
R00213,19,CGST @ 9%:                            191.65,TAX
R00213,20,SGST @ 9%:                            191.64,TAX
R00213,21,Round Off Adj:                          0.31,TAX
R00213,22,"Total:                             ₹2,513.00",TOTAL
R00213,23,--------------------------------------------,OTHER
R00213,24,Subject to local jurisdiction,FOOTER
R00214,0,Gujarat Enterprises,VENDOR
R00214,1,"7 CG Road, Ahmedabad 380009",ADDRESS
R00214,2,Ph: 9825011234,ADDRESS
R00214,3,GSTIN: 24AABCG2244U1ZA,GSTIN
R00214,4,RETAIL INVOICE,OTHER
R00214,5,--------------------------------------------,OTHER
R00214,6,Cash Memo No: TI-2024-36654,INVOICE
R00214,7,Bill Date: 2025-07-12,DATE
R00214,8,--------------------------------------------,OTHER
R00214,9,Item                     Qty          Amount,OTHER
R00214,10,Extension Board            2          548.38,ITEM
R00214,11,HDMI Cable 2m              2          639.36,ITEM
R00214,12,HDMI Cable 2m              2          737.38,ITEM
R00214,13,HDMI Cable 2m              4          745.52,ITEM
R00214,14,Extension Board            2          637.32,ITEM
R00214,15,--------------------------------------------,OTHER
R00214,16,"Total Before Tax:                   3,307.96",SUBTOTAL
R00214,17,CGST @ 9%:                            297.72,TAX
R00214,18,SGST @ 9%:                            297.71,TAX
R00214,19,Rounding:                              -0.39,TAX
R00214,20,"Amount Payable:                    ₹3,903.00",TOTAL
R00214,21,--------------------------------------------,OTHER
R00214,22,Subject to local jurisdiction,FOOTER
R00214,23,Cash Payment,FOOTER
R00215,0,Mumbai Print Solutions LLP,VENDOR
R00215,1,"21 Lower Parel, Mumbai 400013",ADDRESS
R00215,2,Ph: 9820077331,ADDRESS
R00215,3,GSTIN/UIN: 27AAFCM4455C1ZM,GSTIN
R00215,4,TAX INVOICE,OTHER
R00215,5,--------------------------------------------,OTHER
R00215,6,Date of Supply: 22.02.2025,DATE
R00215,7,Receipt No: INV-2025-35924,INVOICE
R00215,8,--------------------------------------------,OTHER
R00215,9,Item                     Qty          Amount,OTHER
R00215,10,Poster A2                  1          433.37,ITEM
R00215,11,"Business Cards 500         4        2,951.44",ITEM
R00215,12,"Brochure Print 100         1        1,419.07",ITEM
R00215,13,Business Cards 500         1          779.10,ITEM
R00215,14,"Brochure Print 100         3        7,686.99",ITEM
R00215,15,--------------------------------------------,OTHER
R00215,16,"Total Before Tax:                  13,269.97",SUBTOTAL
R00215,17,"CGST @ 9%:                          1,194.30",TAX
R00215,18,"SGST @ 9%:                          1,194.29",TAX
R00215,19,Rounding:                               0.44,TAX
R00215,20,"Grand Total:                      ₹15,659.00",TOTAL
R00215,21,--------------------------------------------,OTHER
R00215,22,THANK YOU VISIT AGAIN,FOOTER
R00216,0,APOLLO PHARMACY OUTLET,VENDOR
R00216,1,"Rajiv Gandhi Salai, Chennai 600028",ADDRESS
R00216,2,GST Reg No: 33AAACA6677D1ZW,GSTIN
R00216,3,CASH MEMO,OTHER
R00216,4,--------------------------------------------,OTHER
R00216,5,Bill Date: 2025-07-22,DATE
R00216,6,Invoice No: INV-2024-68692,INVOICE
R00216,7,--------------------------------------------,OTHER
R00216,8,Item                     Qty          Amount,OTHER
R00216,9,Vitamin D3                 4          500.04,ITEM
R00216,10,Vitamin D3                 1          131.01,ITEM
R00216,11,Antiseptic Liquid          3          466.56,ITEM
R00216,12,Paracetamol Strip          1           34.25,ITEM
R00216,13,--------------------------------------------,OTHER
R00216,14,Total Qty: 9,OTHER
R00216,15,"Taxable Amount:                     1,131.86",SUBTOTAL
R00216,16,CGST @ 6%:                             67.91,TAX
R00216,17,SGST @ 6%:                             67.91,TAX
R00216,18,Round Off:                              0.32,TAX
R00216,19,"Total Amount:                      ₹1,268.00",TOTAL
R00216,20,--------------------------------------------,OTHER
R00216,21,THANK YOU VISIT AGAIN,FOOTER
R00217,0,PATEL STORES,VENDOR
R00217,1,"31 Adajan, Surat 395007",ADDRESS
R00217,2,Ph: 9825099001,ADDRESS
R00217,3,GSTIN/UIN: 24AAHCP6677V1Z8,GSTIN
R00217,4,CASH MEMO,OTHER
R00217,5,--------------------------------------------,OTHER
R00217,6,Bill No: INV-2024-36610,INVOICE
R00217,7,Dated: 01-09-2025,DATE
R00217,8,--------------------------------------------,OTHER
R00217,9,Item                     Qty          Amount,OTHER
R00217,10,Sunflower Oil 1L           2          291.00,ITEM
R00217,11,Sunflower Oil 1L           1          128.19,ITEM
R00217,12,Milk 1L                    4          272.60,ITEM
R00217,13,"Atta 5kg                   4        1,214.76",ITEM
R00217,14,--------------------------------------------,OTHER
R00217,15,"Total Before Tax:                   1,906.55",SUBTOTAL
R00217,16,CGST @ 2.5%:                           47.67,TAX
R00217,17,SGST @ 2.5%:                           47.66,TAX
R00217,18,Rounding:                               0.12,TAX
R00217,19,"Amount Payable:                     2,002.00",TOTAL
R00217,20,--------------------------------------------,OTHER
R00217,21,*** CUSTOMER COPY ***,FOOTER
R00218,0,PATEL STORES,VENDOR
R00218,1,"31 Adajan, Surat 395007",ADDRESS
R00218,2,Ph: 9825099001,ADDRESS
R00218,3,GST No.: 24AAHCP6677V1Z8,GSTIN
R00218,4,RETAIL INVOICE,OTHER
R00218,5,--------------------------------------------,OTHER
R00218,6,Bill Date: 13-Jan-2025,DATE
R00218,7,Invoice Number: BILL-2025-40739,INVOICE
R00218,8,--------------------------------------------,OTHER
R00218,9,Item                     Qty          Amount,OTHER
R00218,10,Milk 1L                    1           61.19,ITEM
R00218,11,Sunflower Oil 1L           4          514.68,ITEM
R00218,12,Atta 5kg                   1          330.47,ITEM
R00218,13,Sugar 1kg                  3          161.46,ITEM
R00218,14,Milk 1L                    2          128.72,ITEM
R00218,15,--------------------------------------------,OTHER
R00218,16,Total Qty: 11,OTHER
R00218,17,"Taxable Value:                      1,196.52",SUBTOTAL
R00218,18,CGST @ 2.5%:                           29.92,TAX
R00218,19,SGST @ 2.5%:                           29.91,TAX
R00218,20,Round Off Adj:                         -0.35,TAX
R00218,21,"Total:                              1,256.00",TOTAL
R00218,22,--------------------------------------------,OTHER
R00218,23,THANK YOU VISIT AGAIN,FOOTER
R00219,0,BENGAL BOOK DEPOT,VENDOR
R00219,1,"6 Park Street, Kolkata 700016",ADDRESS
R00219,2,Ph: 9830011234,ADDRESS
R00219,3,GST No.: 19AACCB3456W1ZT,GSTIN
R00219,4,CASH MEMO,OTHER
R00219,5,--------------------------------------------,OTHER
R00219,6,Bill Date: 10-Jul-2025,DATE
R00219,7,Bill No: TI-2024-80637,INVOICE
R00219,8,--------------------------------------------,OTHER
R00219,9,Item                     Qty          Amount,OTHER
R00219,10,"Printer Ink                2        1,023.68",ITEM
R00219,11,File Folder                4          255.28,ITEM
R00219,12,File Folder                1           83.10,ITEM
R00219,13,--------------------------------------------,OTHER
R00219,14,Total Qty: 7,OTHER
R00219,15,"Taxable Amount:                     1,362.06",SUBTOTAL
R00219,16,IGST @ 18%:                           245.17,TAX
R00219,17,Round Off Adj:                         -0.23,TAX
R00219,18,"Net Payable:                        1,607.00",TOTAL
R00219,19,--------------------------------------------,OTHER
R00219,20,Thank you for your business,FOOTER
R00219,21,Card Payment,FOOTER
R00220,0,ANNAPURNA RESTAURANT,VENDOR
R00220,1,"22 Koramangala 5th Blk, Bengaluru 560034",ADDRESS
R00220,2,Ph: 9845112233,ADDRESS
R00220,3,GST Reg No: 29AABCA1234M1ZQ,GSTIN
R00220,4,CASH MEMO,OTHER
R00220,5,--------------------------------------------,OTHER
R00220,6,Invoice Number: INV-2024-81364,INVOICE
R00220,7,Date: 29/08/2025,DATE
R00220,8,Table: 4   Covers: 2,OTHER
R00220,9,--------------------------------------------,OTHER
R00220,10,Item                     Qty          Amount,OTHER
R00220,11,Masala Dosa                3          269.07,ITEM
R00220,12,Veg Thali                  1          296.96,ITEM
R00220,13,Veg Thali                  3          721.08,ITEM
R00220,14,--------------------------------------------,OTHER
R00220,15,Total Qty: 7,OTHER
R00220,16,"Subtotal:                           1,287.11",SUBTOTAL
R00220,17,CGST @ 2.5%:                           32.18,TAX
R00220,18,SGST @ 2.5%:                           32.18,TAX
R00220,19,Rounding:                              -0.47,TAX
R00220,20,"Amount Payable:                     1,351.00",TOTAL
R00220,21,--------------------------------------------,OTHER
R00220,22,THANK YOU VISIT AGAIN,FOOTER
R00220,23,UPI Payment,FOOTER
R00221,0,APOLLO PHARMACY OUTLET,VENDOR
R00221,1,"Rajiv Gandhi Salai, Chennai 600028",ADDRESS
R00221,2,Ph: 9840099887,ADDRESS
R00221,3,GSTIN/UIN: 33AAACA6677D1ZW,GSTIN
R00221,4,CASH MEMO,OTHER
R00221,5,--------------------------------------------,OTHER
R00221,6,Receipt No: RCPT-2024-26831,INVOICE
R00221,7,Invoice Date: 2025-04-13,DATE
R00221,8,--------------------------------------------,OTHER
R00221,9,Item                     Qty          Amount,OTHER
R00221,10,Vitamin D3                 4          674.84,ITEM
R00221,11,"Digital Thermometer        4        1,182.84",ITEM
R00221,12,Vitamin D3                 2          581.26,ITEM
R00221,13,--------------------------------------------,OTHER
R00221,14,"Sub Total:                          2,438.94",SUBTOTAL
R00221,15,CGST @ 6%:                            146.34,TAX
R00221,16,SGST @ 6%:                            146.33,TAX
R00221,17,Round Off Adj:                          0.39,TAX
R00221,18,"Total:                              2,732.00",TOTAL
R00221,19,--------------------------------------------,OTHER
R00221,20,Thank you for your business,FOOTER
R00221,21,UPI Payment,FOOTER
R00222,0,Deccan Office Supplies,VENDOR
R00222,1,"12 Madhapur, Hyderabad 500032",ADDRESS
R00222,2,Ph: 9848077665,ADDRESS
R00222,3,GSTIN/UIN: 36AAGCD8899T1Z8,GSTIN
R00222,4,CASH MEMO,OTHER
R00222,5,--------------------------------------------,OTHER
R00222,6,Date of Supply: 08-06-2025,DATE
R00222,7,Inv No: BILL-2025-41726,INVOICE
R00222,8,--------------------------------------------,OTHER
R00222,9,Item                     Qty          Amount,OTHER
R00222,10,A4 Paper Ream              3          861.57,ITEM
R00222,11,File Folder                2           82.32,ITEM
R00222,12,A4 Paper Ream              2          521.96,ITEM
R00222,13,"Printer Ink                1        1,051.19",ITEM
R00222,14,Marker Pen                 4          148.76,ITEM
R00222,15,--------------------------------------------,OTHER
R00222,16,"Sub Total:                          2,665.80",SUBTOTAL
R00222,17,CGST @ 9%:                            239.92,TAX
R00222,18,SGST @ 9%:                            239.92,TAX
R00222,19,Rounding:                               0.36,TAX
R00222,20,"Total Amount:                      ₹3,146.00",TOTAL
R00222,21,--------------------------------------------,OTHER
R00222,22,*** CUSTOMER COPY ***,FOOTER
R00223,0,RELIANCE FRESH SUPERMARKET,VENDOR
R00223,1,"Shop 4 Kurla West, Mumbai 400070",ADDRESS
R00223,2,Ph: 9820044556,ADDRESS
R00223,3,GST No.: 27AAACR5055K1Z7,GSTIN
R00223,4,CASH MEMO,OTHER
R00223,5,--------------------------------------------,OTHER
R00223,6,Inv No: INV-2024-77513,INVOICE
R00223,7,"Date of Supply: Mar 11, 2025",DATE
R00223,8,--------------------------------------------,OTHER
R00223,9,Item                     Qty          Amount,OTHER
R00223,10,Sugar 1kg                  4          234.60,ITEM
R00223,11,Sugar 1kg                  1           54.99,ITEM
R00223,12,--------------------------------------------,OTHER
R00223,13,Total Qty: 5,OTHER
R00223,14,Taxable Value:                        289.59,SUBTOTAL
R00223,15,CGST @ 2.5%:                            7.24,TAX
R00223,16,SGST @ 2.5%:                            7.24,TAX
R00223,17,Rounding:                              -0.07,TAX
R00223,18,Grand Total:                          304.00,TOTAL
R00223,19,--------------------------------------------,OTHER
R00223,20,Goods once sold will not be taken back,FOOTER
R00223,21,UPI Payment,FOOTER
R00224,0,ANNAPURNA RESTAURANT,VENDOR
R00224,1,"22 Koramangala 5th Blk, Bengaluru 560034",ADDRESS
R00224,2,Ph: 9845112233,ADDRESS
R00224,3,GST No.: 29AABCA1234M1ZQ,GSTIN
R00224,4,RETAIL INVOICE,OTHER
R00224,5,--------------------------------------------,OTHER
R00224,6,Date: 18.06.2025,DATE
R00224,7,Bill No: INV-2024-48369,INVOICE
R00224,8,Table: 10   Covers: 2,OTHER
R00224,9,--------------------------------------------,OTHER
R00224,10,Item                     Qty          Amount,OTHER
R00224,11,"Biryani                    4        1,330.72",ITEM
R00224,12,Veg Thali                  3          462.54,ITEM
R00224,13,Masala Dosa                2          165.96,ITEM
R00224,14,Butter Naan                1           47.95,ITEM
R00224,15,Filter Coffee              4          263.04,ITEM
R00224,16,Veg Thali                  3          687.96,ITEM
R00224,17,--------------------------------------------,OTHER
R00224,18,Total Qty: 17,OTHER
R00224,19,"Total Before Tax:                   2,958.17",SUBTOTAL
R00224,20,CGST @ 2.5%:                           73.96,TAX
R00224,21,SGST @ 2.5%:                           73.95,TAX
R00224,22,Rounding:                              -0.08,TAX
R00224,23,"Total:                             ₹3,106.00",TOTAL
R00224,24,--------------------------------------------,OTHER
R00224,25,Goods once sold will not be taken back,FOOTER
R00224,26,UPI Payment,FOOTER
R00225,0,ANNAPURNA RESTAURANT,VENDOR
R00225,1,"22 Koramangala 5th Blk, Bengaluru 560034",ADDRESS
R00225,2,Ph: 9845112233,ADDRESS
R00225,3,GSTIN: 29AABCA1234M1ZQ,GSTIN
R00225,4,GST INVOICE,OTHER
R00225,5,--------------------------------------------,OTHER
R00225,6,Bill No: RCPT-2024-46743,INVOICE
R00225,7,Date: 01/07/2025,DATE
R00225,8,Table: 16   Covers: 8,OTHER
R00225,9,--------------------------------------------,OTHER
R00225,10,Item                     Qty          Amount,OTHER
R00225,11,Biryani                    3          756.87,ITEM
R00225,12,Veg Thali                  3          923.91,ITEM
R00225,13,Filter Coffee              2           80.20,ITEM
R00225,14,Paneer Butter Masala       1          271.05,ITEM
R00225,15,--------------------------------------------,OTHER
R00225,16,Total Qty: 9,OTHER
R00225,17,"Taxable Amount:                     2,032.03",SUBTOTAL
R00225,18,CGST @ 2.5%:                           50.80,TAX
R00225,19,SGST @ 2.5%:                           50.80,TAX
R00225,20,Round Off Adj:                          0.37,TAX
R00225,21,"Total Amount:                      ₹2,134.00",TOTAL
R00225,22,--------------------------------------------,OTHER
R00225,23,*** CUSTOMER COPY ***,FOOTER
R00226,0,CAFE COFFEE JUNCTION,VENDOR
R00226,1,"8 Indiranagar, Bengaluru 560095",ADDRESS
R00226,2,GSTIN: 29AAECC2233B1Z7,GSTIN
R00226,3,CASH MEMO,OTHER
R00226,4,--------------------------------------------,OTHER
R00226,5,Inv No: RCPT-2025-18131,INVOICE
R00226,6,Date: 20-02-2025,DATE
R00226,7,Table: 21   Covers: 7,OTHER
R00226,8,--------------------------------------------,OTHER
R00226,9,Item                     Qty          Amount,OTHER
R00226,10,Paneer Butter Masala       2          546.28,ITEM
R00226,11,Biryani                    2          417.16,ITEM
R00226,12,Veg Thali                  2          427.62,ITEM
R00226,13,Veg Thali                  3          638.31,ITEM
R00226,14,--------------------------------------------,OTHER
R00226,15,"Sub Total:                          2,029.37",SUBTOTAL
R00226,16,CGST @ 2.5%:                           50.74,TAX
R00226,17,SGST @ 2.5%:                           50.73,TAX
R00226,18,Round Off:                              0.16,TAX
R00226,19,"Total Amount:                      ₹2,131.00",TOTAL
R00226,20,--------------------------------------------,OTHER
R00226,21,Goods once sold will not be taken back,FOOTER
R00227,0,SARAVANA BHAVAN,VENDOR
R00227,1,"18 T Nagar, Chennai 600017",ADDRESS
R00227,2,GSTIN: 33AAECS7788N1ZJ,GSTIN
R00227,3,TAX INVOICE,OTHER
R00227,4,--------------------------------------------,OTHER
R00227,5,Inv No: TI-2024-71328,INVOICE
R00227,6,Invoice Date: 12-Feb-2025,DATE
R00227,7,Table: 15   Covers: 2,OTHER
R00227,8,--------------------------------------------,OTHER
R00227,9,Item                     Qty          Amount,OTHER
R00227,10,Paneer Butter Masala       3          940.53,ITEM
R00227,11,Masala Dosa                1          148.75,ITEM
R00227,12,Biryani                    1          377.46,ITEM
R00227,13,Veg Thali                  1          166.51,ITEM
R00227,14,Butter Naan                1           47.89,ITEM
R00227,15,Masala Dosa                1           80.87,ITEM
R00227,16,--------------------------------------------,OTHER
R00227,17,"Taxable Value:                      1,762.01",SUBTOTAL
R00227,18,CGST @ 2.5%:                           44.05,TAX
R00227,19,SGST @ 2.5%:                           44.05,TAX
R00227,20,Rounding:                              -0.11,TAX
R00227,21,"Total:                             ₹1,850.00",TOTAL
R00227,22,--------------------------------------------,OTHER
R00227,23,*** CUSTOMER COPY ***,FOOTER
R00228,0,SHELL SELECT FUEL POINT,VENDOR
R00228,1,"Whitefield Main Rd, Bengaluru 560066",ADDRESS
R00228,2,Ph: 9845077889,ADDRESS
R00228,3,GSTIN/UIN: 29AAACS9911A1ZI,GSTIN
R00228,4,GST INVOICE,OTHER
R00228,5,--------------------------------------------,OTHER
R00228,6,Bill No: RCPT-2025-02572,INVOICE
R00228,7,Dated: 03-Jun-2025,DATE
R00228,8,--------------------------------------------,OTHER
R00228,9,Product                 Litres          Amount,OTHER
R00228,10,"Diesel                    39        3,732.69",ITEM
R00228,11,--------------------------------------------,OTHER
R00228,12,"Total Before Tax:                   3,732.69",SUBTOTAL
R00228,13,Round Off:                              0.31,TAX
R00228,14,"Amount Payable:                    ₹3,733.00",TOTAL
R00228,15,--------------------------------------------,OTHER
R00228,16,*** CUSTOMER COPY ***,FOOTER
R00229,0,INDIAN OIL FUEL STATION,VENDOR
R00229,1,"OMR Perungudi, Chennai 600096",ADDRESS
R00229,2,Ph: 9840055667,ADDRESS
R00229,3,GSTIN/UIN: 33AAACI0123R1ZQ,GSTIN
R00229,4,TAX INVOICE,OTHER
R00229,5,--------------------------------------------,OTHER
R00229,6,Bill Date: 22-02-2025,DATE
R00229,7,Invoice No: TI-2024-91517,INVOICE
R00229,8,--------------------------------------------,OTHER
R00229,9,Product                 Litres          Amount,OTHER
R00229,10,"Diesel                    41        3,800.29",ITEM
R00229,11,"CNG                       45        3,656.25",ITEM
R00229,12,--------------------------------------------,OTHER
R00229,13,"Taxable Amount:                     7,456.54",SUBTOTAL
R00229,14,Rounding:                               0.46,TAX
R00229,15,"Net Payable:                        7,457.00",TOTAL
R00229,16,--------------------------------------------,OTHER
R00229,17,Goods once sold will not be taken back,FOOTER
R00229,18,Card Payment,FOOTER
R00230,0,HYDERABAD BIRYANI HOUSE,VENDOR
R00230,1,"5 Gachibowli, Hyderabad 500081",ADDRESS
R00230,2,Ph: 9848012345,ADDRESS
R00230,3,GSTIN: 36AADCH4567S1ZS,GSTIN
R00230,4,CASH MEMO,OTHER
R00230,5,--------------------------------------------,OTHER
R00230,6,Dated: 2025-01-28,DATE
R00230,7,Bill No: BILL-2025-53093,INVOICE
R00230,8,Table: 24   Covers: 7,OTHER
R00230,9,--------------------------------------------,OTHER
R00230,10,Item                     Qty          Amount,OTHER
R00230,11,Filter Coffee              3          114.21,ITEM
R00230,12,Veg Thali                  1          243.88,ITEM
R00230,13,Paneer Butter Masala       1          225.56,ITEM
R00230,14,Masala Dosa                1          153.00,ITEM
R00230,15,Butter Naan                4          262.08,ITEM
R00230,16,Masala Dosa                2          193.82,ITEM
R00230,17,--------------------------------------------,OTHER
R00230,18,"Sub Total:                          1,192.55",SUBTOTAL
R00230,19,IGST @ 5%:                             59.63,TAX
R00230,20,Rounding:                              -0.18,TAX
R00230,21,"Grand Total:                       ₹1,252.00",TOTAL
R00230,22,--------------------------------------------,OTHER
R00230,23,THANK YOU VISIT AGAIN,FOOTER
R00230,24,Card Payment,FOOTER
R00231,0,CAFE COFFEE JUNCTION,VENDOR
R00231,1,"8 Indiranagar, Bengaluru 560095",ADDRESS
R00231,2,Ph: 9845033445,ADDRESS
R00231,3,GSTIN: 29AAECC2233B1Z7,GSTIN
R00231,4,RETAIL INVOICE,OTHER
R00231,5,--------------------------------------------,OTHER
R00231,6,Receipt No: BILL-2024-00781,INVOICE
R00231,7,Date of Supply: 2025-06-25,DATE
R00231,8,Table: 17   Covers: 8,OTHER
R00231,9,--------------------------------------------,OTHER
R00231,10,Item                     Qty          Amount,OTHER
R00231,11,Masala Dosa                4          434.48,ITEM
R00231,12,Masala Dosa                4          384.48,ITEM
R00231,13,--------------------------------------------,OTHER
R00231,14,Total Qty: 8,OTHER
R00231,15,Subtotal:                             818.96,SUBTOTAL
R00231,16,CGST @ 2.5%:                           20.48,TAX
R00231,17,SGST @ 2.5%:                           20.47,TAX
R00231,18,Rounding:                               0.09,TAX
R00231,19,Net Payable:                          860.00,TOTAL
R00231,20,--------------------------------------------,OTHER
R00231,21,Subject to local jurisdiction,FOOTER
R00231,22,Card Payment,FOOTER
R00232,0,PARK STREET CAFE,VENDOR
R00232,1,"40 Park Street, Kolkata 700017",ADDRESS
R00232,2,GST No.: 19AAFCP7890X1ZW,GSTIN
R00232,3,GST INVOICE,OTHER
R00232,4,--------------------------------------------,OTHER
R00232,5,Invoice Number: TI-2025-86142,INVOICE
R00232,6,Date: 01-06-2025,DATE
R00232,7,Table: 11   Covers: 4,OTHER
R00232,8,--------------------------------------------,OTHER
R00232,9,Item                     Qty          Amount,OTHER
R00232,10,Filter Coffee              4          121.32,ITEM
R00232,11,Veg Thali                  3          753.30,ITEM
R00232,12,Paneer Butter Masala       4          936.72,ITEM
R00232,13,Veg Thali                  2          406.08,ITEM
R00232,14,Filter Coffee              3           91.44,ITEM
R00232,15,Butter Naan                1           59.29,ITEM
R00232,16,--------------------------------------------,OTHER
R00232,17,"Subtotal:                           2,368.15",SUBTOTAL
R00232,18,IGST @ 5%:                            118.41,TAX
R00232,19,Round Off Adj:                          0.44,TAX
R00232,20,"Net Payable:                        2,487.00",TOTAL
R00232,21,--------------------------------------------,OTHER
R00232,22,*** CUSTOMER COPY ***,FOOTER
R00232,23,Cash Payment,FOOTER
R00233,0,KUMAR MEDICALS,VENDOR
R00233,1,"44 Kalkaji Main Rd, New Delhi 110019",ADDRESS
R00233,2,Ph: 9811099887,ADDRESS
R00233,3,GST Reg No: 07AAFCK3321L1ZK,GSTIN
R00233,4,GST INVOICE,OTHER
R00233,5,--------------------------------------------,OTHER
R00233,6,Invoice Number: BILL-2024-43368,INVOICE
R00233,7,Date of Supply: 2025-05-17,DATE
R00233,8,--------------------------------------------,OTHER
R00233,9,Item                     Qty          Amount,OTHER
R00233,10,Antiseptic Liquid          4          634.28,ITEM
R00233,11,Antiseptic Liquid          1          135.65,ITEM
R00233,12,Paracetamol Strip          1           33.85,ITEM
R00233,13,"Digital Thermometer        4        1,335.20",ITEM
R00233,14,--------------------------------------------,OTHER
R00233,15,"Taxable Value:                      2,138.98",SUBTOTAL
R00233,16,CGST @ 6%:                            128.34,TAX
R00233,17,SGST @ 6%:                            128.34,TAX
R00233,18,Round Off Adj:                          0.34,TAX
R00233,19,"Amount Payable:                    ₹2,396.00",TOTAL
R00233,20,--------------------------------------------,OTHER
R00233,21,THANK YOU VISIT AGAIN,FOOTER
R00234,0,BENGAL BOOK DEPOT,VENDOR
R00234,1,"6 Park Street, Kolkata 700016",ADDRESS
R00234,2,Ph: 9830011234,ADDRESS
R00234,3,GSTIN: 19AACCB3456W1ZT,GSTIN
R00234,4,GST INVOICE,OTHER
R00234,5,--------------------------------------------,OTHER
R00234,6,Cash Memo No: INV-2024-30956,INVOICE
R00234,7,Invoice Date: 2025-01-13,DATE
R00234,8,--------------------------------------------,OTHER
R00234,9,Item                     Qty          Amount,OTHER
R00234,10,A4 Paper Ream              4          977.16,ITEM
R00234,11,Marker Pen                 2           91.36,ITEM
R00234,12,Stapler                    1          157.79,ITEM
R00234,13,"Printer Ink                4        4,217.20",ITEM
R00234,14,Marker Pen                 4          142.04,ITEM
R00234,15,Marker Pen                 4          199.16,ITEM
R00234,16,--------------------------------------------,OTHER
R00234,17,Total Qty: 19,OTHER
R00234,18,"Subtotal:                           5,784.71",SUBTOTAL
R00234,19,"IGST @ 18%:                         1,041.25",TAX
R00234,20,Rounding:                               0.04,TAX
R00234,21,"Amount Payable:                     6,826.00",TOTAL
R00234,22,--------------------------------------------,OTHER
R00234,23,*** CUSTOMER COPY ***,FOOTER
R00235,0,Gujarat Enterprises,VENDOR
R00235,1,"7 CG Road, Ahmedabad 380009",ADDRESS
R00235,2,GSTIN/UIN: 24AABCG2244U1ZA,GSTIN
R00235,3,CASH MEMO,OTHER
R00235,4,--------------------------------------------,OTHER
R00235,5,Invoice Date: 02.09.2025,DATE
R00235,6,Cash Memo No: BILL-2025-09921,INVOICE
R00235,7,--------------------------------------------,OTHER
R00235,8,Item                     Qty          Amount,OTHER
R00235,9,"HDMI Cable 2m              4        1,292.20",ITEM
R00235,10,"USB Hub                    3        1,109.25",ITEM
R00235,11,"HDMI Cable 2m              4        1,205.56",ITEM
R00235,12,"USB Hub                    4        2,964.04",ITEM
R00235,13,Extension Board            3          937.59,ITEM
R00235,14,Extension Board            1          392.16,ITEM
R00235,15,--------------------------------------------,OTHER
R00235,16,"Subtotal:                           7,900.80",SUBTOTAL
R00235,17,CGST @ 9%:                            711.07,TAX
R00235,18,SGST @ 9%:                            711.07,TAX
R00235,19,Round Off:                              0.06,TAX
R00235,20,"Grand Total:                       ₹9,323.00",TOTAL
R00235,21,--------------------------------------------,OTHER
R00235,22,*** CUSTOMER COPY ***,FOOTER
R00235,23,UPI Payment,FOOTER
R00236,0,Deccan Office Supplies,VENDOR
R00236,1,"12 Madhapur, Hyderabad 500032",ADDRESS
R00236,2,GST No.: 36AAGCD8899T1Z8,GSTIN
R00236,3,TAX INVOICE,OTHER
R00236,4,--------------------------------------------,OTHER
R00236,5,Invoice Number: INV-2025-71903,INVOICE
R00236,6,Date: 23/07/2025,DATE
R00236,7,--------------------------------------------,OTHER
R00236,8,Item                     Qty          Amount,OTHER
R00236,9,Marker Pen                 4          233.84,ITEM
R00236,10,Marker Pen                 2          114.34,ITEM
R00236,11,--------------------------------------------,OTHER
R00236,12,Total Qty: 6,OTHER
R00236,13,Sub Total:                            348.18,SUBTOTAL
R00236,14,CGST @ 9%:                             31.34,TAX
R00236,15,SGST @ 9%:                             31.33,TAX
R00236,16,Rounding:                               0.15,TAX
R00236,17,Amount Payable:                      ₹411.00,TOTAL
R00236,18,--------------------------------------------,OTHER
R00236,19,Subject to local jurisdiction,FOOTER
R00237,0,Mumbai Print Solutions LLP,VENDOR
R00237,1,"21 Lower Parel, Mumbai 400013",ADDRESS
R00237,2,Ph: 9820077331,ADDRESS
R00237,3,GSTIN: 27AAFCM4455C1ZM,GSTIN
R00237,4,GST INVOICE,OTHER
R00237,5,--------------------------------------------,OTHER
R00237,6,"Date: Jan 14, 2025",DATE
R00237,7,Invoice No: BILL-2024-84280,INVOICE
R00237,8,--------------------------------------------,OTHER
R00237,9,Item                     Qty          Amount,OTHER
R00237,10,"Brochure Print 100         1        2,846.79",ITEM
R00237,11,"Brochure Print 100         1        1,710.05",ITEM
R00237,12,"Business Cards 500         2        2,173.72",ITEM
R00237,13,"Brochure Print 100         2        3,569.34",ITEM
R00237,14,"Brochure Print 100         3        4,725.39",ITEM
R00237,15,Poster A2                  1          207.85,ITEM
R00237,16,--------------------------------------------,OTHER
R00237,17,Total Qty: 10,OTHER
R00237,18,"Total Before Tax:                  15,233.14",SUBTOTAL
R00237,19,"CGST @ 9%:                          1,370.99",TAX
R00237,20,"SGST @ 9%:                          1,370.98",TAX
R00237,21,Round Off:                             -0.11,TAX
R00237,22,"Total Amount:                      17,975.00",TOTAL
R00237,23,--------------------------------------------,OTHER
R00237,24,Thank you for your business,FOOTER
R00238,0,BHARAT PETROLEUM OUTLET,VENDOR
R00238,1,"NH-8 Bandra East, Mumbai 400051",ADDRESS
R00238,2,Ph: 9820011122,ADDRESS
R00238,3,GST Reg No: 27AAACB1111P1ZW,GSTIN
R00238,4,CASH MEMO,OTHER
R00238,5,--------------------------------------------,OTHER
R00238,6,"Invoice Date: Mar 26, 2025",DATE
R00238,7,Receipt No: RCPT-2024-87809,INVOICE
R00238,8,--------------------------------------------,OTHER
R00238,9,Product                 Litres          Amount,OTHER
R00238,10,"Petrol                    40        4,198.80",ITEM
R00238,11,"Diesel                    22        1,971.20",ITEM
R00238,12,--------------------------------------------,OTHER
R00238,13,"Taxable Amount:                     6,170.00",SUBTOTAL
R00238,14,"Total Amount:                      ₹6,170.00",TOTAL
R00238,15,--------------------------------------------,OTHER
R00238,16,THANK YOU VISIT AGAIN,FOOTER
R00238,17,Cash Payment,FOOTER
R00239,0,Deccan Office Supplies,VENDOR
R00239,1,"12 Madhapur, Hyderabad 500032",ADDRESS
R00239,2,Ph: 9848077665,ADDRESS
R00239,3,GSTIN/UIN: 36AAGCD8899T1Z8,GSTIN
R00239,4,GST INVOICE,OTHER
R00239,5,--------------------------------------------,OTHER
R00239,6,Cash Memo No: INV-2025-67485,INVOICE
R00239,7,Bill Date: 17-Apr-2025,DATE
R00239,8,--------------------------------------------,OTHER
R00239,9,Item                     Qty          Amount,OTHER
R00239,10,"Printer Ink                2        1,354.84",ITEM
R00239,11,"Printer Ink                3        3,320.13",ITEM
R00239,12,Stapler                    3          488.55,ITEM
R00239,13,File Folder                4          178.12,ITEM
R00239,14,--------------------------------------------,OTHER
R00239,15,Total Qty: 12,OTHER
R00239,16,"Subtotal:                           5,341.64",SUBTOTAL
R00239,17,CGST @ 9%:                            480.75,TAX
R00239,18,SGST @ 9%:                            480.75,TAX
R00239,19,Rounding:                              -0.14,TAX
R00239,20,"Grand Total:                        6,303.00",TOTAL
R00239,21,--------------------------------------------,OTHER
R00239,22,THANK YOU VISIT AGAIN,FOOTER
R00239,23,Cash Payment,FOOTER
R00240,0,APOLLO PHARMACY OUTLET,VENDOR
R00240,1,"Rajiv Gandhi Salai, Chennai 600028",ADDRESS
R00240,2,Ph: 9840099887,ADDRESS
R00240,3,GST No.: 33AAACA6677D1ZW,GSTIN
R00240,4,TAX INVOICE,OTHER
R00240,5,--------------------------------------------,OTHER
R00240,6,Invoice No: INV-2024-30382,INVOICE
R00240,7,"Bill Date: Mar 29, 2025",DATE
R00240,8,--------------------------------------------,OTHER
R00240,9,Item                     Qty          Amount,OTHER
R00240,10,Paracetamol Strip          3           86.01,ITEM
R00240,11,Digital Thermometer        1          211.94,ITEM
R00240,12,--------------------------------------------,OTHER
R00240,13,Sub Total:                            297.95,SUBTOTAL
R00240,14,IGST @ 12%:                            35.75,TAX
R00240,15,Rounding:                               0.30,TAX
R00240,16,Amount Payable:                      ₹334.00,TOTAL
R00240,17,--------------------------------------------,OTHER
R00240,18,THANK YOU VISIT AGAIN,FOOTER
R00241,0,PATEL STORES,VENDOR
R00241,1,"31 Adajan, Surat 395007",ADDRESS
R00241,2,GSTIN: 24AAHCP6677V1Z8,GSTIN
R00241,3,GST INVOICE,OTHER
R00241,4,--------------------------------------------,OTHER
R00241,5,Receipt No: BILL-2024-78710,INVOICE
R00241,6,Date: 24-06-2025,DATE
R00241,7,--------------------------------------------,OTHER
R00241,8,Item                     Qty          Amount,OTHER
R00241,9,"Basmati Rice 5kg           4        2,273.92",ITEM
R00241,10,Toor Dal 1kg               4          576.12,ITEM
R00241,11,"Basmati Rice 5kg           2        1,169.66",ITEM
R00241,12,Sunflower Oil 1L           3          369.93,ITEM
R00241,13,Sunflower Oil 1L           4          492.36,ITEM
R00241,14,--------------------------------------------,OTHER
R00241,15,Total Qty: 17,OTHER
R00241,16,"Sub Total:                          4,881.99",SUBTOTAL
R00241,17,CGST @ 2.5%:                          122.05,TAX
R00241,18,SGST @ 2.5%:                          122.05,TAX
R00241,19,Rounding:                              -0.09,TAX
R00241,20,"Bill Total:                        ₹5,126.00",TOTAL
R00241,21,--------------------------------------------,OTHER
R00241,22,Subject to local jurisdiction,FOOTER
R00242,0,SARAVANA BHAVAN,VENDOR
R00242,1,"18 T Nagar, Chennai 600017",ADDRESS
R00242,2,Ph: 9840011223,ADDRESS
R00242,3,GSTIN: 33AAECS7788N1ZJ,GSTIN
R00242,4,CASH MEMO,OTHER
R00242,5,--------------------------------------------,OTHER
R00242,6,Date: 25-Mar-2025,DATE
R00242,7,Invoice No: BILL-2024-22143,INVOICE
R00242,8,--------------------------------------------,OTHER
R00242,9,Item                     Qty          Amount,OTHER
R00242,10,Paneer Butter Masala       2          430.28,ITEM
R00242,11,"Veg Thali                  4        1,157.28",ITEM
R00242,12,Masala Dosa                1           91.39,ITEM
R00242,13,Masala Dosa                1          126.96,ITEM
R00242,14,"Paneer Butter Masala       4        1,089.96",ITEM
R00242,15,Veg Thali                  2          500.38,ITEM
R00242,16,--------------------------------------------,OTHER
R00242,17,Total Qty: 14,OTHER
R00242,18,"Taxable Value:                      3,396.25",SUBTOTAL
R00242,19,CGST @ 2.5%:                           84.91,TAX
R00242,20,SGST @ 2.5%:                           84.90,TAX
R00242,21,Round Off:                             -0.06,TAX
R00242,22,"Bill Total:                         3,566.00",TOTAL
R00242,23,--------------------------------------------,OTHER
R00242,24,Thank you for your business,FOOTER
R00242,25,Cash Payment,FOOTER
R00243,0,Sharma Traders Pvt Ltd,VENDOR
R00243,1,"14 MG Road, Bengaluru 560001",ADDRESS
R00243,2,GST Reg No: 29AAGCB7383J1Z4,GSTIN
R00243,3,RETAIL INVOICE,OTHER
R00243,4,--------------------------------------------,OTHER
R00243,5,Receipt No: TI-2025-78623,INVOICE
R00243,6,Date of Supply: 29.05.2025,DATE
R00243,7,--------------------------------------------,OTHER
R00243,8,Item                     Qty          Amount,OTHER
R00243,9,Notebook 200pg             3          284.85,ITEM
R00243,10,Marker Pen                 3          134.97,ITEM
R00243,11,--------------------------------------------,OTHER
R00243,12,Total Qty: 6,OTHER
R00243,13,Total Before Tax:                     419.82,SUBTOTAL
R00243,14,CGST @ 9%:                             37.79,TAX
R00243,15,SGST @ 9%:                             37.78,TAX
R00243,16,Rounding:                              -0.39,TAX
R00243,17,Amount Payable:                      ₹495.00,TOTAL
R00243,18,--------------------------------------------,OTHER
R00243,19,*** CUSTOMER COPY ***,FOOTER
R00243,20,Cash Payment,FOOTER
R00244,0,INDIAN OIL FUEL STATION,VENDOR
R00244,1,"OMR Perungudi, Chennai 600096",ADDRESS
R00244,2,Ph: 9840055667,ADDRESS
R00244,3,GST Reg No: 33AAACI0123R1ZQ,GSTIN
R00244,4,CASH MEMO,OTHER
R00244,5,--------------------------------------------,OTHER
R00244,6,"Invoice Date: Apr 20, 2025",DATE
R00244,7,Invoice Number: INV-2025-11646,INVOICE
R00244,8,--------------------------------------------,OTHER
R00244,9,Product                 Litres          Amount,OTHER
R00244,10,"Diesel                    28        2,651.60",ITEM
R00244,11,"Diesel                    24        2,212.56",ITEM
R00244,12,--------------------------------------------,OTHER
R00244,13,"Total Before Tax:                   4,864.16",SUBTOTAL
R00244,14,Rounding:                              -0.16,TAX
R00244,15,"Total:                             ₹4,864.00",TOTAL
R00244,16,--------------------------------------------,OTHER
R00244,17,Thank you for your business,FOOTER
R00244,18,Cash Payment,FOOTER
R00245,0,KUMAR MEDICALS,VENDOR
R00245,1,"44 Kalkaji Main Rd, New Delhi 110019",ADDRESS
R00245,2,Ph: 9811099887,ADDRESS
R00245,3,GSTIN: 07AAFCK3321L1ZK,GSTIN
R00245,4,CASH MEMO,OTHER
R00245,5,--------------------------------------------,OTHER
R00245,6,Invoice Date: 02-05-2025,DATE
R00245,7,Inv No: TI-2024-00528,INVOICE
R00245,8,--------------------------------------------,OTHER
R00245,9,Item                     Qty          Amount,OTHER
R00245,10,Digital Thermometer        3          887.76,ITEM
R00245,11,Vitamin D3                 3          740.88,ITEM
R00245,12,--------------------------------------------,OTHER
R00245,13,"Taxable Value:                      1,628.64",SUBTOTAL
R00245,14,CGST @ 6%:                             97.72,TAX
R00245,15,SGST @ 6%:                             97.72,TAX
R00245,16,Round Off:                             -0.08,TAX
R00245,17,"Total:                             ₹1,824.00",TOTAL
R00245,18,--------------------------------------------,OTHER
R00245,19,*** CUSTOMER COPY ***,FOOTER
R00245,20,UPI Payment,FOOTER
R00246,0,ANNAPURNA RESTAURANT,VENDOR
R00246,1,"22 Koramangala 5th Blk, Bengaluru 560034",ADDRESS
R00246,2,GST Reg No: 29AABCA1234M1ZQ,GSTIN
R00246,3,TAX INVOICE,OTHER
R00246,4,--------------------------------------------,OTHER
R00246,5,Bill No: BILL-2025-76081,INVOICE
R00246,6,Dated: 2025-03-28,DATE
R00246,7,Table: 10   Covers: 2,OTHER
R00246,8,--------------------------------------------,OTHER
R00246,9,Item                     Qty          Amount,OTHER
R00246,10,Butter Naan                2          128.34,ITEM
R00246,11,Butter Naan                4          201.92,ITEM
R00246,12,Biryani                    1          182.49,ITEM
R00246,13,Butter Naan                4          237.60,ITEM
R00246,14,Biryani                    1          196.80,ITEM
R00246,15,Masala Dosa                3          316.29,ITEM
R00246,16,--------------------------------------------,OTHER
R00246,17,"Sub Total:                          1,263.44",SUBTOTAL
R00246,18,CGST @ 2.5%:                           31.59,TAX
R00246,19,SGST @ 2.5%:                           31.58,TAX
R00246,20,Round Off Adj:                          0.39,TAX
R00246,21,"Bill Total:                        ₹1,327.00",TOTAL
R00246,22,--------------------------------------------,OTHER
R00246,23,Thank you for your business,FOOTER
R00247,0,GANGA DEPARTMENTAL STORE,VENDOR
R00247,1,"17 Mall Road, Kanpur 208001",ADDRESS
R00247,2,GSTIN/UIN: 09AABCG5566Z1ZD,GSTIN
R00247,3,RETAIL INVOICE,OTHER
R00247,4,--------------------------------------------,OTHER
R00247,5,Invoice No: INV-2024-34465,INVOICE
R00247,6,"Date of Supply: Apr 18, 2025",DATE
R00247,7,--------------------------------------------,OTHER
R00247,8,Item                     Qty          Amount,OTHER
R00247,9,Atta 5kg                   2          491.96,ITEM
R00247,10,Sugar 1kg                  1           52.76,ITEM
R00247,11,Sunflower Oil 1L           2          270.24,ITEM
R00247,12,Basmati Rice 5kg           1          702.49,ITEM
R00247,13,Atta 5kg                   1          286.33,ITEM
R00247,14,--------------------------------------------,OTHER
R00247,15,"Sub Total:                          1,803.78",SUBTOTAL
R00247,16,CGST @ 2.5%:                           45.10,TAX
R00247,17,SGST @ 2.5%:                           45.09,TAX
R00247,18,Round Off Adj:                          0.03,TAX
R00247,19,"Grand Total:                        1,894.00",TOTAL
R00247,20,--------------------------------------------,OTHER
R00247,21,*** CUSTOMER COPY ***,FOOTER
R00248,0,CAFE COFFEE JUNCTION,VENDOR
R00248,1,"8 Indiranagar, Bengaluru 560095",ADDRESS
R00248,2,Ph: 9845033445,ADDRESS
R00248,3,GST No.: 29AAECC2233B1Z7,GSTIN
R00248,4,GST INVOICE,OTHER
R00248,5,--------------------------------------------,OTHER
R00248,6,Date: 31-Aug-2025,DATE
R00248,7,Invoice No: BILL-2025-66915,INVOICE
R00248,8,Table: 17   Covers: 4,OTHER
R00248,9,--------------------------------------------,OTHER
R00248,10,Item                     Qty          Amount,OTHER
R00248,11,Veg Thali                  2          386.64,ITEM
R00248,12,Paneer Butter Masala       4          946.68,ITEM
R00248,13,Biryani                    3          922.47,ITEM
R00248,14,Paneer Butter Masala       2          373.24,ITEM
R00248,15,--------------------------------------------,OTHER
R00248,16,Total Qty: 11,OTHER
R00248,17,"Subtotal:                           2,629.03",SUBTOTAL
R00248,18,CGST @ 2.5%:                           65.73,TAX
R00248,19,SGST @ 2.5%:                           65.72,TAX
R00248,20,Round Off:                             -0.48,TAX
R00248,21,"Net Payable:                        2,760.00",TOTAL
R00248,22,--------------------------------------------,OTHER
R00248,23,Goods once sold will not be taken back,FOOTER
R00249,0,RELIANCE FRESH SUPERMARKET,VENDOR
R00249,1,"Shop 4 Kurla West, Mumbai 400070",ADDRESS
R00249,2,GST No.: 27AAACR5055K1Z7,GSTIN
R00249,3,TAX INVOICE,OTHER
R00249,4,--------------------------------------------,OTHER
R00249,5,Invoice Number: INV-2024-19284,INVOICE
R00249,6,Date of Supply: 23/02/2025,DATE
R00249,7,--------------------------------------------,OTHER
R00249,8,Item                     Qty          Amount,OTHER
R00249,9,Atta 5kg                   4          889.96,ITEM
R00249,10,"Atta 5kg                   4        1,211.56",ITEM
R00249,11,--------------------------------------------,OTHER
R00249,12,"Sub Total:                          2,101.52",SUBTOTAL
R00249,13,IGST @ 5%:                            105.08,TAX
R00249,14,Rounding:                               0.40,TAX
R00249,15,"Net Payable:                       ₹2,207.00",TOTAL
R00249,16,--------------------------------------------,OTHER
R00249,17,Thank you for your business,FOOTER
R00249,18,UPI Payment,FOOTER
R00250,0,PATEL STORES,VENDOR
R00250,1,"31 Adajan, Surat 395007",ADDRESS
R00250,2,GST Reg No: 24AAHCP6677V1Z8,GSTIN
R00250,3,RETAIL INVOICE,OTHER
R00250,4,--------------------------------------------,OTHER
R00250,5,Cash Memo No: TI-2024-25025,INVOICE
R00250,6,Date: 06-03-2025,DATE
R00250,7,--------------------------------------------,OTHER
R00250,8,Item                     Qty          Amount,OTHER
R00250,9,Toor Dal 1kg               2          355.36,ITEM
R00250,10,Toor Dal 1kg               2          347.06,ITEM
R00250,11,Sunflower Oil 1L           1          164.94,ITEM
R00250,12,Atta 5kg                   1          237.42,ITEM
R00250,13,--------------------------------------------,OTHER
R00250,14,Total Qty: 6,OTHER
R00250,15,"Subtotal:                           1,104.78",SUBTOTAL
R00250,16,CGST @ 2.5%:                           27.62,TAX
R00250,17,SGST @ 2.5%:                           27.62,TAX
R00250,18,Round Off Adj:                         -0.02,TAX
R00250,19,"Total Amount:                       1,160.00",TOTAL
R00250,20,--------------------------------------------,OTHER
R00250,21,Subject to local jurisdiction,FOOTER
R00250,22,UPI Payment,FOOTER
R00251,0,Lucknow Travels Agencies,VENDOR
R00251,1,"3 Hazratganj, Lucknow 226001",ADDRESS
R00251,2,Ph: 9839011223,ADDRESS
R00251,3,GST Reg No: 09AAGCL1122Y1ZT,GSTIN
R00251,4,RETAIL INVOICE,OTHER
R00251,5,--------------------------------------------,OTHER
R00251,6,Date of Supply: 02-Feb-2025,DATE
R00251,7,Cash Memo No: INV-2024-11105,INVOICE
R00251,8,--------------------------------------------,OTHER
R00251,9,Item                     Qty          Amount,OTHER
R00251,10,"Airport Transfer           1        1,623.33",ITEM
R00251,11,"Airport Transfer           1        1,505.94",ITEM
R00251,12,"City Taxi                  3        1,167.03",ITEM
R00251,13,"City Taxi                  3        1,128.12",ITEM
R00251,14,--------------------------------------------,OTHER
R00251,15,Total Qty: 8,OTHER
R00251,16,"Taxable Value:                      5,424.42",SUBTOTAL
R00251,17,IGST @ 5%:                            271.22,TAX
R00251,18,Round Off:                              0.36,TAX
R00251,19,"Total:                             ₹5,696.00",TOTAL
R00251,20,--------------------------------------------,OTHER
R00251,21,Thank you for your business,FOOTER
R00252,0,BHARAT PETROLEUM OUTLET,VENDOR
R00252,1,"NH-8 Bandra East, Mumbai 400051",ADDRESS
R00252,2,Ph: 9820011122,ADDRESS
R00252,3,GST Reg No: 27AAACB1111P1ZW,GSTIN
R00252,4,TAX INVOICE,OTHER
R00252,5,--------------------------------------------,OTHER
R00252,6,Cash Memo No: INV-2025-22934,INVOICE
R00252,7,"Dated: Jan 10, 2025",DATE
R00252,8,--------------------------------------------,OTHER
R00252,9,Product                 Litres          Amount,OTHER
R00252,10,"Diesel                    20        1,772.40",ITEM
R00252,11,--------------------------------------------,OTHER
R00252,12,"Total Before Tax:                   1,772.40",SUBTOTAL
R00252,13,Rounding:                              -0.40,TAX
R00252,14,"Amount Payable:                     1,772.00",TOTAL
R00252,15,--------------------------------------------,OTHER
R00252,16,Thank you for your business,FOOTER
R00253,0,KUMAR MEDICALS,VENDOR
R00253,1,"44 Kalkaji Main Rd, New Delhi 110019",ADDRESS
R00253,2,Ph: 9811099887,ADDRESS
R00253,3,GST No.: 07AAFCK3321L1ZK,GSTIN
R00253,4,TAX INVOICE,OTHER
R00253,5,--------------------------------------------,OTHER
R00253,6,Cash Memo No: RCPT-2024-69235,INVOICE
R00253,7,Invoice Date: 22-Apr-2025,DATE
R00253,8,--------------------------------------------,OTHER
R00253,9,Item                     Qty          Amount,OTHER
R00253,10,Digital Thermometer        2          716.22,ITEM
R00253,11,Paracetamol Strip          4           79.24,ITEM
R00253,12,Digital Thermometer        1          330.59,ITEM
R00253,13,Digital Thermometer        2          836.86,ITEM
R00253,14,Vitamin D3                 2          530.98,ITEM
R00253,15,Vitamin D3                 1          293.07,ITEM
R00253,16,--------------------------------------------,OTHER
R00253,17,"Taxable Amount:                     2,786.96",SUBTOTAL
R00253,18,CGST @ 6%:                            167.22,TAX
R00253,19,SGST @ 6%:                            167.22,TAX
R00253,20,Rounding:                              -0.40,TAX
R00253,21,"Total Amount:                      ₹3,121.00",TOTAL
R00253,22,--------------------------------------------,OTHER
R00253,23,Goods once sold will not be taken back,FOOTER
R00254,0,CAFE COFFEE JUNCTION,VENDOR
R00254,1,"8 Indiranagar, Bengaluru 560095",ADDRESS
R00254,2,GST Reg No: 29AAECC2233B1Z7,GSTIN
R00254,3,RETAIL INVOICE,OTHER
R00254,4,--------------------------------------------,OTHER
R00254,5,Bill Date: 16/07/2025,DATE
R00254,6,Invoice No: TI-2024-63964,INVOICE
R00254,7,--------------------------------------------,OTHER
R00254,8,Item                     Qty          Amount,OTHER
R00254,9,Masala Dosa                3          298.89,ITEM
R00254,10,"Veg Thali                  4        1,220.80",ITEM
R00254,11,Paneer Butter Masala       3          834.72,ITEM
R00254,12,--------------------------------------------,OTHER
R00254,13,"Taxable Value:                      2,354.41",SUBTOTAL
R00254,14,IGST @ 5%:                            117.72,TAX
R00254,15,Rounding:                              -0.13,TAX
R00254,16,"Amount Payable:                     2,472.00",TOTAL
R00254,17,--------------------------------------------,OTHER
R00254,18,Subject to local jurisdiction,FOOTER
R00255,0,PARK STREET CAFE,VENDOR
R00255,1,"40 Park Street, Kolkata 700017",ADDRESS
R00255,2,Ph: 9830044332,ADDRESS
R00255,3,GST No.: 19AAFCP7890X1ZW,GSTIN
R00255,4,CASH MEMO,OTHER
R00255,5,--------------------------------------------,OTHER
R00255,6,Bill No: BILL-2025-39404,INVOICE
R00255,7,Date of Supply: 2025-02-02,DATE
R00255,8,Table: 9   Covers: 8,OTHER
R00255,9,--------------------------------------------,OTHER
R00255,10,Item                     Qty          Amount,OTHER
R00255,11,Masala Dosa                3          356.37,ITEM
R00255,12,Filter Coffee              2          101.80,ITEM
R00255,13,Filter Coffee              4          129.60,ITEM
R00255,14,Filter Coffee              2           74.42,ITEM
R00255,15,Butter Naan                2          139.78,ITEM
R00255,16,--------------------------------------------,OTHER
R00255,17,Subtotal:                             801.97,SUBTOTAL
R00255,18,CGST @ 2.5%:                           20.05,TAX
R00255,19,SGST @ 2.5%:                           20.05,TAX
R00255,20,Round Off Adj:                         -0.07,TAX
R00255,21,Net Payable:                         ₹842.00,TOTAL
R00255,22,--------------------------------------------,OTHER
R00255,23,Subject to local jurisdiction,FOOTER
R00255,24,Cash Payment,FOOTER
R00256,0,APOLLO PHARMACY OUTLET,VENDOR
R00256,1,"Rajiv Gandhi Salai, Chennai 600028",ADDRESS
R00256,2,Ph: 9840099887,ADDRESS
R00256,3,GSTIN/UIN: 33AAACA6677D1ZW,GSTIN
R00256,4,RETAIL INVOICE,OTHER
R00256,5,--------------------------------------------,OTHER
R00256,6,Invoice Date: 30-01-2025,DATE
R00256,7,Bill No: INV-2024-99467,INVOICE
R00256,8,--------------------------------------------,OTHER
R00256,9,Item                     Qty          Amount,OTHER
R00256,10,Vitamin D3                 3          549.63,ITEM
R00256,11,Antiseptic Liquid          2          206.96,ITEM
R00256,12,--------------------------------------------,OTHER
R00256,13,Sub Total:                            756.59,SUBTOTAL
R00256,14,CGST @ 6%:                             45.40,TAX
R00256,15,SGST @ 6%:                             45.39,TAX
R00256,16,Round Off Adj:                         -0.38,TAX
R00256,17,Total Amount:                        ₹847.00,TOTAL
R00256,18,--------------------------------------------,OTHER
R00256,19,*** CUSTOMER COPY ***,FOOTER
R00256,20,UPI Payment,FOOTER
R00257,0,Lucknow Travels Agencies,VENDOR
R00257,1,"3 Hazratganj, Lucknow 226001",ADDRESS
R00257,2,Ph: 9839011223,ADDRESS
R00257,3,GSTIN: 09AAGCL1122Y1ZT,GSTIN
R00257,4,RETAIL INVOICE,OTHER
R00257,5,--------------------------------------------,OTHER
R00257,6,Inv No: TI-2024-53802,INVOICE
R00257,7,Bill Date: 2025-03-15,DATE
R00257,8,--------------------------------------------,OTHER
R00257,9,Item                     Qty          Amount,OTHER
R00257,10,City Taxi                  2          464.76,ITEM
R00257,11,"Outstation Cab             1        2,433.63",ITEM
R00257,12,--------------------------------------------,OTHER
R00257,13,Total Qty: 3,OTHER
R00257,14,"Taxable Amount:                     2,898.39",SUBTOTAL
R00257,15,CGST @ 2.5%:                           72.46,TAX
R00257,16,SGST @ 2.5%:                           72.46,TAX
R00257,17,Round Off:                             -0.31,TAX
R00257,18,"Total:                             ₹3,043.00",TOTAL
R00257,19,--------------------------------------------,OTHER
R00257,20,Goods once sold will not be taken back,FOOTER
R00257,21,Cash Payment,FOOTER
R00258,0,PARK STREET CAFE,VENDOR
R00258,1,"40 Park Street, Kolkata 700017",ADDRESS
R00258,2,Ph: 9830044332,ADDRESS
R00258,3,GSTIN: 19AAFCP7890X1ZW,GSTIN
R00258,4,CASH MEMO,OTHER
R00258,5,--------------------------------------------,OTHER
R00258,6,Invoice No: INV-2024-45846,INVOICE
R00258,7,Dated: 03.06.2025,DATE
R00258,8,Table: 9   Covers: 8,OTHER
R00258,9,--------------------------------------------,OTHER
R00258,10,Item                     Qty          Amount,OTHER
R00258,11,Veg Thali                  3          918.72,ITEM
R00258,12,Veg Thali                  1          187.86,ITEM
R00258,13,--------------------------------------------,OTHER
R00258,14,Total Qty: 4,OTHER
R00258,15,"Subtotal:                           1,106.58",SUBTOTAL
R00258,16,CGST @ 2.5%:                           27.67,TAX
R00258,17,SGST @ 2.5%:                           27.66,TAX
R00258,18,Round Off Adj:                          0.09,TAX
R00258,19,"Total:                             ₹1,162.00",TOTAL
R00258,20,--------------------------------------------,OTHER
R00258,21,Thank you for your business,FOOTER
R00259,0,INDIAN OIL FUEL STATION,VENDOR
R00259,1,"OMR Perungudi, Chennai 600096",ADDRESS
R00259,2,Ph: 9840055667,ADDRESS
R00259,3,GST Reg No: 33AAACI0123R1ZQ,GSTIN
R00259,4,GST INVOICE,OTHER
R00259,5,--------------------------------------------,OTHER
R00259,6,Invoice Number: BILL-2025-25555,INVOICE
R00259,7,Invoice Date: 2025-02-23,DATE
R00259,8,--------------------------------------------,OTHER
R00259,9,Product                 Litres          Amount,OTHER
R00259,10,CNG                        7          532.14,ITEM
R00259,11,--------------------------------------------,OTHER
R00259,12,Total Before Tax:                     532.14,SUBTOTAL
R00259,13,Round Off Adj:                         -0.14,TAX
R00259,14,Total Amount:                        ₹532.00,TOTAL
R00259,15,--------------------------------------------,OTHER
R00259,16,*** CUSTOMER COPY ***,FOOTER
R00260,0,PARK STREET CAFE,VENDOR
R00260,1,"40 Park Street, Kolkata 700017",ADDRESS
R00260,2,Ph: 9830044332,ADDRESS
R00260,3,GSTIN/UIN: 19AAFCP7890X1ZW,GSTIN
R00260,4,GST INVOICE,OTHER
R00260,5,--------------------------------------------,OTHER
R00260,6,Invoice Date: 15.06.2025,DATE
R00260,7,Cash Memo No: INV-2025-23412,INVOICE
R00260,8,--------------------------------------------,OTHER
R00260,9,Item                     Qty          Amount,OTHER
R00260,10,"Biryani                    4        1,408.08",ITEM
R00260,11,Paneer Butter Masala       2          632.60,ITEM
R00260,12,Masala Dosa                3          395.88,ITEM
R00260,13,--------------------------------------------,OTHER
R00260,14,Total Qty: 9,OTHER
R00260,15,"Taxable Amount:                     2,436.56",SUBTOTAL
R00260,16,CGST @ 2.5%:                           60.92,TAX
R00260,17,SGST @ 2.5%:                           60.91,TAX
R00260,18,Round Off:                             -0.39,TAX
R00260,19,"Net Payable:                        2,558.00",TOTAL
R00260,20,--------------------------------------------,OTHER
R00260,21,Thank you for your business,FOOTER
R00260,22,Card Payment,FOOTER
R00261,0,APOLLO PHARMACY OUTLET,VENDOR
R00261,1,"Rajiv Gandhi Salai, Chennai 600028",ADDRESS
R00261,2,Ph: 9840099887,ADDRESS
R00261,3,GSTIN/UIN: 33AAACA6677D1ZW,GSTIN
R00261,4,TAX INVOICE,OTHER
R00261,5,--------------------------------------------,OTHER
R00261,6,Bill No: RCPT-2024-00767,INVOICE
R00261,7,Invoice Date: 08/02/2025,DATE
R00261,8,--------------------------------------------,OTHER
R00261,9,Item                     Qty          Amount,OTHER
R00261,10,Vitamin D3                 4          836.96,ITEM
R00261,11,Vitamin D3                 1          229.48,ITEM
R00261,12,--------------------------------------------,OTHER
R00261,13,Total Qty: 5,OTHER
R00261,14,"Subtotal:                           1,066.44",SUBTOTAL
R00261,15,CGST @ 6%:                             63.99,TAX
R00261,16,SGST @ 6%:                             63.98,TAX
R00261,17,Round Off:                             -0.41,TAX
R00261,18,"Net Payable:                       ₹1,194.00",TOTAL
R00261,19,--------------------------------------------,OTHER
R00261,20,Thank you for your business,FOOTER
R00261,21,UPI Payment,FOOTER
R00262,0,Gujarat Enterprises,VENDOR
R00262,1,"7 CG Road, Ahmedabad 380009",ADDRESS
R00262,2,Ph: 9825011234,ADDRESS
R00262,3,GSTIN: 24AABCG2244U1ZA,GSTIN
R00262,4,CASH MEMO,OTHER
R00262,5,--------------------------------------------,OTHER
R00262,6,"Bill Date: Jun 16, 2025",DATE
R00262,7,Cash Memo No: TI-2024-42946,INVOICE
R00262,8,--------------------------------------------,OTHER
R00262,9,Item                     Qty          Amount,OTHER
R00262,10,HDMI Cable 2m              1          197.60,ITEM
R00262,11,"Extension Board            3        1,112.88",ITEM
R00262,12,Keyboard                   1          784.08,ITEM
R00262,13,"Keyboard                   2        2,823.28",ITEM
R00262,14,--------------------------------------------,OTHER
R00262,15,"Sub Total:                          4,917.84",SUBTOTAL
R00262,16,CGST @ 9%:                            442.61,TAX
R00262,17,SGST @ 9%:                            442.60,TAX
R00262,18,Round Off:                             -0.05,TAX
R00262,19,"Total Amount:                      ₹5,803.00",TOTAL
R00262,20,--------------------------------------------,OTHER
R00262,21,Goods once sold will not be taken back,FOOTER
R00263,0,CAFE COFFEE JUNCTION,VENDOR
R00263,1,"8 Indiranagar, Bengaluru 560095",ADDRESS
R00263,2,Ph: 9845033445,ADDRESS
R00263,3,GSTIN/UIN: 29AAECC2233B1Z7,GSTIN
R00263,4,GST INVOICE,OTHER
R00263,5,--------------------------------------------,OTHER
R00263,6,Bill Date: 14.03.2025,DATE
R00263,7,Bill No: TI-2024-96314,INVOICE
R00263,8,--------------------------------------------,OTHER
R00263,9,Item                     Qty          Amount,OTHER
R00263,10,Biryani                    2          537.54,ITEM
R00263,11,Masala Dosa                1          139.21,ITEM
R00263,12,Veg Thali                  2          467.28,ITEM
R00263,13,Veg Thali                  4          655.76,ITEM
R00263,14,Butter Naan                2          141.30,ITEM
R00263,15,Masala Dosa                3          351.72,ITEM
R00263,16,--------------------------------------------,OTHER
R00263,17,Total Qty: 14,OTHER
R00263,18,"Total Before Tax:                   2,292.81",SUBTOTAL
R00263,19,CGST @ 2.5%:                           57.32,TAX
R00263,20,SGST @ 2.5%:                           57.32,TAX
R00263,21,Round Off:                             -0.45,TAX
R00263,22,"Bill Total:                         2,407.00",TOTAL
R00263,23,--------------------------------------------,OTHER
R00263,24,*** CUSTOMER COPY ***,FOOTER
R00263,25,UPI Payment,FOOTER
R00264,0,SARAVANA BHAVAN,VENDOR
R00264,1,"18 T Nagar, Chennai 600017",ADDRESS
R00264,2,Ph: 9840011223,ADDRESS
R00264,3,GST Reg No: 33AAECS7788N1ZJ,GSTIN
R00264,4,CASH MEMO,OTHER
R00264,5,--------------------------------------------,OTHER
R00264,6,Date: 23-02-2025,DATE
R00264,7,Bill No: INV-2024-62954,INVOICE
R00264,8,Table: 15   Covers: 7,OTHER
R00264,9,--------------------------------------------,OTHER
R00264,10,Item                     Qty          Amount,OTHER
R00264,11,Masala Dosa                1          135.20,ITEM
R00264,12,Butter Naan                1           50.86,ITEM
R00264,13,--------------------------------------------,OTHER
R00264,14,Total Qty: 2,OTHER
R00264,15,Subtotal:                             186.06,SUBTOTAL
R00264,16,CGST @ 2.5%:                            4.65,TAX
R00264,17,SGST @ 2.5%:                            4.65,TAX
R00264,18,Rounding:                              -0.36,TAX
R00264,19,Net Payable:                          195.00,TOTAL
R00264,20,--------------------------------------------,OTHER
R00264,21,Goods once sold will not be taken back,FOOTER
R00264,22,UPI Payment,FOOTER
R00265,0,SARAVANA BHAVAN,VENDOR
R00265,1,"18 T Nagar, Chennai 600017",ADDRESS
R00265,2,GST Reg No: 33AAECS7788N1ZJ,GSTIN
R00265,3,GST INVOICE,OTHER
R00265,4,--------------------------------------------,OTHER
R00265,5,Bill No: TI-2025-18978,INVOICE
R00265,6,Bill Date: 09.07.2025,DATE
R00265,7,Table: 19   Covers: 8,OTHER
R00265,8,--------------------------------------------,OTHER
R00265,9,Item                     Qty          Amount,OTHER
R00265,10,Filter Coffee              2          135.64,ITEM
R00265,11,Paneer Butter Masala       1          336.48,ITEM
R00265,12,"Paneer Butter Masala       4        1,191.32",ITEM
R00265,13,Paneer Butter Masala       1          282.30,ITEM
R00265,14,Biryani                    4          947.36,ITEM
R00265,15,Filter Coffee              2           65.26,ITEM
R00265,16,--------------------------------------------,OTHER
R00265,17,"Subtotal:                           2,958.36",SUBTOTAL
R00265,18,CGST @ 2.5%:                           73.96,TAX
R00265,19,SGST @ 2.5%:                           73.96,TAX
R00265,20,Round Off:                             -0.28,TAX
R00265,21,"Amount Payable:                     3,106.00",TOTAL
R00265,22,--------------------------------------------,OTHER
R00265,23,Goods once sold will not be taken back,FOOTER
R00266,0,INDIAN OIL FUEL STATION,VENDOR
R00266,1,"OMR Perungudi, Chennai 600096",ADDRESS
R00266,2,GST Reg No: 33AAACI0123R1ZQ,GSTIN
R00266,3,TAX INVOICE,OTHER
R00266,4,--------------------------------------------,OTHER
R00266,5,Bill Date: 05.06.2025,DATE
R00266,6,Receipt No: TI-2024-68742,INVOICE
R00266,7,--------------------------------------------,OTHER
R00266,8,Product                 Litres          Amount,OTHER
R00266,9,Petrol                     8          782.08,ITEM
R00266,10,"Petrol                    30        3,011.70",ITEM
R00266,11,--------------------------------------------,OTHER
R00266,12,"Taxable Amount:                     3,793.78",SUBTOTAL
R00266,13,Round Off:                              0.22,TAX
R00266,14,"Grand Total:                       ₹3,794.00",TOTAL
R00266,15,--------------------------------------------,OTHER
R00266,16,THANK YOU VISIT AGAIN,FOOTER
R00267,0,PARK STREET CAFE,VENDOR
R00267,1,"40 Park Street, Kolkata 700017",ADDRESS
R00267,2,Ph: 9830044332,ADDRESS
R00267,3,GST Reg No: 19AAFCP7890X1ZW,GSTIN
R00267,4,RETAIL INVOICE,OTHER
R00267,5,--------------------------------------------,OTHER
R00267,6,Invoice Number: BILL-2024-21064,INVOICE
R00267,7,Dated: 16.07.2025,DATE
R00267,8,--------------------------------------------,OTHER
R00267,9,Item                     Qty          Amount,OTHER
R00267,10,Biryani                    3          749.64,ITEM
R00267,11,Masala Dosa                2          209.66,ITEM
R00267,12,Masala Dosa                3          440.91,ITEM
R00267,13,Butter Naan                3          161.37,ITEM
R00267,14,Filter Coffee              1           58.99,ITEM
R00267,15,--------------------------------------------,OTHER
R00267,16,"Sub Total:                          1,620.57",SUBTOTAL
R00267,17,IGST @ 5%:                             81.03,TAX
R00267,18,Rounding:                               0.40,TAX
R00267,19,"Net Payable:                       ₹1,702.00",TOTAL
R00267,20,--------------------------------------------,OTHER
R00267,21,THANK YOU VISIT AGAIN,FOOTER
R00268,0,Hotel Sunrise Residency,VENDOR
R00268,1,"9 Connaught Place, New Delhi 110001",ADDRESS
R00268,2,GST Reg No: 07AACCH9012Q1Z8,GSTIN
R00268,3,GST INVOICE,OTHER
R00268,4,--------------------------------------------,OTHER
R00268,5,Dated: 08-06-2025,DATE
R00268,6,Cash Memo No: INV-2025-30589,INVOICE
R00268,7,--------------------------------------------,OTHER
R00268,8,Item                     Qty          Amount,OTHER
R00268,9,"Deluxe Room Night          2        5,799.50",ITEM
R00268,10,Laundry Service            1          512.68,ITEM
R00268,11,Breakfast Buffet           2          883.82,ITEM
R00268,12,"Deluxe Room Night          1        6,551.93",ITEM
R00268,13,Laundry Service            1          453.77,ITEM
R00268,14,"Breakfast Buffet           4        3,227.80",ITEM
R00268,15,--------------------------------------------,OTHER
R00268,16,"Taxable Value:                     17,429.50",SUBTOTAL
R00268,17,"CGST @ 6%:                          1,045.77",TAX
R00268,18,"SGST @ 6%:                          1,045.77",TAX
R00268,19,Rounding:                              -0.04,TAX
R00268,20,"Grand Total:                       19,521.00",TOTAL
R00268,21,--------------------------------------------,OTHER
R00268,22,Subject to local jurisdiction,FOOTER
R00268,23,UPI Payment,FOOTER
R00269,0,BHARAT PETROLEUM OUTLET,VENDOR
R00269,1,"NH-8 Bandra East, Mumbai 400051",ADDRESS
R00269,2,Ph: 9820011122,ADDRESS
R00269,3,GSTIN/UIN: 27AAACB1111P1ZW,GSTIN
R00269,4,GST INVOICE,OTHER
R00269,5,--------------------------------------------,OTHER
R00269,6,Date: 06/04/2025,DATE
R00269,7,Invoice No: INV-2025-57683,INVOICE
R00269,8,--------------------------------------------,OTHER
R00269,9,Product                 Litres          Amount,OTHER
R00269,10,"Petrol                    32        3,163.20",ITEM
R00269,11,--------------------------------------------,OTHER
R00269,12,"Taxable Amount:                     3,163.20",SUBTOTAL
R00269,13,Rounding:                              -0.20,TAX
R00269,14,"Net Payable:                        3,163.00",TOTAL
R00269,15,--------------------------------------------,OTHER
R00269,16,Subject to local jurisdiction,FOOTER
R00269,17,Cash Payment,FOOTER
R00270,0,Hotel Sunrise Residency,VENDOR
R00270,1,"9 Connaught Place, New Delhi 110001",ADDRESS
R00270,2,Ph: 9811023456,ADDRESS
R00270,3,GSTIN: 07AACCH9012Q1Z8,GSTIN
R00270,4,GST INVOICE,OTHER
R00270,5,--------------------------------------------,OTHER
R00270,6,Receipt No: RCPT-2024-74987,INVOICE
R00270,7,Bill Date: 01-08-2025,DATE
R00270,8,--------------------------------------------,OTHER
R00270,9,Item                     Qty          Amount,OTHER
R00270,10,Breakfast Buffet           1          491.90,ITEM
R00270,11,"Laundry Service            3        1,438.68",ITEM
R00270,12,"Deluxe Room Night          1        2,718.06",ITEM
R00270,13,"Deluxe Room Night          3        8,217.33",ITEM
R00270,14,--------------------------------------------,OTHER
R00270,15,"Taxable Value:                     12,865.97",SUBTOTAL
R00270,16,"IGST @ 12%:                         1,543.92",TAX
R00270,17,Rounding:                               0.11,TAX
R00270,18,"Amount Payable:                   ₹14,410.00",TOTAL
R00270,19,--------------------------------------------,OTHER
R00270,20,Subject to local jurisdiction,FOOTER
R00270,21,Card Payment,FOOTER
R00271,0,KUMAR MEDICALS,VENDOR
R00271,1,"44 Kalkaji Main Rd, New Delhi 110019",ADDRESS
R00271,2,GSTIN: 07AAFCK3321L1ZK,GSTIN
R00271,3,TAX INVOICE,OTHER
R00271,4,--------------------------------------------,OTHER
R00271,5,Bill No: RCPT-2024-59481,INVOICE
R00271,6,Date: 29-01-2025,DATE
R00271,7,--------------------------------------------,OTHER
R00271,8,Item                     Qty          Amount,OTHER
R00271,9,Vitamin D3                 3          732.30,ITEM
R00271,10,Vitamin D3                 1          237.02,ITEM
R00271,11,Antiseptic Liquid          4          700.24,ITEM
R00271,12,--------------------------------------------,OTHER
R00271,13,Total Qty: 8,OTHER
R00271,14,"Taxable Amount:                     1,669.56",SUBTOTAL
R00271,15,CGST @ 6%:                            100.18,TAX
R00271,16,SGST @ 6%:                            100.17,TAX
R00271,17,Round Off Adj:                          0.09,TAX
R00271,18,"Bill Total:                        ₹1,870.00",TOTAL
R00271,19,--------------------------------------------,OTHER
R00271,20,Subject to local jurisdiction,FOOTER
R00271,21,Cash Payment,FOOTER
R00272,0,HYDERABAD BIRYANI HOUSE,VENDOR
R00272,1,"5 Gachibowli, Hyderabad 500081",ADDRESS
R00272,2,GSTIN/UIN: 36AADCH4567S1ZS,GSTIN
R00272,3,TAX INVOICE,OTHER
R00272,4,--------------------------------------------,OTHER
R00272,5,Dated: 02.03.2025,DATE
R00272,6,Bill No: BILL-2025-44472,INVOICE
R00272,7,Table: 15   Covers: 7,OTHER
R00272,8,--------------------------------------------,OTHER
R00272,9,Item                     Qty          Amount,OTHER
R00272,10,Filter Coffee              2          100.68,ITEM
R00272,11,Filter Coffee              3           91.68,ITEM
R00272,12,--------------------------------------------,OTHER
R00272,13,Total Qty: 5,OTHER
R00272,14,Taxable Value:                        192.36,SUBTOTAL
R00272,15,CGST @ 2.5%:                            4.81,TAX
R00272,16,SGST @ 2.5%:                            4.81,TAX
R00272,17,Round Off:                              0.02,TAX
R00272,18,Total:                                202.00,TOTAL
R00272,19,--------------------------------------------,OTHER
R00272,20,*** CUSTOMER COPY ***,FOOTER
R00272,21,Card Payment,FOOTER
R00273,0,PARK STREET CAFE,VENDOR
R00273,1,"40 Park Street, Kolkata 700017",ADDRESS
R00273,2,Ph: 9830044332,ADDRESS
R00273,3,GST Reg No: 19AAFCP7890X1ZW,GSTIN
R00273,4,TAX INVOICE,OTHER
R00273,5,--------------------------------------------,OTHER
R00273,6,Date of Supply: 22-04-2025,DATE
R00273,7,Inv No: BILL-2025-76687,INVOICE
R00273,8,Table: 21   Covers: 4,OTHER
R00273,9,--------------------------------------------,OTHER
R00273,10,Item                     Qty          Amount,OTHER
R00273,11,Butter Naan                1           45.31,ITEM
R00273,12,Butter Naan                1           48.20,ITEM
R00273,13,Veg Thali                  3          935.19,ITEM
R00273,14,Paneer Butter Masala       1          252.40,ITEM
R00273,15,Filter Coffee              4          254.24,ITEM
R00273,16,--------------------------------------------,OTHER
R00273,17,"Total Before Tax:                   1,535.34",SUBTOTAL
R00273,18,CGST @ 2.5%:                           38.39,TAX
R00273,19,SGST @ 2.5%:                           38.38,TAX
R00273,20,Rounding:                              -0.11,TAX
R00273,21,"Grand Total:                        1,612.00",TOTAL
R00273,22,--------------------------------------------,OTHER
R00273,23,Thank you for your business,FOOTER
R00274,0,Lucknow Travels Agencies,VENDOR
R00274,1,"3 Hazratganj, Lucknow 226001",ADDRESS
R00274,2,Ph: 9839011223,ADDRESS
R00274,3,GSTIN: 09AAGCL1122Y1ZT,GSTIN
R00274,4,RETAIL INVOICE,OTHER
R00274,5,--------------------------------------------,OTHER
R00274,6,Invoice Number: BILL-2024-45101,INVOICE
R00274,7,"Bill Date: Apr 21, 2025",DATE
R00274,8,--------------------------------------------,OTHER
R00274,9,Item                     Qty          Amount,OTHER
R00274,10,"Airport Transfer           2        2,206.80",ITEM
R00274,11,City Taxi                  1          373.65,ITEM
R00274,12,Airport Transfer           1          952.23,ITEM
R00274,13,"Airport Transfer           4        4,328.40",ITEM
R00274,14,--------------------------------------------,OTHER
R00274,15,Total Qty: 8,OTHER
R00274,16,"Taxable Amount:                     7,861.08",SUBTOTAL
R00274,17,CGST @ 2.5%:                          196.53,TAX
R00274,18,SGST @ 2.5%:                          196.52,TAX
R00274,19,Rounding:                              -0.13,TAX
R00274,20,"Net Payable:                       ₹8,254.00",TOTAL
R00274,21,--------------------------------------------,OTHER
R00274,22,Thank you for your business,FOOTER
R00274,23,UPI Payment,FOOTER
R00275,0,PARK STREET CAFE,VENDOR
R00275,1,"40 Park Street, Kolkata 700017",ADDRESS
R00275,2,Ph: 9830044332,ADDRESS
R00275,3,GST Reg No: 19AAFCP7890X1ZW,GSTIN
R00275,4,TAX INVOICE,OTHER
R00275,5,--------------------------------------------,OTHER
R00275,6,Date: 13.01.2025,DATE
R00275,7,Inv No: INV-2024-27050,INVOICE
R00275,8,Table: 20   Covers: 5,OTHER
R00275,9,--------------------------------------------,OTHER
R00275,10,Item                     Qty          Amount,OTHER
R00275,11,Filter Coffee              2           71.24,ITEM
R00275,12,Masala Dosa                4          464.56,ITEM
R00275,13,Paneer Butter Masala       2          364.58,ITEM
R00275,14,Biryani                    4          943.04,ITEM
R00275,15,Filter Coffee              4          245.60,ITEM
R00275,16,Biryani                    1          341.38,ITEM
R00275,17,--------------------------------------------,OTHER
R00275,18,Total Qty: 17,OTHER
R00275,19,"Subtotal:                           2,430.40",SUBTOTAL
R00275,20,CGST @ 2.5%:                           60.76,TAX
R00275,21,SGST @ 2.5%:                           60.76,TAX
R00275,22,Round Off Adj:                          0.08,TAX
R00275,23,"Bill Total:                         2,552.00",TOTAL
R00275,24,--------------------------------------------,OTHER
R00275,25,Thank you for your business,FOOTER
R00275,26,UPI Payment,FOOTER
R00276,0,PATEL STORES,VENDOR
R00276,1,"31 Adajan, Surat 395007",ADDRESS
R00276,2,Ph: 9825099001,ADDRESS
R00276,3,GSTIN/UIN: 24AAHCP6677V1Z8,GSTIN
R00276,4,RETAIL INVOICE,OTHER
R00276,5,--------------------------------------------,OTHER
R00276,6,Bill Date: 18/02/2025,DATE
R00276,7,Cash Memo No: RCPT-2024-93496,INVOICE
R00276,8,--------------------------------------------,OTHER
R00276,9,Item                     Qty          Amount,OTHER
R00276,10,Milk 1L                    1           58.76,ITEM
R00276,11,Atta 5kg                   1          336.51,ITEM
R00276,12,Milk 1L                    1           61.70,ITEM
R00276,13,"Basmati Rice 5kg           3        1,622.49",ITEM
R00276,14,"Basmati Rice 5kg           3        1,382.16",ITEM
R00276,15,--------------------------------------------,OTHER
R00276,16,"Total Before Tax:                   3,461.62",SUBTOTAL
R00276,17,CGST @ 2.5%:                           86.54,TAX
R00276,18,SGST @ 2.5%:                           86.54,TAX
R00276,19,Rounding:                               0.30,TAX
R00276,20,"Grand Total:                       ₹3,635.00",TOTAL
R00276,21,--------------------------------------------,OTHER
R00276,22,THANK YOU VISIT AGAIN,FOOTER
R00277,0,ANNAPURNA RESTAURANT,VENDOR
R00277,1,"22 Koramangala 5th Blk, Bengaluru 560034",ADDRESS
R00277,2,Ph: 9845112233,ADDRESS
R00277,3,GSTIN: 29AABCA1234M1ZQ,GSTIN
R00277,4,TAX INVOICE,OTHER
R00277,5,--------------------------------------------,OTHER
R00277,6,Receipt No: RCPT-2025-78588,INVOICE
R00277,7,Invoice Date: 14-08-2025,DATE
R00277,8,Table: 5   Covers: 8,OTHER
R00277,9,--------------------------------------------,OTHER
R00277,10,Item                     Qty          Amount,OTHER
R00277,11,Veg Thali                  1          279.86,ITEM
R00277,12,Butter Naan                3          163.35,ITEM
R00277,13,Filter Coffee              3          148.35,ITEM
R00277,14,--------------------------------------------,OTHER
R00277,15,Total Qty: 7,OTHER
R00277,16,Taxable Amount:                       591.56,SUBTOTAL
R00277,17,CGST @ 2.5%:                           14.79,TAX
R00277,18,SGST @ 2.5%:                           14.79,TAX
R00277,19,Round Off:                             -0.14,TAX
R00277,20,Amount Payable:                       621.00,TOTAL
R00277,21,--------------------------------------------,OTHER
R00277,22,THANK YOU VISIT AGAIN,FOOTER
R00278,0,PARK STREET CAFE,VENDOR
R00278,1,"40 Park Street, Kolkata 700017",ADDRESS
R00278,2,Ph: 9830044332,ADDRESS
R00278,3,GSTIN: 19AAFCP7890X1ZW,GSTIN
R00278,4,TAX INVOICE,OTHER
R00278,5,--------------------------------------------,OTHER
R00278,6,Bill No: RCPT-2024-82132,INVOICE
R00278,7,Date of Supply: 19/01/2025,DATE
R00278,8,--------------------------------------------,OTHER
R00278,9,Item                     Qty          Amount,OTHER
R00278,10,Biryani                    4          769.68,ITEM
R00278,11,Biryani                    1          367.28,ITEM
R00278,12,Biryani                    2          521.44,ITEM
R00278,13,Paneer Butter Masala       4          831.64,ITEM
R00278,14,Veg Thali                  3          862.77,ITEM
R00278,15,--------------------------------------------,OTHER
R00278,16,Total Qty: 14,OTHER
R00278,17,"Taxable Value:                      3,352.81",SUBTOTAL
R00278,18,CGST @ 2.5%:                           83.82,TAX
R00278,19,SGST @ 2.5%:                           83.82,TAX
R00278,20,Round Off:                             -0.45,TAX
R00278,21,"Total:                             ₹3,520.00",TOTAL
R00278,22,--------------------------------------------,OTHER
R00278,23,THANK YOU VISIT AGAIN,FOOTER
R00278,24,Cash Payment,FOOTER
R00279,0,APOLLO PHARMACY OUTLET,VENDOR
R00279,1,"Rajiv Gandhi Salai, Chennai 600028",ADDRESS
R00279,2,Ph: 9840099887,ADDRESS
R00279,3,GST No.: 33AAACA6677D1ZW,GSTIN
R00279,4,CASH MEMO,OTHER
R00279,5,--------------------------------------------,OTHER
R00279,6,Receipt No: BILL-2025-51354,INVOICE
R00279,7,Invoice Date: 06/05/2025,DATE
R00279,8,--------------------------------------------,OTHER
R00279,9,Item                     Qty          Amount,OTHER
R00279,10,Antiseptic Liquid          3          406.98,ITEM
R00279,11,Paracetamol Strip          1           35.71,ITEM
R00279,12,Paracetamol Strip          4          130.32,ITEM
R00279,13,Digital Thermometer        3          942.45,ITEM
R00279,14,--------------------------------------------,OTHER
R00279,15,Total Qty: 11,OTHER
R00279,16,"Taxable Value:                      1,515.46",SUBTOTAL
R00279,17,CGST @ 6%:                             90.93,TAX
R00279,18,SGST @ 6%:                             90.93,TAX
R00279,19,Rounding:                              -0.32,TAX
R00279,20,"Grand Total:                       ₹1,697.00",TOTAL
R00279,21,--------------------------------------------,OTHER
R00279,22,Subject to local jurisdiction,FOOTER
R00280,0,Gujarat Enterprises,VENDOR
R00280,1,"7 CG Road, Ahmedabad 380009",ADDRESS
R00280,2,Ph: 9825011234,ADDRESS
R00280,3,GSTIN: 24AABCG2244U1ZA,GSTIN
R00280,4,CASH MEMO,OTHER
R00280,5,--------------------------------------------,OTHER
R00280,6,Invoice Number: TI-2025-65741,INVOICE
R00280,7,Date: 26-06-2025,DATE
R00280,8,--------------------------------------------,OTHER
R00280,9,Item                     Qty          Amount,OTHER
R00280,10,Extension Board            2          511.22,ITEM
R00280,11,"Keyboard                   3        2,530.74",ITEM
R00280,12,"USB Hub                    4        3,435.80",ITEM
R00280,13,--------------------------------------------,OTHER
R00280,14,Total Qty: 9,OTHER
R00280,15,"Subtotal:                           6,477.76",SUBTOTAL
R00280,16,CGST @ 9%:                            583.00,TAX
R00280,17,SGST @ 9%:                            583.00,TAX
R00280,18,Rounding:                               0.24,TAX
R00280,19,"Grand Total:                       ₹7,644.00",TOTAL
R00280,20,--------------------------------------------,OTHER
R00280,21,Subject to local jurisdiction,FOOTER
R00280,22,Card Payment,FOOTER
R00281,0,Lucknow Travels Agencies,VENDOR
R00281,1,"3 Hazratganj, Lucknow 226001",ADDRESS
R00281,2,Ph: 9839011223,ADDRESS
R00281,3,GSTIN: 09AAGCL1122Y1ZT,GSTIN
R00281,4,CASH MEMO,OTHER
R00281,5,--------------------------------------------,OTHER
R00281,6,Date of Supply: 20-05-2025,DATE
R00281,7,Invoice Number: RCPT-2024-44624,INVOICE
R00281,8,--------------------------------------------,OTHER
R00281,9,Item                     Qty          Amount,OTHER
R00281,10,"Airport Transfer           4        2,797.28",ITEM
R00281,11,"City Taxi                  3        1,289.85",ITEM
R00281,12,City Taxi                  1          526.89,ITEM
R00281,13,"Outstation Cab             4       11,213.20",ITEM
R00281,14,"City Taxi                  3        1,677.00",ITEM
R00281,15,"Airport Transfer           1        1,330.21",ITEM
R00281,16,--------------------------------------------,OTHER
R00281,17,Total Qty: 16,OTHER
R00281,18,"Total Before Tax:                  18,834.43",SUBTOTAL
R00281,19,CGST @ 2.5%:                          470.86,TAX
R00281,20,SGST @ 2.5%:                          470.86,TAX
R00281,21,Round Off:                             -0.15,TAX
R00281,22,"Total:                            ₹19,776.00",TOTAL
R00281,23,--------------------------------------------,OTHER
R00281,24,Goods once sold will not be taken back,FOOTER
R00281,25,Card Payment,FOOTER
R00282,0,BENGAL BOOK DEPOT,VENDOR
R00282,1,"6 Park Street, Kolkata 700016",ADDRESS
R00282,2,GSTIN: 19AACCB3456W1ZT,GSTIN
R00282,3,CASH MEMO,OTHER
R00282,4,--------------------------------------------,OTHER
R00282,5,Dated: 20/01/2025,DATE
R00282,6,Inv No: INV-2024-74075,INVOICE
R00282,7,--------------------------------------------,OTHER
R00282,8,Item                     Qty          Amount,OTHER
R00282,9,Stapler                    2          499.08,ITEM
R00282,10,Marker Pen                 2           97.42,ITEM
R00282,11,A4 Paper Ream              2          483.46,ITEM
R00282,12,Stapler                    4          654.28,ITEM
R00282,13,"Printer Ink                1        1,173.45",ITEM
R00282,14,--------------------------------------------,OTHER
R00282,15,Total Qty: 11,OTHER
R00282,16,"Sub Total:                          2,907.69",SUBTOTAL
R00282,17,CGST @ 9%:                            261.69,TAX
R00282,18,SGST @ 9%:                            261.69,TAX
R00282,19,Round Off Adj:                         -0.07,TAX
R00282,20,"Grand Total:                        3,431.00",TOTAL
R00282,21,--------------------------------------------,OTHER
R00282,22,Goods once sold will not be taken back,FOOTER
R00282,23,Card Payment,FOOTER
R00283,0,RELIANCE FRESH SUPERMARKET,VENDOR
R00283,1,"Shop 4 Kurla West, Mumbai 400070",ADDRESS
R00283,2,GST Reg No: 27AAACR5055K1Z7,GSTIN
R00283,3,CASH MEMO,OTHER
R00283,4,--------------------------------------------,OTHER
R00283,5,Bill No: TI-2025-39135,INVOICE
R00283,6,Dated: 2025-01-14,DATE
R00283,7,--------------------------------------------,OTHER
R00283,8,Item                     Qty          Amount,OTHER
R00283,9,Atta 5kg                   1          272.95,ITEM
R00283,10,Sugar 1kg                  2           92.50,ITEM
R00283,11,--------------------------------------------,OTHER
R00283,12,Subtotal:                             365.45,SUBTOTAL
R00283,13,IGST @ 5%:                             18.27,TAX
R00283,14,Round Off:                              0.28,TAX
R00283,15,Bill Total:                          ₹384.00,TOTAL
R00283,16,--------------------------------------------,OTHER
R00283,17,Goods once sold will not be taken back,FOOTER
R00283,18,UPI Payment,FOOTER
R00284,0,Deccan Office Supplies,VENDOR
R00284,1,"12 Madhapur, Hyderabad 500032",ADDRESS
R00284,2,GSTIN/UIN: 36AAGCD8899T1Z8,GSTIN
R00284,3,GST INVOICE,OTHER
R00284,4,--------------------------------------------,OTHER
R00284,5,Invoice Number: TI-2024-81378,INVOICE
R00284,6,Bill Date: 20.01.2025,DATE
R00284,7,--------------------------------------------,OTHER
R00284,8,Item                     Qty          Amount,OTHER
R00284,9,Notebook 200pg             2          192.74,ITEM
R00284,10,Notebook 200pg             4          307.44,ITEM
R00284,11,--------------------------------------------,OTHER
R00284,12,Total Qty: 6,OTHER
R00284,13,Sub Total:                            500.18,SUBTOTAL
R00284,14,CGST @ 9%:                             45.02,TAX
R00284,15,SGST @ 9%:                             45.01,TAX
R00284,16,Round Off:                             -0.21,TAX
R00284,17,Net Payable:                         ₹590.00,TOTAL
R00284,18,--------------------------------------------,OTHER
R00284,19,Goods once sold will not be taken back,FOOTER
R00285,0,Sharma Traders Pvt Ltd,VENDOR
R00285,1,"14 MG Road, Bengaluru 560001",ADDRESS
R00285,2,Ph: 9845012345,ADDRESS
R00285,3,GST Reg No: 29AAGCB7383J1Z4,GSTIN
R00285,4,TAX INVOICE,OTHER
R00285,5,--------------------------------------------,OTHER
R00285,6,Cash Memo No: RCPT-2025-38268,INVOICE
R00285,7,Bill Date: 18.06.2025,DATE
R00285,8,--------------------------------------------,OTHER
R00285,9,Item                     Qty          Amount,OTHER
R00285,10,Stapler                    1          216.13,ITEM
R00285,11,Notebook 200pg             4          248.12,ITEM
R00285,12,Stapler                    4          637.20,ITEM
R00285,13,--------------------------------------------,OTHER
R00285,14,"Subtotal:                           1,101.45",SUBTOTAL
R00285,15,CGST @ 9%:                             99.13,TAX
R00285,16,SGST @ 9%:                             99.13,TAX
R00285,17,Rounding:                               0.29,TAX
R00285,18,"Amount Payable:                    ₹1,300.00",TOTAL
R00285,19,--------------------------------------------,OTHER
R00285,20,*** CUSTOMER COPY ***,FOOTER
R00285,21,Cash Payment,FOOTER
R00286,0,ANNAPURNA RESTAURANT,VENDOR
R00286,1,"22 Koramangala 5th Blk, Bengaluru 560034",ADDRESS
R00286,2,Ph: 9845112233,ADDRESS
R00286,3,GST No.: 29AABCA1234M1ZQ,GSTIN
R00286,4,TAX INVOICE,OTHER
R00286,5,--------------------------------------------,OTHER
R00286,6,Inv No: BILL-2025-51397,INVOICE
R00286,7,Dated: 13-05-2025,DATE
R00286,8,--------------------------------------------,OTHER
R00286,9,Item                     Qty          Amount,OTHER
R00286,10,Masala Dosa                3          428.01,ITEM
R00286,11,"Paneer Butter Masala       4        1,029.64",ITEM
R00286,12,--------------------------------------------,OTHER
R00286,13,"Taxable Amount:                     1,457.65",SUBTOTAL
R00286,14,CGST @ 2.5%:                           36.44,TAX
R00286,15,SGST @ 2.5%:                           36.44,TAX
R00286,16,Round Off Adj:                          0.47,TAX
R00286,17,"Amount Payable:                    ₹1,531.00",TOTAL
R00286,18,--------------------------------------------,OTHER
R00286,19,THANK YOU VISIT AGAIN,FOOTER
R00286,20,Cash Payment,FOOTER
R00287,0,RELIANCE FRESH SUPERMARKET,VENDOR
R00287,1,"Shop 4 Kurla West, Mumbai 400070",ADDRESS
R00287,2,GST No.: 27AAACR5055K1Z7,GSTIN
R00287,3,TAX INVOICE,OTHER
R00287,4,--------------------------------------------,OTHER
R00287,5,Receipt No: INV-2025-82400,INVOICE
R00287,6,Date of Supply: 13-07-2025,DATE
R00287,7,--------------------------------------------,OTHER
R00287,8,Item                     Qty          Amount,OTHER
R00287,9,Toor Dal 1kg               3          537.30,ITEM
R00287,10,Sunflower Oil 1L           1          185.32,ITEM
R00287,11,Basmati Rice 5kg           1          718.54,ITEM
R00287,12,--------------------------------------------,OTHER
R00287,13,"Taxable Amount:                     1,441.16",SUBTOTAL
R00287,14,CGST @ 2.5%:                           36.03,TAX
R00287,15,SGST @ 2.5%:                           36.03,TAX
R00287,16,Round Off Adj:                         -0.22,TAX
R00287,17,"Bill Total:                         1,513.00",TOTAL
R00287,18,--------------------------------------------,OTHER
R00287,19,THANK YOU VISIT AGAIN,FOOTER
R00287,20,Cash Payment,FOOTER
R00288,0,Gujarat Enterprises,VENDOR
R00288,1,"7 CG Road, Ahmedabad 380009",ADDRESS
R00288,2,GST No.: 24AABCG2244U1ZA,GSTIN
R00288,3,RETAIL INVOICE,OTHER
R00288,4,--------------------------------------------,OTHER
R00288,5,Date of Supply: 20.07.2025,DATE
R00288,6,Cash Memo No: BILL-2025-77265,INVOICE
R00288,7,--------------------------------------------,OTHER
R00288,8,Item                     Qty          Amount,OTHER
R00288,9,"Extension Board            4        1,922.16",ITEM
R00288,10,USB Hub                    1          605.35,ITEM
R00288,11,"USB Hub                    4        3,355.64",ITEM
R00288,12,--------------------------------------------,OTHER
R00288,13,Total Qty: 9,OTHER
R00288,14,"Subtotal:                           5,883.15",SUBTOTAL
R00288,15,CGST @ 9%:                            529.49,TAX
R00288,16,SGST @ 9%:                            529.48,TAX
R00288,17,Rounding:                              -0.12,TAX
R00288,18,"Total Amount:                       6,942.00",TOTAL
R00288,19,--------------------------------------------,OTHER
R00288,20,Subject to local jurisdiction,FOOTER
R00288,21,Cash Payment,FOOTER
R00289,0,PARK STREET CAFE,VENDOR
R00289,1,"40 Park Street, Kolkata 700017",ADDRESS
R00289,2,Ph: 9830044332,ADDRESS
R00289,3,GST Reg No: 19AAFCP7890X1ZW,GSTIN
R00289,4,GST INVOICE,OTHER
R00289,5,--------------------------------------------,OTHER
R00289,6,"Dated: Mar 24, 2025",DATE
R00289,7,Invoice Number: TI-2024-44565,INVOICE
R00289,8,Table: 2   Covers: 1,OTHER
R00289,9,--------------------------------------------,OTHER
R00289,10,Item                     Qty          Amount,OTHER
R00289,11,Butter Naan                1           45.12,ITEM
R00289,12,Paneer Butter Masala       3          797.76,ITEM
R00289,13,"Paneer Butter Masala       3        1,011.81",ITEM
R00289,14,--------------------------------------------,OTHER
R00289,15,"Total Before Tax:                   1,854.69",SUBTOTAL
R00289,16,IGST @ 5%:                             92.73,TAX
R00289,17,Round Off:                             -0.42,TAX
R00289,18,"Net Payable:                        1,947.00",TOTAL
R00289,19,--------------------------------------------,OTHER
R00289,20,Goods once sold will not be taken back,FOOTER
R00290,0,Deccan Office Supplies,VENDOR
R00290,1,"12 Madhapur, Hyderabad 500032",ADDRESS
R00290,2,GSTIN: 36AAGCD8899T1Z8,GSTIN
R00290,3,RETAIL INVOICE,OTHER
R00290,4,--------------------------------------------,OTHER
R00290,5,Bill No: TI-2024-54755,INVOICE
R00290,6,Date: 06.07.2025,DATE
R00290,7,--------------------------------------------,OTHER
R00290,8,Item                     Qty          Amount,OTHER
R00290,9,"Printer Ink                3        3,012.99",ITEM
R00290,10,File Folder                4          167.20,ITEM
R00290,11,Notebook 200pg             4          479.88,ITEM
R00290,12,Stapler                    3          499.02,ITEM
R00290,13,--------------------------------------------,OTHER
R00290,14,"Taxable Value:                      4,159.09",SUBTOTAL
R00290,15,IGST @ 18%:                           748.64,TAX
R00290,16,Rounding:                               0.27,TAX
R00290,17,"Total Amount:                      ₹4,908.00",TOTAL
R00290,18,--------------------------------------------,OTHER
R00290,19,Subject to local jurisdiction,FOOTER
R00291,0,Lucknow Travels Agencies,VENDOR
R00291,1,"3 Hazratganj, Lucknow 226001",ADDRESS
R00291,2,Ph: 9839011223,ADDRESS
R00291,3,GST Reg No: 09AAGCL1122Y1ZT,GSTIN
R00291,4,TAX INVOICE,OTHER
R00291,5,--------------------------------------------,OTHER
R00291,6,Bill Date: 19.01.2025,DATE
R00291,7,Inv No: BILL-2025-42772,INVOICE
R00291,8,--------------------------------------------,OTHER
R00291,9,Item                     Qty          Amount,OTHER
R00291,10,"Outstation Cab             4       17,371.96",ITEM
R00291,11,"City Taxi                  4        2,121.40",ITEM
R00291,12,City Taxi                  2          452.86,ITEM
R00291,13,"Outstation Cab             3        8,886.96",ITEM
R00291,14,"Airport Transfer           1        1,116.21",ITEM
R00291,15,--------------------------------------------,OTHER
R00291,16,"Taxable Value:                     29,949.39",SUBTOTAL
R00291,17,CGST @ 2.5%:                          748.74,TAX
R00291,18,SGST @ 2.5%:                          748.73,TAX
R00291,19,Round Off Adj:                          0.14,TAX
R00291,20,"Net Payable:                      ₹31,447.00",TOTAL
R00291,21,--------------------------------------------,OTHER
R00291,22,THANK YOU VISIT AGAIN,FOOTER
R00292,0,Mumbai Print Solutions LLP,VENDOR
R00292,1,"21 Lower Parel, Mumbai 400013",ADDRESS
R00292,2,Ph: 9820077331,ADDRESS
R00292,3,GST Reg No: 27AAFCM4455C1ZM,GSTIN
R00292,4,TAX INVOICE,OTHER
R00292,5,--------------------------------------------,OTHER
R00292,6,Dated: 28.07.2025,DATE
R00292,7,Invoice Number: BILL-2025-01179,INVOICE
R00292,8,--------------------------------------------,OTHER
R00292,9,Item                     Qty          Amount,OTHER
R00292,10,"Business Cards 500         3        2,887.05",ITEM
R00292,11,"Brochure Print 100         3        6,700.71",ITEM
R00292,12,"Brochure Print 100         2        4,497.42",ITEM
R00292,13,"Poster A2                  3        1,154.79",ITEM
R00292,14,"Brochure Print 100         3        5,306.91",ITEM
R00292,15,"Brochure Print 100         3        9,688.44",ITEM
R00292,16,--------------------------------------------,OTHER
R00292,17,"Sub Total:                         30,235.32",SUBTOTAL
R00292,18,"IGST @ 18%:                         5,442.36",TAX
R00292,19,Rounding:                               0.32,TAX
R00292,20,"Total Amount:                     ₹35,678.00",TOTAL
R00292,21,--------------------------------------------,OTHER
R00292,22,Goods once sold will not be taken back,FOOTER
R00293,0,KUMAR MEDICALS,VENDOR
R00293,1,"44 Kalkaji Main Rd, New Delhi 110019",ADDRESS
R00293,2,Ph: 9811099887,ADDRESS
R00293,3,GSTIN/UIN: 07AAFCK3321L1ZK,GSTIN
R00293,4,GST INVOICE,OTHER
R00293,5,--------------------------------------------,OTHER
R00293,6,"Dated: Jul 27, 2025",DATE
R00293,7,Invoice Number: INV-2024-23569,INVOICE
R00293,8,--------------------------------------------,OTHER
R00293,9,Item                     Qty          Amount,OTHER
R00293,10,Paracetamol Strip          1           30.56,ITEM
R00293,11,Digital Thermometer        2          476.24,ITEM
R00293,12,Paracetamol Strip          1           29.72,ITEM
R00293,13,Antiseptic Liquid          1          110.68,ITEM
R00293,14,Antiseptic Liquid          4          529.88,ITEM
R00293,15,--------------------------------------------,OTHER
R00293,16,"Subtotal:                           1,177.08",SUBTOTAL
R00293,17,CGST @ 6%:                             70.63,TAX
R00293,18,SGST @ 6%:                             70.62,TAX
R00293,19,Rounding:                              -0.33,TAX
R00293,20,"Grand Total:                        1,318.00",TOTAL
R00293,21,--------------------------------------------,OTHER
R00293,22,THANK YOU VISIT AGAIN,FOOTER
R00294,0,BENGAL BOOK DEPOT,VENDOR
R00294,1,"6 Park Street, Kolkata 700016",ADDRESS
R00294,2,Ph: 9830011234,ADDRESS
R00294,3,GST Reg No: 19AACCB3456W1ZT,GSTIN
R00294,4,TAX INVOICE,OTHER
R00294,5,--------------------------------------------,OTHER
R00294,6,Invoice Date: 18/06/2025,DATE
R00294,7,Bill No: INV-2025-58337,INVOICE
R00294,8,--------------------------------------------,OTHER
R00294,9,Item                     Qty          Amount,OTHER
R00294,10,A4 Paper Ream              4          940.56,ITEM
R00294,11,"Printer Ink                3        3,119.49",ITEM
R00294,12,Notebook 200pg             2          238.46,ITEM
R00294,13,A4 Paper Ream              1          315.67,ITEM
R00294,14,File Folder                1           58.76,ITEM
R00294,15,"Printer Ink                3        2,198.52",ITEM
R00294,16,--------------------------------------------,OTHER
R00294,17,Total Qty: 14,OTHER
R00294,18,"Total Before Tax:                   6,871.46",SUBTOTAL
R00294,19,"IGST @ 18%:                         1,236.86",TAX
R00294,20,Round Off Adj:                         -0.32,TAX
R00294,21,"Bill Total:                         8,108.00",TOTAL
R00294,22,--------------------------------------------,OTHER
R00294,23,Thank you for your business,FOOTER
R00295,0,Lucknow Travels Agencies,VENDOR
R00295,1,"3 Hazratganj, Lucknow 226001",ADDRESS
R00295,2,Ph: 9839011223,ADDRESS
R00295,3,GST No.: 09AAGCL1122Y1ZT,GSTIN
R00295,4,TAX INVOICE,OTHER
R00295,5,--------------------------------------------,OTHER
R00295,6,Date of Supply: 20/05/2025,DATE
R00295,7,Cash Memo No: RCPT-2024-70548,INVOICE
R00295,8,--------------------------------------------,OTHER
R00295,9,Item                     Qty          Amount,OTHER
R00295,10,City Taxi                  3          667.86,ITEM
R00295,11,City Taxi                  4          803.12,ITEM
R00295,12,"Outstation Cab             1        3,084.96",ITEM
R00295,13,"City Taxi                  3        1,483.17",ITEM
R00295,14,"Airport Transfer           4        4,179.28",ITEM
R00295,15,"Airport Transfer           3        1,958.43",ITEM
R00295,16,--------------------------------------------,OTHER
R00295,17,"Sub Total:                         12,176.82",SUBTOTAL
R00295,18,IGST @ 5%:                            608.84,TAX
R00295,19,Round Off:                              0.34,TAX
R00295,20,"Grand Total:                      ₹12,786.00",TOTAL
R00295,21,--------------------------------------------,OTHER
R00295,22,Goods once sold will not be taken back,FOOTER
R00296,0,SHELL SELECT FUEL POINT,VENDOR
R00296,1,"Whitefield Main Rd, Bengaluru 560066",ADDRESS
R00296,2,Ph: 9845077889,ADDRESS
R00296,3,GST Reg No: 29AAACS9911A1ZI,GSTIN
R00296,4,TAX INVOICE,OTHER
R00296,5,--------------------------------------------,OTHER
R00296,6,Invoice Date: 26-02-2025,DATE
R00296,7,Invoice Number: BILL-2024-16693,INVOICE
R00296,8,--------------------------------------------,OTHER
R00296,9,Product                 Litres          Amount,OTHER
R00296,10,"Petrol                    16        1,536.64",ITEM
R00296,11,--------------------------------------------,OTHER
R00296,12,"Taxable Amount:                     1,536.64",SUBTOTAL
R00296,13,Rounding:                               0.36,TAX
R00296,14,"Net Payable:                       ₹1,537.00",TOTAL
R00296,15,--------------------------------------------,OTHER
R00296,16,Subject to local jurisdiction,FOOTER
R00297,0,Gujarat Enterprises,VENDOR
R00297,1,"7 CG Road, Ahmedabad 380009",ADDRESS
R00297,2,Ph: 9825011234,ADDRESS
R00297,3,GST No.: 24AABCG2244U1ZA,GSTIN
R00297,4,CASH MEMO,OTHER
R00297,5,--------------------------------------------,OTHER
R00297,6,Bill Date: 10-May-2025,DATE
R00297,7,Bill No: BILL-2024-20515,INVOICE
R00297,8,--------------------------------------------,OTHER
R00297,9,Item                     Qty          Amount,OTHER
R00297,10,"Extension Board            4        1,838.56",ITEM
R00297,11,"USB Hub                    3        1,551.33",ITEM
R00297,12,HDMI Cable 2m              4          764.68,ITEM
R00297,13,"Extension Board            4        1,121.04",ITEM
R00297,14,Keyboard                   2          976.34,ITEM
R00297,15,"HDMI Cable 2m              4        1,081.20",ITEM
R00297,16,--------------------------------------------,OTHER
R00297,17,"Total Before Tax:                   7,333.15",SUBTOTAL
R00297,18,"IGST @ 18%:                         1,319.97",TAX
R00297,19,Rounding:                              -0.12,TAX
R00297,20,"Total Amount:                      ₹8,653.00",TOTAL
R00297,21,--------------------------------------------,OTHER
R00297,22,THANK YOU VISIT AGAIN,FOOTER
R00297,23,Card Payment,FOOTER
R00298,0,INDIAN OIL FUEL STATION,VENDOR
R00298,1,"OMR Perungudi, Chennai 600096",ADDRESS
R00298,2,Ph: 9840055667,ADDRESS
R00298,3,GST Reg No: 33AAACI0123R1ZQ,GSTIN
R00298,4,TAX INVOICE,OTHER
R00298,5,--------------------------------------------,OTHER
R00298,6,"Date: May 13, 2025",DATE
R00298,7,Invoice No: RCPT-2024-91018,INVOICE
R00298,8,--------------------------------------------,OTHER
R00298,9,Product                 Litres          Amount,OTHER
R00298,10,"CNG                       35        2,757.30",ITEM
R00298,11,--------------------------------------------,OTHER
R00298,12,"Taxable Value:                      2,757.30",SUBTOTAL
R00298,13,Round Off Adj:                         -0.30,TAX
R00298,14,"Grand Total:                       ₹2,757.00",TOTAL
R00298,15,--------------------------------------------,OTHER
R00298,16,THANK YOU VISIT AGAIN,FOOTER
R00298,17,Cash Payment,FOOTER
R00299,0,INDIAN OIL FUEL STATION,VENDOR
R00299,1,"OMR Perungudi, Chennai 600096",ADDRESS
R00299,2,Ph: 9840055667,ADDRESS
R00299,3,GSTIN: 33AAACI0123R1ZQ,GSTIN
R00299,4,TAX INVOICE,OTHER
R00299,5,--------------------------------------------,OTHER
R00299,6,Dated: 25/04/2025,DATE
R00299,7,Invoice Number: INV-2025-75447,INVOICE
R00299,8,--------------------------------------------,OTHER
R00299,9,Product                 Litres          Amount,OTHER
R00299,10,"Petrol                    11        1,075.91",ITEM
R00299,11,--------------------------------------------,OTHER
R00299,12,"Taxable Value:                      1,075.91",SUBTOTAL
R00299,13,Rounding:                               0.09,TAX
R00299,14,"Amount Payable:                    ₹1,076.00",TOTAL
R00299,15,--------------------------------------------,OTHER
R00299,16,*** CUSTOMER COPY ***,FOOTER
R00300,0,BHARAT PETROLEUM OUTLET,VENDOR
R00300,1,"NH-8 Bandra East, Mumbai 400051",ADDRESS
R00300,2,Ph: 9820011122,ADDRESS
R00300,3,GST No.: 27AAACB1111P1ZW,GSTIN
R00300,4,CASH MEMO,OTHER
R00300,5,--------------------------------------------,OTHER
R00300,6,Date of Supply: 2025-08-01,DATE
R00300,7,Bill No: TI-2024-91768,INVOICE
R00300,8,--------------------------------------------,OTHER
R00300,9,Product                 Litres          Amount,OTHER
R00300,10,"Diesel                    35        3,122.70",ITEM
R00300,11,--------------------------------------------,OTHER
R00300,12,"Subtotal:                           3,122.70",SUBTOTAL
R00300,13,Rounding:                               0.30,TAX
R00300,14,"Total:                             ₹3,123.00",TOTAL
R00300,15,--------------------------------------------,OTHER
R00300,16,Thank you for your business,FOOTER
R00301,0,KUMAR MEDICALS,VENDOR
R00301,1,"44 Kalkaji Main Rd, New Delhi 110019",ADDRESS
R00301,2,Ph: 9811099887,ADDRESS
R00301,3,GST No.: 07AAFCK3321L1ZK,GSTIN
R00301,4,GST INVOICE,OTHER
R00301,5,--------------------------------------------,OTHER
R00301,6,Invoice Date: 25/01/2025,DATE
R00301,7,Cash Memo No: RCPT-2025-46459,INVOICE
R00301,8,--------------------------------------------,OTHER
R00301,9,Item                     Qty          Amount,OTHER
R00301,10,Antiseptic Liquid          2          314.42,ITEM
R00301,11,Vitamin D3                 1          222.99,ITEM
R00301,12,--------------------------------------------,OTHER
R00301,13,Subtotal:                             537.41,SUBTOTAL
R00301,14,CGST @ 6%:                             32.25,TAX
R00301,15,SGST @ 6%:                             32.24,TAX
R00301,16,Round Off Adj:                          0.10,TAX
R00301,17,Grand Total:                         ₹602.00,TOTAL
R00301,18,--------------------------------------------,OTHER
R00301,19,THANK YOU VISIT AGAIN,FOOTER
R00302,0,SARAVANA BHAVAN,VENDOR
R00302,1,"18 T Nagar, Chennai 600017",ADDRESS
R00302,2,Ph: 9840011223,ADDRESS
R00302,3,GSTIN/UIN: 33AAECS7788N1ZJ,GSTIN
R00302,4,CASH MEMO,OTHER
R00302,5,--------------------------------------------,OTHER
R00302,6,Date: 05-04-2025,DATE
R00302,7,Cash Memo No: RCPT-2025-49169,INVOICE
R00302,8,Table: 15   Covers: 4,OTHER
R00302,9,--------------------------------------------,OTHER
R00302,10,Item                     Qty          Amount,OTHER
R00302,11,Paneer Butter Masala       4          969.36,ITEM
R00302,12,Masala Dosa                1           81.67,ITEM
R00302,13,"Veg Thali                  4        1,191.80",ITEM
R00302,14,Veg Thali                  2          517.18,ITEM
R00302,15,--------------------------------------------,OTHER
R00302,16,Total Qty: 11,OTHER
R00302,17,"Sub Total:                          2,760.01",SUBTOTAL
R00302,18,CGST @ 2.5%:                           69.00,TAX
R00302,19,SGST @ 2.5%:                           69.00,TAX
R00302,20,Rounding:                              -0.01,TAX
R00302,21,"Amount Payable:                    ₹2,898.00",TOTAL
R00302,22,--------------------------------------------,OTHER
R00302,23,Thank you for your business,FOOTER
R00302,24,Cash Payment,FOOTER
R00303,0,KUMAR MEDICALS,VENDOR
R00303,1,"44 Kalkaji Main Rd, New Delhi 110019",ADDRESS
R00303,2,Ph: 9811099887,ADDRESS
R00303,3,GST Reg No: 07AAFCK3321L1ZK,GSTIN
R00303,4,GST INVOICE,OTHER
R00303,5,--------------------------------------------,OTHER
R00303,6,Dated: 2025-03-30,DATE
R00303,7,Inv No: RCPT-2024-17179,INVOICE
R00303,8,--------------------------------------------,OTHER
R00303,9,Item                     Qty          Amount,OTHER
R00303,10,Vitamin D3                 1          173.19,ITEM
R00303,11,Vitamin D3                 2          397.18,ITEM
R00303,12,Digital Thermometer        1          255.47,ITEM
R00303,13,Antiseptic Liquid          3          557.07,ITEM
R00303,14,Paracetamol Strip          2           67.52,ITEM
R00303,15,--------------------------------------------,OTHER
R00303,16,"Taxable Amount:                     1,450.43",SUBTOTAL
R00303,17,IGST @ 12%:                           174.05,TAX
R00303,18,Rounding:                              -0.48,TAX
R00303,19,"Amount Payable:                    ₹1,624.00",TOTAL
R00303,20,--------------------------------------------,OTHER
R00303,21,Subject to local jurisdiction,FOOTER
R00303,22,UPI Payment,FOOTER
R00304,0,Deccan Office Supplies,VENDOR
R00304,1,"12 Madhapur, Hyderabad 500032",ADDRESS
R00304,2,Ph: 9848077665,ADDRESS
R00304,3,GSTIN/UIN: 36AAGCD8899T1Z8,GSTIN
R00304,4,RETAIL INVOICE,OTHER
R00304,5,--------------------------------------------,OTHER
R00304,6,Receipt No: TI-2025-27219,INVOICE
R00304,7,Date: 01-06-2025,DATE
R00304,8,--------------------------------------------,OTHER
R00304,9,Item                     Qty          Amount,OTHER
R00304,10,Stapler                    3          711.60,ITEM
R00304,11,File Folder                2          142.28,ITEM
R00304,12,Notebook 200pg             3          171.63,ITEM
R00304,13,Stapler                    1          235.13,ITEM
R00304,14,"Printer Ink                3        1,525.50",ITEM
R00304,15,File Folder                2           75.16,ITEM
R00304,16,--------------------------------------------,OTHER
R00304,17,"Sub Total:                          2,861.30",SUBTOTAL
R00304,18,CGST @ 9%:                            257.52,TAX
R00304,19,SGST @ 9%:                            257.51,TAX
R00304,20,Round Off:                             -0.33,TAX
R00304,21,"Bill Total:                        ₹3,376.00",TOTAL
R00304,22,--------------------------------------------,OTHER
R00304,23,Subject to local jurisdiction,FOOTER
R00304,24,Cash Payment,FOOTER
R00305,0,Hotel Sunrise Residency,VENDOR
R00305,1,"9 Connaught Place, New Delhi 110001",ADDRESS
R00305,2,GST Reg No: 07AACCH9012Q1Z8,GSTIN
R00305,3,CASH MEMO,OTHER
R00305,4,--------------------------------------------,OTHER
R00305,5,Dated: 2025-01-15,DATE
R00305,6,Bill No: RCPT-2024-27404,INVOICE
R00305,7,--------------------------------------------,OTHER
R00305,8,Item                     Qty          Amount,OTHER
R00305,9,"Breakfast Buffet           4        2,934.60",ITEM
R00305,10,"Deluxe Room Night          4       20,928.64",ITEM
R00305,11,"Breakfast Buffet           2        1,418.68",ITEM
R00305,12,"Deluxe Room Night          1        2,903.33",ITEM
R00305,13,"Laundry Service            4        1,898.80",ITEM
R00305,14,"Deluxe Room Night          3        8,329.20",ITEM
R00305,15,--------------------------------------------,OTHER
R00305,16,"Subtotal:                          38,413.25",SUBTOTAL
R00305,17,"CGST @ 6%:                          2,304.80",TAX
R00305,18,"SGST @ 6%:                          2,304.79",TAX
R00305,19,Round Off:                              0.16,TAX
R00305,20,"Bill Total:                        43,023.00",TOTAL
R00305,21,--------------------------------------------,OTHER
R00305,22,Thank you for your business,FOOTER
R00305,23,UPI Payment,FOOTER
R00306,0,CAFE COFFEE JUNCTION,VENDOR
R00306,1,"8 Indiranagar, Bengaluru 560095",ADDRESS
R00306,2,Ph: 9845033445,ADDRESS
R00306,3,GST Reg No: 29AAECC2233B1Z7,GSTIN
R00306,4,TAX INVOICE,OTHER
R00306,5,--------------------------------------------,OTHER
R00306,6,Bill No: INV-2024-35556,INVOICE
R00306,7,Invoice Date: 2025-05-15,DATE
R00306,8,Table: 16   Covers: 5,OTHER
R00306,9,--------------------------------------------,OTHER
R00306,10,Item                     Qty          Amount,OTHER
R00306,11,"Biryani                    3        1,042.41",ITEM
R00306,12,Veg Thali                  2          609.94,ITEM
R00306,13,--------------------------------------------,OTHER
R00306,14,"Total Before Tax:                   1,652.35",SUBTOTAL
R00306,15,CGST @ 2.5%:                           41.31,TAX
R00306,16,SGST @ 2.5%:                           41.31,TAX
R00306,17,Rounding:                               0.03,TAX
R00306,18,"Total:                             ₹1,735.00",TOTAL
R00306,19,--------------------------------------------,OTHER
R00306,20,Thank you for your business,FOOTER
R00306,21,UPI Payment,FOOTER
R00307,0,KUMAR MEDICALS,VENDOR
R00307,1,"44 Kalkaji Main Rd, New Delhi 110019",ADDRESS
R00307,2,Ph: 9811099887,ADDRESS
R00307,3,GST Reg No: 07AAFCK3321L1ZK,GSTIN
R00307,4,RETAIL INVOICE,OTHER
R00307,5,--------------------------------------------,OTHER
R00307,6,Bill Date: 30-03-2025,DATE
R00307,7,Receipt No: BILL-2024-09436,INVOICE
R00307,8,--------------------------------------------,OTHER
R00307,9,Item                     Qty          Amount,OTHER
R00307,10,Antiseptic Liquid          3          332.22,ITEM
R00307,11,Antiseptic Liquid          1          113.42,ITEM
R00307,12,Vitamin D3                 4          741.92,ITEM
R00307,13,Vitamin D3                 3          831.69,ITEM
R00307,14,"Vitamin D3                 4        1,159.40",ITEM
R00307,15,Antiseptic Liquid          3          569.07,ITEM
R00307,16,--------------------------------------------,OTHER
R00307,17,"Sub Total:                          3,747.72",SUBTOTAL
R00307,18,CGST @ 6%:                            224.87,TAX
R00307,19,SGST @ 6%:                            224.86,TAX
R00307,20,Rounding:                              -0.45,TAX
R00307,21,"Total Amount:                       4,197.00",TOTAL
R00307,22,--------------------------------------------,OTHER
R00307,23,Goods once sold will not be taken back,FOOTER
R00308,0,SARAVANA BHAVAN,VENDOR
R00308,1,"18 T Nagar, Chennai 600017",ADDRESS
R00308,2,Ph: 9840011223,ADDRESS
R00308,3,GSTIN/UIN: 33AAECS7788N1ZJ,GSTIN
R00308,4,CASH MEMO,OTHER
R00308,5,--------------------------------------------,OTHER
R00308,6,Date of Supply: 06-Mar-2025,DATE
R00308,7,Cash Memo No: INV-2025-99090,INVOICE
R00308,8,Table: 12   Covers: 1,OTHER
R00308,9,--------------------------------------------,OTHER
R00308,10,Item                     Qty          Amount,OTHER
R00308,11,Butter Naan                2          135.58,ITEM
R00308,12,Butter Naan                3          154.53,ITEM
R00308,13,"Veg Thali                  4        1,138.60",ITEM
R00308,14,Veg Thali                  1          184.00,ITEM
R00308,15,Butter Naan                4          162.92,ITEM
R00308,16,--------------------------------------------,OTHER
R00308,17,Total Qty: 14,OTHER
R00308,18,"Taxable Amount:                     1,775.63",SUBTOTAL
R00308,19,IGST @ 5%:                             88.78,TAX
R00308,20,Rounding:                              -0.41,TAX
R00308,21,"Net Payable:                       ₹1,864.00",TOTAL
R00308,22,--------------------------------------------,OTHER
R00308,23,Subject to local jurisdiction,FOOTER
R00309,0,Hotel Sunrise Residency,VENDOR
R00309,1,"9 Connaught Place, New Delhi 110001",ADDRESS
R00309,2,Ph: 9811023456,ADDRESS
R00309,3,GST Reg No: 07AACCH9012Q1Z8,GSTIN
R00309,4,RETAIL INVOICE,OTHER
R00309,5,--------------------------------------------,OTHER
R00309,6,Bill No: BILL-2024-42552,INVOICE
R00309,7,Dated: 2025-02-04,DATE
R00309,8,--------------------------------------------,OTHER
R00309,9,Item                     Qty          Amount,OTHER
R00309,10,"Deluxe Room Night          1        6,056.49",ITEM
R00309,11,"Deluxe Room Night          4       26,743.64",ITEM
R00309,12,"Breakfast Buffet           4        2,363.76",ITEM
R00309,13,"Breakfast Buffet           4        1,673.80",ITEM
R00309,14,"Laundry Service            4        1,956.84",ITEM
R00309,15,"Breakfast Buffet           2        1,183.44",ITEM
R00309,16,--------------------------------------------,OTHER
R00309,17,Total Qty: 19,OTHER
R00309,18,"Subtotal:                          39,977.97",SUBTOTAL
R00309,19,"CGST @ 6%:                          2,398.68",TAX
R00309,20,"SGST @ 6%:                          2,398.68",TAX
R00309,21,Rounding:                              -0.33,TAX
R00309,22,"Bill Total:                       ₹44,775.00",TOTAL
R00309,23,--------------------------------------------,OTHER
R00309,24,Subject to local jurisdiction,FOOTER
R00310,0,PARK STREET CAFE,VENDOR
R00310,1,"40 Park Street, Kolkata 700017",ADDRESS
R00310,2,Ph: 9830044332,ADDRESS
R00310,3,GSTIN/UIN: 19AAFCP7890X1ZW,GSTIN
R00310,4,RETAIL INVOICE,OTHER
R00310,5,--------------------------------------------,OTHER
R00310,6,Invoice Date: 27-Apr-2025,DATE
R00310,7,Invoice No: INV-2025-50466,INVOICE
R00310,8,--------------------------------------------,OTHER
R00310,9,Item                     Qty          Amount,OTHER
R00310,10,Masala Dosa                4          427.04,ITEM
R00310,11,Filter Coffee              2          138.40,ITEM
R00310,12,Masala Dosa                4          468.44,ITEM
R00310,13,Veg Thali                  2          594.08,ITEM
R00310,14,--------------------------------------------,OTHER
R00310,15,"Sub Total:                          1,627.96",SUBTOTAL
R00310,16,CGST @ 2.5%:                           40.70,TAX
R00310,17,SGST @ 2.5%:                           40.70,TAX
R00310,18,Round Off Adj:                         -0.36,TAX
R00310,19,"Total:                             ₹1,709.00",TOTAL
R00310,20,--------------------------------------------,OTHER
R00310,21,Subject to local jurisdiction,FOOTER
R00310,22,UPI Payment,FOOTER
R00311,0,KUMAR MEDICALS,VENDOR
R00311,1,"44 Kalkaji Main Rd, New Delhi 110019",ADDRESS
R00311,2,Ph: 9811099887,ADDRESS
R00311,3,GSTIN/UIN: 07AAFCK3321L1ZK,GSTIN
R00311,4,TAX INVOICE,OTHER
R00311,5,--------------------------------------------,OTHER
R00311,6,Date: 02.07.2025,DATE
R00311,7,Invoice No: TI-2024-46244,INVOICE
R00311,8,--------------------------------------------,OTHER
R00311,9,Item                     Qty          Amount,OTHER
R00311,10,Vitamin D3                 2          615.68,ITEM
R00311,11,Paracetamol Strip          2           89.58,ITEM
R00311,12,Antiseptic Liquid          4          358.80,ITEM
R00311,13,--------------------------------------------,OTHER
R00311,14,Total Qty: 8,OTHER
R00311,15,"Taxable Value:                      1,064.06",SUBTOTAL
R00311,16,CGST @ 6%:                             63.85,TAX
R00311,17,SGST @ 6%:                             63.84,TAX
R00311,18,Rounding:                               0.25,TAX
R00311,19,"Amount Payable:                    ₹1,192.00",TOTAL
R00311,20,--------------------------------------------,OTHER
R00311,21,Thank you for your business,FOOTER
R00311,22,Cash Payment,FOOTER
R00312,0,Deccan Office Supplies,VENDOR
R00312,1,"12 Madhapur, Hyderabad 500032",ADDRESS
R00312,2,Ph: 9848077665,ADDRESS
R00312,3,GSTIN/UIN: 36AAGCD8899T1Z8,GSTIN
R00312,4,GST INVOICE,OTHER
R00312,5,--------------------------------------------,OTHER
R00312,6,Invoice No: TI-2025-72902,INVOICE
R00312,7,Invoice Date: 04-Apr-2025,DATE
R00312,8,--------------------------------------------,OTHER
R00312,9,Item                     Qty          Amount,OTHER
R00312,10,Notebook 200pg             3          357.30,ITEM
R00312,11,Printer Ink                1          764.50,ITEM
R00312,12,--------------------------------------------,OTHER
R00312,13,Total Qty: 4,OTHER
R00312,14,"Sub Total:                          1,121.80",SUBTOTAL
R00312,15,IGST @ 18%:                           201.92,TAX
R00312,16,Round Off Adj:                          0.28,TAX
R00312,17,"Total:                              1,324.00",TOTAL
R00312,18,--------------------------------------------,OTHER
R00312,19,Goods once sold will not be taken back,FOOTER
R00312,20,Cash Payment,FOOTER
R00313,0,BHARAT PETROLEUM OUTLET,VENDOR
R00313,1,"NH-8 Bandra East, Mumbai 400051",ADDRESS
R00313,2,Ph: 9820011122,ADDRESS
R00313,3,GST No.: 27AAACB1111P1ZW,GSTIN
R00313,4,TAX INVOICE,OTHER
R00313,5,--------------------------------------------,OTHER
R00313,6,Invoice Date: 25.03.2025,DATE
R00313,7,Invoice No: TI-2024-57812,INVOICE
R00313,8,--------------------------------------------,OTHER
R00313,9,Product                 Litres          Amount,OTHER
R00313,10,Diesel                     6          535.98,ITEM
R00313,11,--------------------------------------------,OTHER
R00313,12,Subtotal:                             535.98,SUBTOTAL
R00313,13,Round Off:                              0.02,TAX
R00313,14,Amount Payable:                       536.00,TOTAL
R00313,15,--------------------------------------------,OTHER
R00313,16,THANK YOU VISIT AGAIN,FOOTER
R00313,17,Cash Payment,FOOTER
R00314,0,BENGAL BOOK DEPOT,VENDOR
R00314,1,"6 Park Street, Kolkata 700016",ADDRESS
R00314,2,Ph: 9830011234,ADDRESS
R00314,3,GSTIN/UIN: 19AACCB3456W1ZT,GSTIN
R00314,4,GST INVOICE,OTHER
R00314,5,--------------------------------------------,OTHER
R00314,6,Invoice Number: RCPT-2025-82649,INVOICE
R00314,7,Invoice Date: 2025-06-26,DATE
R00314,8,--------------------------------------------,OTHER
R00314,9,Item                     Qty          Amount,OTHER
R00314,10,Marker Pen                 3          157.02,ITEM
R00314,11,A4 Paper Ream              1          278.86,ITEM
R00314,12,Notebook 200pg             2          226.86,ITEM
R00314,13,Notebook 200pg             2          250.78,ITEM
R00314,14,Stapler                    2          284.54,ITEM
R00314,15,Stapler                    4          826.60,ITEM
R00314,16,--------------------------------------------,OTHER
R00314,17,"Taxable Value:                      2,024.66",SUBTOTAL
R00314,18,IGST @ 18%:                           364.44,TAX
R00314,19,Round Off Adj:                         -0.10,TAX
R00314,20,"Amount Payable:                    ₹2,389.00",TOTAL
R00314,21,--------------------------------------------,OTHER
R00314,22,Goods once sold will not be taken back,FOOTER
R00315,0,CAFE COFFEE JUNCTION,VENDOR
R00315,1,"8 Indiranagar, Bengaluru 560095",ADDRESS
R00315,2,Ph: 9845033445,ADDRESS
R00315,3,GSTIN/UIN: 29AAECC2233B1Z7,GSTIN
R00315,4,RETAIL INVOICE,OTHER
R00315,5,--------------------------------------------,OTHER
R00315,6,Inv No: BILL-2025-54099,INVOICE
R00315,7,Bill Date: 19/01/2025,DATE
R00315,8,Table: 16   Covers: 8,OTHER
R00315,9,--------------------------------------------,OTHER
R00315,10,Item                     Qty          Amount,OTHER
R00315,11,Paneer Butter Masala       3          870.78,ITEM
R00315,12,Biryani                    2          444.68,ITEM
R00315,13,Butter Naan                2          132.14,ITEM
R00315,14,"Biryani                    4        1,595.60",ITEM
R00315,15,--------------------------------------------,OTHER
R00315,16,"Subtotal:                           3,043.20",SUBTOTAL
R00315,17,CGST @ 2.5%:                           76.08,TAX
R00315,18,SGST @ 2.5%:                           76.08,TAX
R00315,19,Rounding:                              -0.36,TAX
R00315,20,"Net Payable:                       ₹3,195.00",TOTAL
R00315,21,--------------------------------------------,OTHER
R00315,22,*** CUSTOMER COPY ***,FOOTER
R00316,0,HYDERABAD BIRYANI HOUSE,VENDOR
R00316,1,"5 Gachibowli, Hyderabad 500081",ADDRESS
R00316,2,Ph: 9848012345,ADDRESS
R00316,3,GSTIN/UIN: 36AADCH4567S1ZS,GSTIN
R00316,4,TAX INVOICE,OTHER
R00316,5,--------------------------------------------,OTHER
R00316,6,Bill No: INV-2025-57344,INVOICE
R00316,7,Invoice Date: 20-Jan-2025,DATE
R00316,8,Table: 23   Covers: 8,OTHER
R00316,9,--------------------------------------------,OTHER
R00316,10,Item                     Qty          Amount,OTHER
R00316,11,"Paneer Butter Masala       4        1,093.48",ITEM
R00316,12,Butter Naan                2          134.60,ITEM
R00316,13,Masala Dosa                4          442.68,ITEM
R00316,14,Veg Thali                  1          181.06,ITEM
R00316,15,--------------------------------------------,OTHER
R00316,16,"Subtotal:                           1,851.82",SUBTOTAL
R00316,17,CGST @ 2.5%:                           46.30,TAX
R00316,18,SGST @ 2.5%:                           46.29,TAX
R00316,19,Round Off:                             -0.41,TAX
R00316,20,"Amount Payable:                    ₹1,944.00",TOTAL
R00316,21,--------------------------------------------,OTHER
R00316,22,THANK YOU VISIT AGAIN,FOOTER
R00317,0,GANGA DEPARTMENTAL STORE,VENDOR
R00317,1,"17 Mall Road, Kanpur 208001",ADDRESS
R00317,2,Ph: 9839066554,ADDRESS
R00317,3,GST No.: 09AABCG5566Z1ZD,GSTIN
R00317,4,CASH MEMO,OTHER
R00317,5,--------------------------------------------,OTHER
R00317,6,Date: 27-03-2025,DATE
R00317,7,Cash Memo No: TI-2025-79007,INVOICE
R00317,8,--------------------------------------------,OTHER
R00317,9,Item                     Qty          Amount,OTHER
R00317,10,Atta 5kg                   2          643.24,ITEM
R00317,11,Sugar 1kg                  1           43.34,ITEM
R00317,12,"Basmati Rice 5kg           4        2,701.84",ITEM
R00317,13,Toor Dal 1kg               2          342.48,ITEM
R00317,14,Sugar 1kg                  2           93.32,ITEM
R00317,15,Basmati Rice 5kg           1          469.87,ITEM
R00317,16,--------------------------------------------,OTHER
R00317,17,"Sub Total:                          4,294.09",SUBTOTAL
R00317,18,CGST @ 2.5%:                          107.35,TAX
R00317,19,SGST @ 2.5%:                          107.35,TAX
R00317,20,Round Off:                              0.21,TAX
R00317,21,"Grand Total:                       ₹4,509.00",TOTAL
R00317,22,--------------------------------------------,OTHER
R00317,23,THANK YOU VISIT AGAIN,FOOTER
R00318,0,RELIANCE FRESH SUPERMARKET,VENDOR
R00318,1,"Shop 4 Kurla West, Mumbai 400070",ADDRESS
R00318,2,Ph: 9820044556,ADDRESS
R00318,3,GSTIN/UIN: 27AAACR5055K1Z7,GSTIN
R00318,4,TAX INVOICE,OTHER
R00318,5,--------------------------------------------,OTHER
R00318,6,Inv No: RCPT-2024-68093,INVOICE
R00318,7,Date: 2025-06-25,DATE
R00318,8,--------------------------------------------,OTHER
R00318,9,Item                     Qty          Amount,OTHER
R00318,10,Milk 1L                    2          126.48,ITEM
R00318,11,"Basmati Rice 5kg           3        1,723.68",ITEM
R00318,12,--------------------------------------------,OTHER
R00318,13,"Sub Total:                          1,850.16",SUBTOTAL
R00318,14,CGST @ 2.5%:                           46.26,TAX
R00318,15,SGST @ 2.5%:                           46.25,TAX
R00318,16,Rounding:                               0.33,TAX
R00318,17,"Grand Total:                        1,943.00",TOTAL
R00318,18,--------------------------------------------,OTHER
R00318,19,Subject to local jurisdiction,FOOTER
R00319,0,RELIANCE FRESH SUPERMARKET,VENDOR
R00319,1,"Shop 4 Kurla West, Mumbai 400070",ADDRESS
R00319,2,Ph: 9820044556,ADDRESS
R00319,3,GSTIN: 27AAACR5055K1Z7,GSTIN
R00319,4,TAX INVOICE,OTHER
R00319,5,--------------------------------------------,OTHER
R00319,6,Invoice No: BILL-2025-32988,INVOICE
R00319,7,Dated: 23-Feb-2025,DATE
R00319,8,--------------------------------------------,OTHER
R00319,9,Item                     Qty          Amount,OTHER
R00319,10,Sugar 1kg                  3          137.22,ITEM
R00319,11,Basmati Rice 5kg           1          457.59,ITEM
R00319,12,"Basmati Rice 5kg           4        2,787.92",ITEM
R00319,13,Atta 5kg                   2          673.90,ITEM
R00319,14,Toor Dal 1kg               3          534.36,ITEM
R00319,15,--------------------------------------------,OTHER
R00319,16,"Subtotal:                           4,590.99",SUBTOTAL
R00319,17,CGST @ 2.5%:                          114.78,TAX
R00319,18,SGST @ 2.5%:                          114.77,TAX
R00319,19,Round Off:                              0.46,TAX
R00319,20,"Grand Total:                        4,821.00",TOTAL
R00319,21,--------------------------------------------,OTHER
R00319,22,Subject to local jurisdiction,FOOTER
R00319,23,Cash Payment,FOOTER
R00320,0,SARAVANA BHAVAN,VENDOR
R00320,1,"18 T Nagar, Chennai 600017",ADDRESS
R00320,2,Ph: 9840011223,ADDRESS
R00320,3,GSTIN/UIN: 33AAECS7788N1ZJ,GSTIN
R00320,4,TAX INVOICE,OTHER
R00320,5,--------------------------------------------,OTHER
R00320,6,"Bill Date: May 11, 2025",DATE
R00320,7,Cash Memo No: INV-2025-13357,INVOICE
R00320,8,--------------------------------------------,OTHER
R00320,9,Item                     Qty          Amount,OTHER
R00320,10,Paneer Butter Masala       3          640.77,ITEM
R00320,11,Masala Dosa                1          119.05,ITEM
R00320,12,Butter Naan                1           55.43,ITEM
R00320,13,--------------------------------------------,OTHER
R00320,14,Taxable Value:                        815.25,SUBTOTAL
R00320,15,CGST @ 2.5%:                           20.38,TAX
R00320,16,SGST @ 2.5%:                           20.38,TAX
R00320,17,Round Off:                             -0.01,TAX
R00320,18,Net Payable:                          856.00,TOTAL
R00320,19,--------------------------------------------,OTHER
R00320,20,THANK YOU VISIT AGAIN,FOOTER
R00320,21,Cash Payment,FOOTER
R00321,0,Gujarat Enterprises,VENDOR
R00321,1,"7 CG Road, Ahmedabad 380009",ADDRESS
R00321,2,Ph: 9825011234,ADDRESS
R00321,3,GST Reg No: 24AABCG2244U1ZA,GSTIN
R00321,4,CASH MEMO,OTHER
R00321,5,--------------------------------------------,OTHER
R00321,6,Invoice Date: 02-Apr-2025,DATE
R00321,7,Bill No: INV-2025-29151,INVOICE
R00321,8,--------------------------------------------,OTHER
R00321,9,Item                     Qty          Amount,OTHER
R00321,10,Keyboard                   1          921.54,ITEM
R00321,11,"Extension Board            3        1,512.33",ITEM
R00321,12,USB Hub                    3          985.14,ITEM
R00321,13,"Keyboard                   1        1,335.24",ITEM
R00321,14,"USB Hub                    4        1,910.64",ITEM
R00321,15,--------------------------------------------,OTHER
R00321,16,Total Qty: 12,OTHER
R00321,17,"Taxable Value:                      6,664.89",SUBTOTAL
R00321,18,CGST @ 9%:                            599.84,TAX
R00321,19,SGST @ 9%:                            599.84,TAX
R00321,20,Round Off Adj:                          0.43,TAX
R00321,21,"Amount Payable:                     7,865.00",TOTAL
R00321,22,--------------------------------------------,OTHER
R00321,23,Subject to local jurisdiction,FOOTER
R00321,24,Card Payment,FOOTER
R00322,0,RELIANCE FRESH SUPERMARKET,VENDOR
R00322,1,"Shop 4 Kurla West, Mumbai 400070",ADDRESS
R00322,2,GST Reg No: 27AAACR5055K1Z7,GSTIN
R00322,3,TAX INVOICE,OTHER
R00322,4,--------------------------------------------,OTHER
R00322,5,Date of Supply: 10-04-2025,DATE
R00322,6,Receipt No: RCPT-2025-11158,INVOICE
R00322,7,--------------------------------------------,OTHER
R00322,8,Item                     Qty          Amount,OTHER
R00322,9,Sugar 1kg                  4          230.08,ITEM
R00322,10,Sunflower Oil 1L           4          507.04,ITEM
R00322,11,Sugar 1kg                  2           89.78,ITEM
R00322,12,--------------------------------------------,OTHER
R00322,13,Taxable Amount:                       826.90,SUBTOTAL
R00322,14,CGST @ 2.5%:                           20.68,TAX
R00322,15,SGST @ 2.5%:                           20.67,TAX
R00322,16,Round Off:                             -0.25,TAX
R00322,17,Bill Total:                          ₹868.00,TOTAL
R00322,18,--------------------------------------------,OTHER
R00322,19,Subject to local jurisdiction,FOOTER
R00322,20,Card Payment,FOOTER
R00323,0,PARK STREET CAFE,VENDOR
R00323,1,"40 Park Street, Kolkata 700017",ADDRESS
R00323,2,Ph: 9830044332,ADDRESS
R00323,3,GSTIN/UIN: 19AAFCP7890X1ZW,GSTIN
R00323,4,GST INVOICE,OTHER
R00323,5,--------------------------------------------,OTHER
R00323,6,Bill No: RCPT-2024-14457,INVOICE
R00323,7,"Date: Jun 14, 2025",DATE
R00323,8,Table: 5   Covers: 2,OTHER
R00323,9,--------------------------------------------,OTHER
R00323,10,Item                     Qty          Amount,OTHER
R00323,11,Paneer Butter Masala       2          523.18,ITEM
R00323,12,Veg Thali                  2          512.48,ITEM
R00323,13,--------------------------------------------,OTHER
R00323,14,"Subtotal:                           1,035.66",SUBTOTAL
R00323,15,CGST @ 2.5%:                           25.89,TAX
R00323,16,SGST @ 2.5%:                           25.89,TAX
R00323,17,Round Off Adj:                         -0.44,TAX
R00323,18,"Net Payable:                        1,087.00",TOTAL
R00323,19,--------------------------------------------,OTHER
R00323,20,Goods once sold will not be taken back,FOOTER
R00323,21,UPI Payment,FOOTER
R00324,0,PATEL STORES,VENDOR
R00324,1,"31 Adajan, Surat 395007",ADDRESS
R00324,2,Ph: 9825099001,ADDRESS
R00324,3,GSTIN/UIN: 24AAHCP6677V1Z8,GSTIN
R00324,4,RETAIL INVOICE,OTHER
R00324,5,--------------------------------------------,OTHER
R00324,6,Invoice Date: 15.01.2025,DATE
R00324,7,Cash Memo No: TI-2024-72255,INVOICE
R00324,8,--------------------------------------------,OTHER
R00324,9,Item                     Qty          Amount,OTHER
R00324,10,"Basmati Rice 5kg           2        1,362.66",ITEM
R00324,11,Toor Dal 1kg               2          250.50,ITEM
R00324,12,Toor Dal 1kg               1          162.80,ITEM
R00324,13,"Basmati Rice 5kg           4        1,682.28",ITEM
R00324,14,--------------------------------------------,OTHER
R00324,15,"Subtotal:                           3,458.24",SUBTOTAL
R00324,16,CGST @ 2.5%:                           86.46,TAX
R00324,17,SGST @ 2.5%:                           86.45,TAX
R00324,18,Round Off:                             -0.15,TAX
R00324,19,"Net Payable:                        3,631.00",TOTAL
R00324,20,--------------------------------------------,OTHER
R00324,21,*** CUSTOMER COPY ***,FOOTER
R00324,22,Cash Payment,FOOTER
R00325,0,ANNAPURNA RESTAURANT,VENDOR
R00325,1,"22 Koramangala 5th Blk, Bengaluru 560034",ADDRESS
R00325,2,Ph: 9845112233,ADDRESS
R00325,3,GSTIN: 29AABCA1234M1ZQ,GSTIN
R00325,4,TAX INVOICE,OTHER
R00325,5,--------------------------------------------,OTHER
R00325,6,Bill No: BILL-2024-66173,INVOICE
R00325,7,Bill Date: 27-Apr-2025,DATE
R00325,8,Table: 23   Covers: 4,OTHER
R00325,9,--------------------------------------------,OTHER
R00325,10,Item                     Qty          Amount,OTHER
R00325,11,Masala Dosa                3          469.08,ITEM
R00325,12,Biryani                    4          770.68,ITEM
R00325,13,Butter Naan                2           92.38,ITEM
R00325,14,Paneer Butter Masala       1          327.06,ITEM
R00325,15,Veg Thali                  2          486.90,ITEM
R00325,16,--------------------------------------------,OTHER
R00325,17,Total Qty: 12,OTHER
R00325,18,"Sub Total:                          2,146.10",SUBTOTAL
R00325,19,CGST @ 2.5%:                           53.66,TAX
R00325,20,SGST @ 2.5%:                           53.65,TAX
R00325,21,Round Off:                             -0.41,TAX
R00325,22,"Grand Total:                       ₹2,253.00",TOTAL
R00325,23,--------------------------------------------,OTHER
R00325,24,Goods once sold will not be taken back,FOOTER
R00325,25,Card Payment,FOOTER
R00326,0,GANGA DEPARTMENTAL STORE,VENDOR
R00326,1,"17 Mall Road, Kanpur 208001",ADDRESS
R00326,2,Ph: 9839066554,ADDRESS
R00326,3,GST Reg No: 09AABCG5566Z1ZD,GSTIN
R00326,4,RETAIL INVOICE,OTHER
R00326,5,--------------------------------------------,OTHER
R00326,6,Invoice Number: RCPT-2025-30462,INVOICE
R00326,7,Invoice Date: 21/04/2025,DATE
R00326,8,--------------------------------------------,OTHER
R00326,9,Item                     Qty          Amount,OTHER
R00326,10,Toor Dal 1kg               2          278.62,ITEM
R00326,11,Toor Dal 1kg               4          614.84,ITEM
R00326,12,Sunflower Oil 1L           2          375.46,ITEM
R00326,13,Toor Dal 1kg               4          519.20,ITEM
R00326,14,Atta 5kg                   3          914.76,ITEM
R00326,15,--------------------------------------------,OTHER
R00326,16,Total Qty: 15,OTHER
R00326,17,"Taxable Amount:                     2,702.88",SUBTOTAL
R00326,18,IGST @ 5%:                            135.14,TAX
R00326,19,Rounding:                              -0.02,TAX
R00326,20,"Net Payable:                       ₹2,838.00",TOTAL
R00326,21,--------------------------------------------,OTHER
R00326,22,Goods once sold will not be taken back,FOOTER
R00326,23,UPI Payment,FOOTER
R00327,0,Mumbai Print Solutions LLP,VENDOR
R00327,1,"21 Lower Parel, Mumbai 400013",ADDRESS
R00327,2,Ph: 9820077331,ADDRESS
R00327,3,GST Reg No: 27AAFCM4455C1ZM,GSTIN
R00327,4,CASH MEMO,OTHER
R00327,5,--------------------------------------------,OTHER
R00327,6,Invoice Number: RCPT-2025-94195,INVOICE
R00327,7,Date of Supply: 07-01-2025,DATE
R00327,8,--------------------------------------------,OTHER
R00327,9,Item                     Qty          Amount,OTHER
R00327,10,Poster A2                  1          189.65,ITEM
R00327,11,"Brochure Print 100         4        9,077.36",ITEM
R00327,12,--------------------------------------------,OTHER
R00327,13,"Taxable Amount:                     9,267.01",SUBTOTAL
R00327,14,CGST @ 9%:                            834.03,TAX
R00327,15,SGST @ 9%:                            834.03,TAX
R00327,16,Round Off Adj:                         -0.07,TAX
R00327,17,"Grand Total:                       10,935.00",TOTAL
R00327,18,--------------------------------------------,OTHER
R00327,19,THANK YOU VISIT AGAIN,FOOTER
R00327,20,UPI Payment,FOOTER
R00328,0,Mumbai Print Solutions LLP,VENDOR
R00328,1,"21 Lower Parel, Mumbai 400013",ADDRESS
R00328,2,GSTIN/UIN: 27AAFCM4455C1ZM,GSTIN
R00328,3,GST INVOICE,OTHER
R00328,4,--------------------------------------------,OTHER
R00328,5,Dated: 25/03/2025,DATE
R00328,6,Bill No: BILL-2024-79299,INVOICE
R00328,7,--------------------------------------------,OTHER
R00328,8,Item                     Qty          Amount,OTHER
R00328,9,"Brochure Print 100         4       10,997.92",ITEM
R00328,10,"Business Cards 500         3        1,735.20",ITEM
R00328,11,"Brochure Print 100         1        2,160.21",ITEM
R00328,12,"Business Cards 500         2        1,882.08",ITEM
R00328,13,"Business Cards 500         4        2,705.52",ITEM
R00328,14,--------------------------------------------,OTHER
R00328,15,Total Qty: 14,OTHER
R00328,16,"Total Before Tax:                  19,480.93",SUBTOTAL
R00328,17,"CGST @ 9%:                          1,753.29",TAX
R00328,18,"SGST @ 9%:                          1,753.28",TAX
R00328,19,Round Off:                              0.50,TAX
R00328,20,"Total:                             22,988.00",TOTAL
R00328,21,--------------------------------------------,OTHER
R00328,22,*** CUSTOMER COPY ***,FOOTER
R00328,23,Cash Payment,FOOTER
R00329,0,PARK STREET CAFE,VENDOR
R00329,1,"40 Park Street, Kolkata 700017",ADDRESS
R00329,2,Ph: 9830044332,ADDRESS
R00329,3,GST No.: 19AAFCP7890X1ZW,GSTIN
R00329,4,GST INVOICE,OTHER
R00329,5,--------------------------------------------,OTHER
R00329,6,Invoice Date: 05-04-2025,DATE
R00329,7,Cash Memo No: TI-2024-54939,INVOICE
R00329,8,Table: 3   Covers: 5,OTHER
R00329,9,--------------------------------------------,OTHER
R00329,10,Item                     Qty          Amount,OTHER
R00329,11,Filter Coffee              1           44.95,ITEM
R00329,12,Butter Naan                4          221.20,ITEM
R00329,13,Biryani                    1          396.21,ITEM
R00329,14,--------------------------------------------,OTHER
R00329,15,Taxable Value:                        662.36,SUBTOTAL
R00329,16,CGST @ 2.5%:                           16.56,TAX
R00329,17,SGST @ 2.5%:                           16.56,TAX
R00329,18,Round Off:                             -0.48,TAX
R00329,19,Grand Total:                         ₹695.00,TOTAL
R00329,20,--------------------------------------------,OTHER
R00329,21,Goods once sold will not be taken back,FOOTER
R00330,0,Deccan Office Supplies,VENDOR
R00330,1,"12 Madhapur, Hyderabad 500032",ADDRESS
R00330,2,GST No.: 36AAGCD8899T1Z8,GSTIN
R00330,3,CASH MEMO,OTHER
R00330,4,--------------------------------------------,OTHER
R00330,5,Date of Supply: 23-07-2025,DATE
R00330,6,Bill No: RCPT-2024-69187,INVOICE
R00330,7,--------------------------------------------,OTHER
R00330,8,Item                     Qty          Amount,OTHER
R00330,9,Notebook 200pg             3          355.32,ITEM
R00330,10,"Printer Ink                3        2,024.55",ITEM
R00330,11,Notebook 200pg             4          411.16,ITEM
R00330,12,--------------------------------------------,OTHER
R00330,13,Total Qty: 10,OTHER
R00330,14,"Subtotal:                           2,791.03",SUBTOTAL
R00330,15,CGST @ 9%:                            251.20,TAX
R00330,16,SGST @ 9%:                            251.19,TAX
R00330,17,Rounding:                              -0.42,TAX
R00330,18,"Total Amount:                      ₹3,293.00",TOTAL
R00330,19,--------------------------------------------,OTHER
R00330,20,Subject to local jurisdiction,FOOTER
R00330,21,Cash Payment,FOOTER
R00331,0,CAFE COFFEE JUNCTION,VENDOR
R00331,1,"8 Indiranagar, Bengaluru 560095",ADDRESS
R00331,2,Ph: 9845033445,ADDRESS
R00331,3,GSTIN: 29AAECC2233B1Z7,GSTIN
R00331,4,TAX INVOICE,OTHER
R00331,5,--------------------------------------------,OTHER
R00331,6,"Date of Supply: Aug 15, 2025",DATE
R00331,7,Invoice No: TI-2025-62550,INVOICE
R00331,8,--------------------------------------------,OTHER
R00331,9,Item                     Qty          Amount,OTHER
R00331,10,Paneer Butter Masala       4          764.56,ITEM
R00331,11,Paneer Butter Masala       2          457.48,ITEM
R00331,12,Butter Naan                3          213.00,ITEM
R00331,13,--------------------------------------------,OTHER
R00331,14,Total Qty: 9,OTHER
R00331,15,"Sub Total:                          1,435.04",SUBTOTAL
R00331,16,IGST @ 5%:                             71.75,TAX
R00331,17,Rounding:                               0.21,TAX
R00331,18,"Total Amount:                      ₹1,507.00",TOTAL
R00331,19,--------------------------------------------,OTHER
R00331,20,THANK YOU VISIT AGAIN,FOOTER
R00332,0,PATEL STORES,VENDOR
R00332,1,"31 Adajan, Surat 395007",ADDRESS
R00332,2,GSTIN: 24AAHCP6677V1Z8,GSTIN
R00332,3,TAX INVOICE,OTHER
R00332,4,--------------------------------------------,OTHER
R00332,5,Bill Date: 22.05.2025,DATE
R00332,6,Inv No: RCPT-2024-86708,INVOICE
R00332,7,--------------------------------------------,OTHER
R00332,8,Item                     Qty          Amount,OTHER
R00332,9,"Basmati Rice 5kg           2        1,210.74",ITEM
R00332,10,Milk 1L                    1           55.08,ITEM
R00332,11,--------------------------------------------,OTHER
R00332,12,Total Qty: 3,OTHER
R00332,13,"Sub Total:                          1,265.82",SUBTOTAL
R00332,14,IGST @ 5%:                             63.29,TAX
R00332,15,Rounding:                              -0.11,TAX
R00332,16,"Total:                              1,329.00",TOTAL
R00332,17,--------------------------------------------,OTHER
R00332,18,Thank you for your business,FOOTER
R00333,0,GANGA DEPARTMENTAL STORE,VENDOR
R00333,1,"17 Mall Road, Kanpur 208001",ADDRESS
R00333,2,Ph: 9839066554,ADDRESS
R00333,3,GST No.: 09AABCG5566Z1ZD,GSTIN
R00333,4,CASH MEMO,OTHER
R00333,5,--------------------------------------------,OTHER
R00333,6,Inv No: RCPT-2024-58240,INVOICE
R00333,7,Date of Supply: 2025-02-27,DATE
R00333,8,--------------------------------------------,OTHER
R00333,9,Item                     Qty          Amount,OTHER
R00333,10,Sugar 1kg                  4          168.76,ITEM
R00333,11,"Basmati Rice 5kg           4        2,779.84",ITEM
R00333,12,Toor Dal 1kg               1          172.56,ITEM
R00333,13,Toor Dal 1kg               2          251.30,ITEM
R00333,14,--------------------------------------------,OTHER
R00333,15,"Subtotal:                           3,372.46",SUBTOTAL
R00333,16,CGST @ 2.5%:                           84.31,TAX
R00333,17,SGST @ 2.5%:                           84.31,TAX
R00333,18,Round Off Adj:                         -0.08,TAX
R00333,19,"Total Amount:                      ₹3,541.00",TOTAL
R00333,20,--------------------------------------------,OTHER
R00333,21,THANK YOU VISIT AGAIN,FOOTER
R00334,0,RELIANCE FRESH SUPERMARKET,VENDOR
R00334,1,"Shop 4 Kurla West, Mumbai 400070",ADDRESS
R00334,2,Ph: 9820044556,ADDRESS
R00334,3,GSTIN/UIN: 27AAACR5055K1Z7,GSTIN
R00334,4,RETAIL INVOICE,OTHER
R00334,5,--------------------------------------------,OTHER
R00334,6,Cash Memo No: BILL-2025-52551,INVOICE
R00334,7,"Date: May 05, 2025",DATE
R00334,8,--------------------------------------------,OTHER
R00334,9,Item                     Qty          Amount,OTHER
R00334,10,Sugar 1kg                  3          139.17,ITEM
R00334,11,Sunflower Oil 1L           2          298.86,ITEM
R00334,12,Sunflower Oil 1L           3          506.88,ITEM
R00334,13,Toor Dal 1kg               4          493.12,ITEM
R00334,14,Milk 1L                    3          162.96,ITEM
R00334,15,Toor Dal 1kg               4          659.84,ITEM
R00334,16,--------------------------------------------,OTHER
R00334,17,Total Qty: 19,OTHER
R00334,18,"Subtotal:                           2,260.83",SUBTOTAL
R00334,19,CGST @ 2.5%:                           56.52,TAX
R00334,20,SGST @ 2.5%:                           56.52,TAX
R00334,21,Rounding:                               0.13,TAX
R00334,22,"Amount Payable:                    ₹2,374.00",TOTAL
R00334,23,--------------------------------------------,OTHER
R00334,24,Thank you for your business,FOOTER
R00334,25,Cash Payment,FOOTER
R00335,0,ANNAPURNA RESTAURANT,VENDOR
R00335,1,"22 Koramangala 5th Blk, Bengaluru 560034",ADDRESS
R00335,2,Ph: 9845112233,ADDRESS
R00335,3,GST No.: 29AABCA1234M1ZQ,GSTIN
R00335,4,CASH MEMO,OTHER
R00335,5,--------------------------------------------,OTHER
R00335,6,Inv No: RCPT-2024-97001,INVOICE
R00335,7,Invoice Date: 09/05/2025,DATE
R00335,8,--------------------------------------------,OTHER
R00335,9,Item                     Qty          Amount,OTHER
R00335,10,Paneer Butter Masala       4          806.72,ITEM
R00335,11,Butter Naan                1           49.75,ITEM
R00335,12,Paneer Butter Masala       2          474.70,ITEM
R00335,13,"Veg Thali                  4        1,197.92",ITEM
R00335,14,--------------------------------------------,OTHER
R00335,15,Total Qty: 11,OTHER
R00335,16,"Sub Total:                          2,529.09",SUBTOTAL
R00335,17,CGST @ 2.5%:                           63.23,TAX
R00335,18,SGST @ 2.5%:                           63.22,TAX
R00335,19,Round Off Adj:                          0.46,TAX
R00335,20,"Total:                             ₹2,656.00",TOTAL
R00335,21,--------------------------------------------,OTHER
R00335,22,Goods once sold will not be taken back,FOOTER
R00336,0,INDIAN OIL FUEL STATION,VENDOR
R00336,1,"OMR Perungudi, Chennai 600096",ADDRESS
R00336,2,Ph: 9840055667,ADDRESS
R00336,3,GST No.: 33AAACI0123R1ZQ,GSTIN
R00336,4,TAX INVOICE,OTHER
R00336,5,--------------------------------------------,OTHER
R00336,6,Cash Memo No: INV-2025-50244,INVOICE
R00336,7,Bill Date: 28.03.2025,DATE
R00336,8,--------------------------------------------,OTHER
R00336,9,Product                 Litres          Amount,OTHER
R00336,10,"CNG                       24        1,956.96",ITEM
R00336,11,"CNG                       42        3,420.48",ITEM
R00336,12,--------------------------------------------,OTHER
R00336,13,"Sub Total:                          5,377.44",SUBTOTAL
R00336,14,Round Off:                             -0.44,TAX
R00336,15,"Grand Total:                       ₹5,377.00",TOTAL
R00336,16,--------------------------------------------,OTHER
R00336,17,Thank you for your business,FOOTER
R00337,0,INDIAN OIL FUEL STATION,VENDOR
R00337,1,"OMR Perungudi, Chennai 600096",ADDRESS
R00337,2,GSTIN/UIN: 33AAACI0123R1ZQ,GSTIN
R00337,3,RETAIL INVOICE,OTHER
R00337,4,--------------------------------------------,OTHER
R00337,5,Date: 15-08-2025,DATE
R00337,6,Cash Memo No: INV-2024-16740,INVOICE
R00337,7,--------------------------------------------,OTHER
R00337,8,Product                 Litres          Amount,OTHER
R00337,9,Petrol                     8          836.80,ITEM
R00337,10,"CNG                       45        3,440.25",ITEM
R00337,11,--------------------------------------------,OTHER
R00337,12,"Taxable Value:                      4,277.05",SUBTOTAL
R00337,13,Round Off Adj:                         -0.05,TAX
R00337,14,"Total Amount:                       4,277.00",TOTAL
R00337,15,--------------------------------------------,OTHER
R00337,16,Subject to local jurisdiction,FOOTER
R00338,0,SHELL SELECT FUEL POINT,VENDOR
R00338,1,"Whitefield Main Rd, Bengaluru 560066",ADDRESS
R00338,2,Ph: 9845077889,ADDRESS
R00338,3,GST No.: 29AAACS9911A1ZI,GSTIN
R00338,4,GST INVOICE,OTHER
R00338,5,--------------------------------------------,OTHER
R00338,6,Receipt No: INV-2024-17056,INVOICE
R00338,7,Dated: 18.04.2025,DATE
R00338,8,--------------------------------------------,OTHER
R00338,9,Product                 Litres          Amount,OTHER
R00338,10,"Diesel                    34        3,152.82",ITEM
R00338,11,--------------------------------------------,OTHER
R00338,12,"Sub Total:                          3,152.82",SUBTOTAL
R00338,13,Round Off:                              0.18,TAX
R00338,14,"Net Payable:                       ₹3,153.00",TOTAL
R00338,15,--------------------------------------------,OTHER
R00338,16,Thank you for your business,FOOTER
R00339,0,Hotel Sunrise Residency,VENDOR
R00339,1,"9 Connaught Place, New Delhi 110001",ADDRESS
R00339,2,Ph: 9811023456,ADDRESS
R00339,3,GST Reg No: 07AACCH9012Q1Z8,GSTIN
R00339,4,CASH MEMO,OTHER
R00339,5,--------------------------------------------,OTHER
R00339,6,Dated: 15.02.2025,DATE
R00339,7,Inv No: TI-2024-35342,INVOICE
R00339,8,--------------------------------------------,OTHER
R00339,9,Item                     Qty          Amount,OTHER
R00339,10,"Deluxe Room Night          1        6,400.26",ITEM
R00339,11,"Deluxe Room Night          1        6,594.07",ITEM
R00339,12,Laundry Service            1          337.36,ITEM
R00339,13,--------------------------------------------,OTHER
R00339,14,Total Qty: 3,OTHER
R00339,15,"Taxable Amount:                    13,331.69",SUBTOTAL
R00339,16,CGST @ 6%:                            799.90,TAX
R00339,17,SGST @ 6%:                            799.90,TAX
R00339,18,Round Off:                             -0.49,TAX
R00339,19,"Total:                             14,931.00",TOTAL
R00339,20,--------------------------------------------,OTHER
R00339,21,Subject to local jurisdiction,FOOTER
R00340,0,Gujarat Enterprises,VENDOR
R00340,1,"7 CG Road, Ahmedabad 380009",ADDRESS
R00340,2,Ph: 9825011234,ADDRESS
R00340,3,GST Reg No: 24AABCG2244U1ZA,GSTIN
R00340,4,CASH MEMO,OTHER
R00340,5,--------------------------------------------,OTHER
R00340,6,Dated: 06-Jun-2025,DATE
R00340,7,Invoice Number: TI-2025-23643,INVOICE
R00340,8,--------------------------------------------,OTHER
R00340,9,Item                     Qty          Amount,OTHER
R00340,10,"Keyboard                   3        3,629.91",ITEM
R00340,11,"Keyboard                   2        2,527.28",ITEM
R00340,12,USB Hub                    1          536.97,ITEM
R00340,13,--------------------------------------------,OTHER
R00340,14,"Taxable Value:                      6,694.16",SUBTOTAL
R00340,15,CGST @ 9%:                            602.48,TAX
R00340,16,SGST @ 9%:                            602.47,TAX
R00340,17,Rounding:                              -0.11,TAX
R00340,18,"Net Payable:                        7,899.00",TOTAL
R00340,19,--------------------------------------------,OTHER
R00340,20,Goods once sold will not be taken back,FOOTER
R00341,0,SHELL SELECT FUEL POINT,VENDOR
R00341,1,"Whitefield Main Rd, Bengaluru 560066",ADDRESS
R00341,2,Ph: 9845077889,ADDRESS
R00341,3,GST Reg No: 29AAACS9911A1ZI,GSTIN
R00341,4,TAX INVOICE,OTHER
R00341,5,--------------------------------------------,OTHER
R00341,6,Cash Memo No: BILL-2024-98118,INVOICE
R00341,7,Bill Date: 15/07/2025,DATE
R00341,8,--------------------------------------------,OTHER
R00341,9,Product                 Litres          Amount,OTHER
R00341,10,"CNG                       36        3,043.08",ITEM
R00341,11,--------------------------------------------,OTHER
R00341,12,"Total Before Tax:                   3,043.08",SUBTOTAL
R00341,13,Round Off:                             -0.08,TAX
R00341,14,"Net Payable:                        3,043.00",TOTAL
R00341,15,--------------------------------------------,OTHER
R00341,16,Subject to local jurisdiction,FOOTER
R00342,0,PATEL STORES,VENDOR
R00342,1,"31 Adajan, Surat 395007",ADDRESS
R00342,2,GSTIN/UIN: 24AAHCP6677V1Z8,GSTIN
R00342,3,RETAIL INVOICE,OTHER
R00342,4,--------------------------------------------,OTHER
R00342,5,Bill No: INV-2025-23010,INVOICE
R00342,6,Bill Date: 24.03.2025,DATE
R00342,7,--------------------------------------------,OTHER
R00342,8,Item                     Qty          Amount,OTHER
R00342,9,Sugar 1kg                  3          179.88,ITEM
R00342,10,Milk 1L                    2          128.60,ITEM
R00342,11,Atta 5kg                   2          659.88,ITEM
R00342,12,Toor Dal 1kg               3          333.00,ITEM
R00342,13,--------------------------------------------,OTHER
R00342,14,"Subtotal:                           1,301.36",SUBTOTAL
R00342,15,CGST @ 2.5%:                           32.54,TAX
R00342,16,SGST @ 2.5%:                           32.53,TAX
R00342,17,Rounding:                              -0.43,TAX
R00342,18,"Total:                             ₹1,366.00",TOTAL
R00342,19,--------------------------------------------,OTHER
R00342,20,Goods once sold will not be taken back,FOOTER
R00343,0,BHARAT PETROLEUM OUTLET,VENDOR
R00343,1,"NH-8 Bandra East, Mumbai 400051",ADDRESS
R00343,2,Ph: 9820011122,ADDRESS
R00343,3,GST No.: 27AAACB1111P1ZW,GSTIN
R00343,4,TAX INVOICE,OTHER
R00343,5,--------------------------------------------,OTHER
R00343,6,Bill Date: 01-07-2025,DATE
R00343,7,Receipt No: BILL-2024-50028,INVOICE
R00343,8,--------------------------------------------,OTHER
R00343,9,Product                 Litres          Amount,OTHER
R00343,10,Petrol                     7          753.62,ITEM
R00343,11,--------------------------------------------,OTHER
R00343,12,Taxable Value:                        753.62,SUBTOTAL
R00343,13,Round Off Adj:                          0.38,TAX
R00343,14,Grand Total:                         ₹754.00,TOTAL
R00343,15,--------------------------------------------,OTHER
R00343,16,Subject to local jurisdiction,FOOTER
R00343,17,UPI Payment,FOOTER
R00344,0,Hotel Sunrise Residency,VENDOR
R00344,1,"9 Connaught Place, New Delhi 110001",ADDRESS
R00344,2,Ph: 9811023456,ADDRESS
R00344,3,GST No.: 07AACCH9012Q1Z8,GSTIN
R00344,4,GST INVOICE,OTHER
R00344,5,--------------------------------------------,OTHER
R00344,6,Receipt No: RCPT-2025-61753,INVOICE
R00344,7,Date of Supply: 2025-04-13,DATE
R00344,8,--------------------------------------------,OTHER
R00344,9,Item                     Qty          Amount,OTHER
R00344,10,"Breakfast Buffet           3        2,361.84",ITEM
R00344,11,"Breakfast Buffet           3        2,434.56",ITEM
R00344,12,"Breakfast Buffet           4        2,678.96",ITEM
R00344,13,"Laundry Service            4        1,679.04",ITEM
R00344,14,"Laundry Service            4        1,821.44",ITEM
R00344,15,--------------------------------------------,OTHER
R00344,16,"Subtotal:                          10,975.84",SUBTOTAL
R00344,17,CGST @ 6%:                            658.55,TAX
R00344,18,SGST @ 6%:                            658.55,TAX
R00344,19,Rounding:                               0.06,TAX
R00344,20,"Amount Payable:                    12,293.00",TOTAL
R00344,21,--------------------------------------------,OTHER
R00344,22,Goods once sold will not be taken back,FOOTER
R00344,23,Cash Payment,FOOTER
R00345,0,Gujarat Enterprises,VENDOR
R00345,1,"7 CG Road, Ahmedabad 380009",ADDRESS
R00345,2,GST No.: 24AABCG2244U1ZA,GSTIN
R00345,3,RETAIL INVOICE,OTHER
R00345,4,--------------------------------------------,OTHER
R00345,5,Invoice No: INV-2024-69647,INVOICE
R00345,6,Invoice Date: 2025-08-17,DATE
R00345,7,--------------------------------------------,OTHER
R00345,8,Item                     Qty          Amount,OTHER
R00345,9,"Extension Board            4        2,140.04",ITEM
R00345,10,"Keyboard                   2        2,869.70",ITEM
R00345,11,USB Hub                    1          459.47,ITEM
R00345,12,"Extension Board            4        1,642.40",ITEM
R00345,13,Extension Board            3          926.19,ITEM
R00345,14,"Extension Board            2        1,051.38",ITEM
R00345,15,--------------------------------------------,OTHER
R00345,16,"Taxable Amount:                     9,089.18",SUBTOTAL
R00345,17,CGST @ 9%:                            818.03,TAX
R00345,18,SGST @ 9%:                            818.02,TAX
R00345,19,Rounding:                              -0.23,TAX
R00345,20,"Net Payable:                      ₹10,725.00",TOTAL
R00345,21,--------------------------------------------,OTHER
R00345,22,Subject to local jurisdiction,FOOTER
R00345,23,Cash Payment,FOOTER
R00346,0,BHARAT PETROLEUM OUTLET,VENDOR
R00346,1,"NH-8 Bandra East, Mumbai 400051",ADDRESS
R00346,2,Ph: 9820011122,ADDRESS
R00346,3,GSTIN: 27AAACB1111P1ZW,GSTIN
R00346,4,CASH MEMO,OTHER
R00346,5,--------------------------------------------,OTHER
R00346,6,Bill No: RCPT-2024-00382,INVOICE
R00346,7,Bill Date: 2025-01-30,DATE
R00346,8,--------------------------------------------,OTHER
R00346,9,Product                 Litres          Amount,OTHER
R00346,10,"Petrol                    19        1,875.11",ITEM
R00346,11,"CNG                       15        1,161.75",ITEM
R00346,12,--------------------------------------------,OTHER
R00346,13,"Total Before Tax:                   3,036.86",SUBTOTAL
R00346,14,Rounding:                               0.14,TAX
R00346,15,"Grand Total:                        3,037.00",TOTAL
R00346,16,--------------------------------------------,OTHER
R00346,17,THANK YOU VISIT AGAIN,FOOTER
R00346,18,Card Payment,FOOTER
R00347,0,PATEL STORES,VENDOR
R00347,1,"31 Adajan, Surat 395007",ADDRESS
R00347,2,Ph: 9825099001,ADDRESS
R00347,3,GSTIN/UIN: 24AAHCP6677V1Z8,GSTIN
R00347,4,CASH MEMO,OTHER
R00347,5,--------------------------------------------,OTHER
R00347,6,Bill Date: 08/04/2025,DATE
R00347,7,Receipt No: RCPT-2025-51555,INVOICE
R00347,8,--------------------------------------------,OTHER
R00347,9,Item                     Qty          Amount,OTHER
R00347,10,Sugar 1kg                  3          137.25,ITEM
R00347,11,Sunflower Oil 1L           1          168.42,ITEM
R00347,12,Sugar 1kg                  1           54.03,ITEM
R00347,13,--------------------------------------------,OTHER
R00347,14,Total Qty: 5,OTHER
R00347,15,Total Before Tax:                     359.70,SUBTOTAL
R00347,16,CGST @ 2.5%:                            9.00,TAX
R00347,17,SGST @ 2.5%:                            8.99,TAX
R00347,18,Rounding:                               0.31,TAX
R00347,19,Grand Total:                         ₹378.00,TOTAL
R00347,20,--------------------------------------------,OTHER
R00347,21,Subject to local jurisdiction,FOOTER
R00348,0,Sharma Traders Pvt Ltd,VENDOR
R00348,1,"14 MG Road, Bengaluru 560001",ADDRESS
R00348,2,Ph: 9845012345,ADDRESS
R00348,3,GSTIN: 29AAGCB7383J1Z4,GSTIN
R00348,4,GST INVOICE,OTHER
R00348,5,--------------------------------------------,OTHER
R00348,6,Invoice No: RCPT-2024-37894,INVOICE
R00348,7,Dated: 04-Apr-2025,DATE
R00348,8,--------------------------------------------,OTHER
R00348,9,Item                     Qty          Amount,OTHER
R00348,10,A4 Paper Ream              3          730.23,ITEM
R00348,11,Stapler                    3          515.49,ITEM
R00348,12,File Folder                2          179.12,ITEM
R00348,13,Stapler                    4          710.24,ITEM
R00348,14,Stapler                    3          763.05,ITEM
R00348,15,Stapler                    2          450.88,ITEM
R00348,16,--------------------------------------------,OTHER
R00348,17,"Subtotal:                           3,349.01",SUBTOTAL
R00348,18,CGST @ 9%:                            301.41,TAX
R00348,19,SGST @ 9%:                            301.41,TAX
R00348,20,Round Off Adj:                          0.17,TAX
R00348,21,"Bill Total:                         3,952.00",TOTAL
R00348,22,--------------------------------------------,OTHER
R00348,23,Goods once sold will not be taken back,FOOTER
R00349,0,HYDERABAD BIRYANI HOUSE,VENDOR
R00349,1,"5 Gachibowli, Hyderabad 500081",ADDRESS
R00349,2,Ph: 9848012345,ADDRESS
R00349,3,GSTIN: 36AADCH4567S1ZS,GSTIN
R00349,4,TAX INVOICE,OTHER
R00349,5,--------------------------------------------,OTHER
R00349,6,"Date of Supply: Aug 27, 2025",DATE
R00349,7,Invoice No: TI-2024-45713,INVOICE
R00349,8,Table: 19   Covers: 4,OTHER
R00349,9,--------------------------------------------,OTHER
R00349,10,Item                     Qty          Amount,OTHER
R00349,11,Veg Thali                  4          706.44,ITEM
R00349,12,Butter Naan                3          131.94,ITEM
R00349,13,Butter Naan                3          163.44,ITEM
R00349,14,--------------------------------------------,OTHER
R00349,15,Total Qty: 10,OTHER
R00349,16,"Taxable Value:                      1,001.82",SUBTOTAL
R00349,17,CGST @ 2.5%:                           25.05,TAX
R00349,18,SGST @ 2.5%:                           25.04,TAX
R00349,19,Round Off:                              0.09,TAX
R00349,20,"Total:                             ₹1,052.00",TOTAL
R00349,21,--------------------------------------------,OTHER
R00349,22,Subject to local jurisdiction,FOOTER
R00350,0,SARAVANA BHAVAN,VENDOR
R00350,1,"18 T Nagar, Chennai 600017",ADDRESS
R00350,2,GST Reg No: 33AAECS7788N1ZJ,GSTIN
R00350,3,CASH MEMO,OTHER
R00350,4,--------------------------------------------,OTHER
R00350,5,Bill No: RCPT-2024-59589,INVOICE
R00350,6,Invoice Date: 21.03.2025,DATE
R00350,7,--------------------------------------------,OTHER
R00350,8,Item                     Qty          Amount,OTHER
R00350,9,Masala Dosa                1          141.40,ITEM
R00350,10,Paneer Butter Masala       1          196.60,ITEM
R00350,11,Veg Thali                  1          155.65,ITEM
R00350,12,Butter Naan                4          229.40,ITEM
R00350,13,Masala Dosa                2          268.88,ITEM
R00350,14,--------------------------------------------,OTHER
R00350,15,Total Qty: 9,OTHER
R00350,16,Total Before Tax:                     991.93,SUBTOTAL
R00350,17,CGST @ 2.5%:                           24.80,TAX
R00350,18,SGST @ 2.5%:                           24.80,TAX
R00350,19,Round Off Adj:                          0.47,TAX
R00350,20,"Net Payable:                       ₹1,042.00",TOTAL
R00350,21,--------------------------------------------,OTHER
R00350,22,Subject to local jurisdiction,FOOTER
R00351,0,PARK STREET CAFE,VENDOR
R00351,1,"40 Park Street, Kolkata 700017",ADDRESS
R00351,2,Ph: 9830044332,ADDRESS
R00351,3,GST Reg No: 19AAFCP7890X1ZW,GSTIN
R00351,4,TAX INVOICE,OTHER
R00351,5,--------------------------------------------,OTHER
R00351,6,Invoice No: RCPT-2025-04145,INVOICE
R00351,7,"Invoice Date: Apr 01, 2025",DATE
R00351,8,Table: 13   Covers: 1,OTHER
R00351,9,--------------------------------------------,OTHER
R00351,10,Item                     Qty          Amount,OTHER
R00351,11,Biryani                    3          824.16,ITEM
R00351,12,Filter Coffee              2           97.50,ITEM
R00351,13,--------------------------------------------,OTHER
R00351,14,Total Qty: 5,OTHER
R00351,15,Subtotal:                             921.66,SUBTOTAL
R00351,16,CGST @ 2.5%:                           23.04,TAX
R00351,17,SGST @ 2.5%:                           23.04,TAX
R00351,18,Round Off Adj:                          0.26,TAX
R00351,19,Total Amount:                         968.00,TOTAL
R00351,20,--------------------------------------------,OTHER
R00351,21,Thank you for your business,FOOTER
R00351,22,Cash Payment,FOOTER
R00352,0,HYDERABAD BIRYANI HOUSE,VENDOR
R00352,1,"5 Gachibowli, Hyderabad 500081",ADDRESS
R00352,2,Ph: 9848012345,ADDRESS
R00352,3,GST Reg No: 36AADCH4567S1ZS,GSTIN
R00352,4,GST INVOICE,OTHER
R00352,5,--------------------------------------------,OTHER
R00352,6,Cash Memo No: RCPT-2024-72667,INVOICE
R00352,7,Bill Date: 07-Apr-2025,DATE
R00352,8,Table: 15   Covers: 1,OTHER
R00352,9,--------------------------------------------,OTHER
R00352,10,Item                     Qty          Amount,OTHER
R00352,11,Veg Thali                  4          746.56,ITEM
R00352,12,Biryani                    1          335.92,ITEM
R00352,13,Butter Naan                1           46.55,ITEM
R00352,14,Masala Dosa                3          479.28,ITEM
R00352,15,Paneer Butter Masala       4          953.60,ITEM
R00352,16,--------------------------------------------,OTHER
R00352,17,"Taxable Value:                      2,561.91",SUBTOTAL
R00352,18,CGST @ 2.5%:                           64.05,TAX
R00352,19,SGST @ 2.5%:                           64.05,TAX
R00352,20,Round Off:                             -0.01,TAX
R00352,21,"Bill Total:                         2,690.00",TOTAL
R00352,22,--------------------------------------------,OTHER
R00352,23,Thank you for your business,FOOTER
R00353,0,GANGA DEPARTMENTAL STORE,VENDOR
R00353,1,"17 Mall Road, Kanpur 208001",ADDRESS
R00353,2,Ph: 9839066554,ADDRESS
R00353,3,GST Reg No: 09AABCG5566Z1ZD,GSTIN
R00353,4,RETAIL INVOICE,OTHER
R00353,5,--------------------------------------------,OTHER
R00353,6,"Dated: Feb 12, 2025",DATE
R00353,7,Bill No: TI-2025-73353,INVOICE
R00353,8,--------------------------------------------,OTHER
R00353,9,Item                     Qty          Amount,OTHER
R00353,10,Atta 5kg                   3          730.05,ITEM
R00353,11,Basmati Rice 5kg           1          533.34,ITEM
R00353,12,--------------------------------------------,OTHER
R00353,13,Total Qty: 4,OTHER
R00353,14,"Taxable Amount:                     1,263.39",SUBTOTAL
R00353,15,IGST @ 5%:                             63.17,TAX
R00353,16,Round Off:                              0.44,TAX
R00353,17,"Bill Total:                         1,327.00",TOTAL
R00353,18,--------------------------------------------,OTHER
R00353,19,Subject to local jurisdiction,FOOTER
R00354,0,PARK STREET CAFE,VENDOR
R00354,1,"40 Park Street, Kolkata 700017",ADDRESS
R00354,2,Ph: 9830044332,ADDRESS
R00354,3,GSTIN/UIN: 19AAFCP7890X1ZW,GSTIN
R00354,4,TAX INVOICE,OTHER
R00354,5,--------------------------------------------,OTHER
R00354,6,Invoice No: BILL-2024-25952,INVOICE
R00354,7,Bill Date: 10/02/2025,DATE
R00354,8,Table: 11   Covers: 2,OTHER
R00354,9,--------------------------------------------,OTHER
R00354,10,Item                     Qty          Amount,OTHER
R00354,11,Butter Naan                1           44.46,ITEM
R00354,12,Paneer Butter Masala       2          622.98,ITEM
R00354,13,--------------------------------------------,OTHER
R00354,14,Sub Total:                            667.44,SUBTOTAL
R00354,15,CGST @ 2.5%:                           16.69,TAX
R00354,16,SGST @ 2.5%:                           16.68,TAX
R00354,17,Round Off:                              0.19,TAX
R00354,18,Total Amount:                        ₹701.00,TOTAL
R00354,19,--------------------------------------------,OTHER
R00354,20,Goods once sold will not be taken back,FOOTER
R00355,0,RELIANCE FRESH SUPERMARKET,VENDOR
R00355,1,"Shop 4 Kurla West, Mumbai 400070",ADDRESS
R00355,2,Ph: 9820044556,ADDRESS
R00355,3,GST Reg No: 27AAACR5055K1Z7,GSTIN
R00355,4,CASH MEMO,OTHER
R00355,5,--------------------------------------------,OTHER
R00355,6,Date: 13.04.2025,DATE
R00355,7,Bill No: BILL-2025-77128,INVOICE
R00355,8,--------------------------------------------,OTHER
R00355,9,Item                     Qty          Amount,OTHER
R00355,10,"Basmati Rice 5kg           4        1,909.16",ITEM
R00355,11,Sunflower Oil 1L           2          358.90,ITEM
R00355,12,Atta 5kg                   1          285.27,ITEM
R00355,13,Toor Dal 1kg               1          155.10,ITEM
R00355,14,Sunflower Oil 1L           4          566.64,ITEM
R00355,15,--------------------------------------------,OTHER
R00355,16,"Taxable Amount:                     3,275.07",SUBTOTAL
R00355,17,CGST @ 2.5%:                           81.88,TAX
R00355,18,SGST @ 2.5%:                           81.87,TAX
R00355,19,Rounding:                               0.18,TAX
R00355,20,"Total:                             ₹3,439.00",TOTAL
R00355,21,--------------------------------------------,OTHER
R00355,22,Goods once sold will not be taken back,FOOTER
R00356,0,HYDERABAD BIRYANI HOUSE,VENDOR
R00356,1,"5 Gachibowli, Hyderabad 500081",ADDRESS
R00356,2,Ph: 9848012345,ADDRESS
R00356,3,GSTIN: 36AADCH4567S1ZS,GSTIN
R00356,4,GST INVOICE,OTHER
R00356,5,--------------------------------------------,OTHER
R00356,6,Date of Supply: 12.02.2025,DATE
R00356,7,Inv No: TI-2025-40174,INVOICE
R00356,8,--------------------------------------------,OTHER
R00356,9,Item                     Qty          Amount,OTHER
R00356,10,Masala Dosa                2          278.98,ITEM
R00356,11,Biryani                    2          647.70,ITEM
R00356,12,--------------------------------------------,OTHER
R00356,13,Total Before Tax:                     926.68,SUBTOTAL
R00356,14,CGST @ 2.5%:                           23.17,TAX
R00356,15,SGST @ 2.5%:                           23.16,TAX
R00356,16,Round Off Adj:                         -0.01,TAX
R00356,17,Net Payable:                         ₹973.00,TOTAL
R00356,18,--------------------------------------------,OTHER
R00356,19,*** CUSTOMER COPY ***,FOOTER
R00356,20,UPI Payment,FOOTER
R00357,0,APOLLO PHARMACY OUTLET,VENDOR
R00357,1,"Rajiv Gandhi Salai, Chennai 600028",ADDRESS
R00357,2,GST No.: 33AAACA6677D1ZW,GSTIN
R00357,3,CASH MEMO,OTHER
R00357,4,--------------------------------------------,OTHER
R00357,5,Receipt No: TI-2025-23206,INVOICE
R00357,6,Date of Supply: 04-07-2025,DATE
R00357,7,--------------------------------------------,OTHER
R00357,8,Item                     Qty          Amount,OTHER
R00357,9,Paracetamol Strip          2           75.76,ITEM
R00357,10,Paracetamol Strip          3           60.48,ITEM
R00357,11,Paracetamol Strip          4           86.64,ITEM
R00357,12,--------------------------------------------,OTHER
R00357,13,Taxable Value:                        222.88,SUBTOTAL
R00357,14,CGST @ 6%:                             13.38,TAX
R00357,15,SGST @ 6%:                             13.37,TAX
R00357,16,Round Off:                              0.37,TAX
R00357,17,Total Amount:                         250.00,TOTAL
R00357,18,--------------------------------------------,OTHER
R00357,19,Goods once sold will not be taken back,FOOTER
R00358,0,CAFE COFFEE JUNCTION,VENDOR
R00358,1,"8 Indiranagar, Bengaluru 560095",ADDRESS
R00358,2,Ph: 9845033445,ADDRESS
R00358,3,GSTIN/UIN: 29AAECC2233B1Z7,GSTIN
R00358,4,RETAIL INVOICE,OTHER
R00358,5,--------------------------------------------,OTHER
R00358,6,Invoice No: TI-2024-50401,INVOICE
R00358,7,Invoice Date: 08.07.2025,DATE
R00358,8,Table: 20   Covers: 4,OTHER
R00358,9,--------------------------------------------,OTHER
R00358,10,Item                     Qty          Amount,OTHER
R00358,11,Paneer Butter Masala       2          366.56,ITEM
R00358,12,Butter Naan                1           68.72,ITEM
R00358,13,Butter Naan                2          143.28,ITEM
R00358,14,Filter Coffee              3          164.37,ITEM
R00358,15,--------------------------------------------,OTHER
R00358,16,Total Qty: 8,OTHER
R00358,17,Subtotal:                             742.93,SUBTOTAL
R00358,18,CGST @ 2.5%:                           18.58,TAX
R00358,19,SGST @ 2.5%:                           18.57,TAX
R00358,20,Rounding:                              -0.08,TAX
R00358,21,Total:                                780.00,TOTAL
R00358,22,--------------------------------------------,OTHER
R00358,23,Goods once sold will not be taken back,FOOTER
R00359,0,Deccan Office Supplies,VENDOR
R00359,1,"12 Madhapur, Hyderabad 500032",ADDRESS
R00359,2,Ph: 9848077665,ADDRESS
R00359,3,GST No.: 36AAGCD8899T1Z8,GSTIN
R00359,4,CASH MEMO,OTHER
R00359,5,--------------------------------------------,OTHER
R00359,6,Date: 16.06.2025,DATE
R00359,7,Receipt No: TI-2025-69609,INVOICE
R00359,8,--------------------------------------------,OTHER
R00359,9,Item                     Qty          Amount,OTHER
R00359,10,Stapler                    3          539.79,ITEM
R00359,11,Notebook 200pg             1           90.83,ITEM
R00359,12,"Printer Ink                3        2,275.50",ITEM
R00359,13,Marker Pen                 3          165.39,ITEM
R00359,14,--------------------------------------------,OTHER
R00359,15,"Taxable Amount:                     3,071.51",SUBTOTAL
R00359,16,CGST @ 9%:                            276.44,TAX
R00359,17,SGST @ 9%:                            276.43,TAX
R00359,18,Rounding:                              -0.38,TAX
R00359,19,"Total:                             ₹3,624.00",TOTAL
R00359,20,--------------------------------------------,OTHER
R00359,21,Subject to local jurisdiction,FOOTER
R00359,22,Cash Payment,FOOTER
R00360,0,Gujarat Enterprises,VENDOR
R00360,1,"7 CG Road, Ahmedabad 380009",ADDRESS
R00360,2,GSTIN: 24AABCG2244U1ZA,GSTIN
R00360,3,TAX INVOICE,OTHER
R00360,4,--------------------------------------------,OTHER
R00360,5,Invoice Date: 10-May-2025,DATE
R00360,6,Invoice No: BILL-2024-92969,INVOICE
R00360,7,--------------------------------------------,OTHER
R00360,8,Item                     Qty          Amount,OTHER
R00360,9,"USB Hub                    2        1,353.58",ITEM
R00360,10,"HDMI Cable 2m              4        1,110.12",ITEM
R00360,11,"Extension Board            4        1,467.76",ITEM
R00360,12,--------------------------------------------,OTHER
R00360,13,Total Qty: 10,OTHER
R00360,14,"Sub Total:                          3,931.46",SUBTOTAL
R00360,15,CGST @ 9%:                            353.83,TAX
R00360,16,SGST @ 9%:                            353.83,TAX
R00360,17,Round Off:                             -0.12,TAX
R00360,18,"Net Payable:                       ₹4,639.00",TOTAL
R00360,19,--------------------------------------------,OTHER
R00360,20,THANK YOU VISIT AGAIN,FOOTER
R00361,0,GANGA DEPARTMENTAL STORE,VENDOR
R00361,1,"17 Mall Road, Kanpur 208001",ADDRESS
R00361,2,Ph: 9839066554,ADDRESS
R00361,3,GST No.: 09AABCG5566Z1ZD,GSTIN
R00361,4,TAX INVOICE,OTHER
R00361,5,--------------------------------------------,OTHER
R00361,6,Invoice No: INV-2024-41747,INVOICE
R00361,7,Date: 20-03-2025,DATE
R00361,8,--------------------------------------------,OTHER
R00361,9,Item                     Qty          Amount,OTHER
R00361,10,Sunflower Oil 1L           1          187.32,ITEM
R00361,11,Basmati Rice 5kg           1          700.16,ITEM
R00361,12,Sunflower Oil 1L           3          506.67,ITEM
R00361,13,Sunflower Oil 1L           2          372.12,ITEM
R00361,14,"Atta 5kg                   4        1,294.12",ITEM
R00361,15,Sunflower Oil 1L           2          314.88,ITEM
R00361,16,--------------------------------------------,OTHER
R00361,17,"Subtotal:                           3,375.27",SUBTOTAL
R00361,18,IGST @ 5%:                            168.76,TAX
R00361,19,Round Off Adj:                         -0.03,TAX
R00361,20,"Net Payable:                        3,544.00",TOTAL
R00361,21,--------------------------------------------,OTHER
R00361,22,THANK YOU VISIT AGAIN,FOOTER
R00362,0,Deccan Office Supplies,VENDOR
R00362,1,"12 Madhapur, Hyderabad 500032",ADDRESS
R00362,2,Ph: 9848077665,ADDRESS
R00362,3,GSTIN/UIN: 36AAGCD8899T1Z8,GSTIN
R00362,4,TAX INVOICE,OTHER
R00362,5,--------------------------------------------,OTHER
R00362,6,Cash Memo No: RCPT-2024-39104,INVOICE
R00362,7,Date of Supply: 26/05/2025,DATE
R00362,8,--------------------------------------------,OTHER
R00362,9,Item                     Qty          Amount,OTHER
R00362,10,Stapler                    3          695.34,ITEM
R00362,11,Notebook 200pg             2          244.30,ITEM
R00362,12,Notebook 200pg             2          186.40,ITEM
R00362,13,--------------------------------------------,OTHER
R00362,14,Total Qty: 7,OTHER
R00362,15,"Taxable Value:                      1,126.04",SUBTOTAL
R00362,16,IGST @ 18%:                           202.69,TAX
R00362,17,Round Off Adj:                          0.27,TAX
R00362,18,"Amount Payable:                     1,329.00",TOTAL
R00362,19,--------------------------------------------,OTHER
R00362,20,Subject to local jurisdiction,FOOTER
R00362,21,UPI Payment,FOOTER
R00363,0,PARK STREET CAFE,VENDOR
R00363,1,"40 Park Street, Kolkata 700017",ADDRESS
R00363,2,Ph: 9830044332,ADDRESS
R00363,3,GST No.: 19AAFCP7890X1ZW,GSTIN
R00363,4,GST INVOICE,OTHER
R00363,5,--------------------------------------------,OTHER
R00363,6,Invoice Date: 24.02.2025,DATE
R00363,7,Bill No: INV-2025-82411,INVOICE
R00363,8,--------------------------------------------,OTHER
R00363,9,Item                     Qty          Amount,OTHER
R00363,10,Biryani                    2          494.18,ITEM
R00363,11,Filter Coffee              3          174.72,ITEM
R00363,12,--------------------------------------------,OTHER
R00363,13,Subtotal:                             668.90,SUBTOTAL
R00363,14,IGST @ 5%:                             33.45,TAX
R00363,15,Rounding:                              -0.35,TAX
R00363,16,Total Amount:                        ₹702.00,TOTAL
R00363,17,--------------------------------------------,OTHER
R00363,18,Thank you for your business,FOOTER
R00363,19,UPI Payment,FOOTER
R00364,0,SHELL SELECT FUEL POINT,VENDOR
R00364,1,"Whitefield Main Rd, Bengaluru 560066",ADDRESS
R00364,2,Ph: 9845077889,ADDRESS
R00364,3,GSTIN: 29AAACS9911A1ZI,GSTIN
R00364,4,RETAIL INVOICE,OTHER
R00364,5,--------------------------------------------,OTHER
R00364,6,"Invoice Date: Jun 02, 2025",DATE
R00364,7,Cash Memo No: RCPT-2025-81101,INVOICE
R00364,8,--------------------------------------------,OTHER
R00364,9,Product                 Litres          Amount,OTHER
R00364,10,"Petrol                    36        3,676.32",ITEM
R00364,11,"CNG                       16        1,327.20",ITEM
R00364,12,--------------------------------------------,OTHER
R00364,13,"Taxable Amount:                     5,003.52",SUBTOTAL
R00364,14,Rounding:                               0.48,TAX
R00364,15,"Total:                              5,004.00",TOTAL
R00364,16,--------------------------------------------,OTHER
R00364,17,Subject to local jurisdiction,FOOTER
R00365,0,SHELL SELECT FUEL POINT,VENDOR
R00365,1,"Whitefield Main Rd, Bengaluru 560066",ADDRESS
R00365,2,Ph: 9845077889,ADDRESS
R00365,3,GSTIN/UIN: 29AAACS9911A1ZI,GSTIN
R00365,4,CASH MEMO,OTHER
R00365,5,--------------------------------------------,OTHER
R00365,6,Invoice Date: 04-Apr-2025,DATE
R00365,7,Bill No: INV-2024-43505,INVOICE
R00365,8,--------------------------------------------,OTHER
R00365,9,Product                 Litres          Amount,OTHER
R00365,10,CNG                       11          832.04,ITEM
R00365,11,--------------------------------------------,OTHER
R00365,12,Sub Total:                            832.04,SUBTOTAL
R00365,13,Rounding:                              -0.04,TAX
R00365,14,Amount Payable:                      ₹832.00,TOTAL
R00365,15,--------------------------------------------,OTHER
R00365,16,Thank you for your business,FOOTER
R00366,0,ANNAPURNA RESTAURANT,VENDOR
R00366,1,"22 Koramangala 5th Blk, Bengaluru 560034",ADDRESS
R00366,2,Ph: 9845112233,ADDRESS
R00366,3,GSTIN/UIN: 29AABCA1234M1ZQ,GSTIN
R00366,4,GST INVOICE,OTHER
R00366,5,--------------------------------------------,OTHER
R00366,6,Date: 22.01.2025,DATE
R00366,7,Inv No: INV-2024-26219,INVOICE
R00366,8,Table: 3   Covers: 3,OTHER
R00366,9,--------------------------------------------,OTHER
R00366,10,Item                     Qty          Amount,OTHER
R00366,11,Filter Coffee              3           90.75,ITEM
R00366,12,Biryani                    4          776.48,ITEM
R00366,13,Veg Thali                  3          693.00,ITEM
R00366,14,--------------------------------------------,OTHER
R00366,15,Total Qty: 10,OTHER
R00366,16,"Sub Total:                          1,560.23",SUBTOTAL
R00366,17,CGST @ 2.5%:                           39.01,TAX
R00366,18,SGST @ 2.5%:                           39.00,TAX
R00366,19,Rounding:                              -0.24,TAX
R00366,20,"Net Payable:                       ₹1,638.00",TOTAL
R00366,21,--------------------------------------------,OTHER
R00366,22,Subject to local jurisdiction,FOOTER
R00367,0,GANGA DEPARTMENTAL STORE,VENDOR
R00367,1,"17 Mall Road, Kanpur 208001",ADDRESS
R00367,2,GSTIN: 09AABCG5566Z1ZD,GSTIN
R00367,3,RETAIL INVOICE,OTHER
R00367,4,--------------------------------------------,OTHER
R00367,5,Invoice No: BILL-2024-64785,INVOICE
R00367,6,Dated: 09.05.2025,DATE
R00367,7,--------------------------------------------,OTHER
R00367,8,Item                     Qty          Amount,OTHER
R00367,9,Sunflower Oil 1L           3          482.61,ITEM
R00367,10,"Basmati Rice 5kg           4        1,832.48",ITEM
R00367,11,"Basmati Rice 5kg           2        1,305.32",ITEM
R00367,12,Sunflower Oil 1L           3          368.91,ITEM
R00367,13,--------------------------------------------,OTHER
R00367,14,"Total Before Tax:                   3,989.32",SUBTOTAL
R00367,15,CGST @ 2.5%:                           99.74,TAX
R00367,16,SGST @ 2.5%:                           99.73,TAX
R00367,17,Rounding:                               0.21,TAX
R00367,18,"Grand Total:                       ₹4,189.00",TOTAL
R00367,19,--------------------------------------------,OTHER
R00367,20,Goods once sold will not be taken back,FOOTER
R00367,21,UPI Payment,FOOTER
R00368,0,CAFE COFFEE JUNCTION,VENDOR
R00368,1,"8 Indiranagar, Bengaluru 560095",ADDRESS
R00368,2,Ph: 9845033445,ADDRESS
R00368,3,GST No.: 29AAECC2233B1Z7,GSTIN
R00368,4,CASH MEMO,OTHER
R00368,5,--------------------------------------------,OTHER
R00368,6,Inv No: TI-2024-26009,INVOICE
R00368,7,Date of Supply: 18.02.2025,DATE
R00368,8,--------------------------------------------,OTHER
R00368,9,Item                     Qty          Amount,OTHER
R00368,10,Butter Naan                4          214.80,ITEM
R00368,11,Biryani                    2          756.20,ITEM
R00368,12,Butter Naan                4          254.76,ITEM
R00368,13,--------------------------------------------,OTHER
R00368,14,Total Qty: 10,OTHER
R00368,15,"Total Before Tax:                   1,225.76",SUBTOTAL
R00368,16,IGST @ 5%:                             61.29,TAX
R00368,17,Round Off Adj:                         -0.05,TAX
R00368,18,"Total Amount:                      ₹1,287.00",TOTAL
R00368,19,--------------------------------------------,OTHER
R00368,20,*** CUSTOMER COPY ***,FOOTER
R00368,21,Cash Payment,FOOTER
R00369,0,Hotel Sunrise Residency,VENDOR
R00369,1,"9 Connaught Place, New Delhi 110001",ADDRESS
R00369,2,GST Reg No: 07AACCH9012Q1Z8,GSTIN
R00369,3,GST INVOICE,OTHER
R00369,4,--------------------------------------------,OTHER
R00369,5,Invoice Date: 01-09-2025,DATE
R00369,6,Cash Memo No: INV-2025-81737,INVOICE
R00369,7,--------------------------------------------,OTHER
R00369,8,Item                     Qty          Amount,OTHER
R00369,9,"Breakfast Buffet           2        1,251.96",ITEM
R00369,10,"Laundry Service            4        1,924.88",ITEM
R00369,11,"Breakfast Buffet           2        1,068.80",ITEM
R00369,12,Laundry Service            1          411.32,ITEM
R00369,13,"Deluxe Room Night          4       14,101.20",ITEM
R00369,14,--------------------------------------------,OTHER
R00369,15,"Taxable Value:                     18,758.16",SUBTOTAL
R00369,16,"CGST @ 6%:                          1,125.49",TAX
R00369,17,"SGST @ 6%:                          1,125.49",TAX
R00369,18,Rounding:                              -0.14,TAX
R00369,19,"Bill Total:                        21,009.00",TOTAL
R00369,20,--------------------------------------------,OTHER
R00369,21,THANK YOU VISIT AGAIN,FOOTER
R00369,22,Card Payment,FOOTER
R00370,0,APOLLO PHARMACY OUTLET,VENDOR
R00370,1,"Rajiv Gandhi Salai, Chennai 600028",ADDRESS
R00370,2,Ph: 9840099887,ADDRESS
R00370,3,GST Reg No: 33AAACA6677D1ZW,GSTIN
R00370,4,CASH MEMO,OTHER
R00370,5,--------------------------------------------,OTHER
R00370,6,Bill Date: 12/03/2025,DATE
R00370,7,Invoice Number: BILL-2025-70646,INVOICE
R00370,8,--------------------------------------------,OTHER
R00370,9,Item                     Qty          Amount,OTHER
R00370,10,"Digital Thermometer        4        1,424.24",ITEM
R00370,11,Antiseptic Liquid          3          498.30,ITEM
R00370,12,Digital Thermometer        1          385.29,ITEM
R00370,13,Antiseptic Liquid          1           90.26,ITEM
R00370,14,--------------------------------------------,OTHER
R00370,15,"Taxable Value:                      2,398.09",SUBTOTAL
R00370,16,CGST @ 6%:                            143.89,TAX
R00370,17,SGST @ 6%:                            143.88,TAX
R00370,18,Rounding:                               0.14,TAX
R00370,19,"Net Payable:                        2,686.00",TOTAL
R00370,20,--------------------------------------------,OTHER
R00370,21,Goods once sold will not be taken back,FOOTER
R00370,22,Card Payment,FOOTER
R00371,0,Hotel Sunrise Residency,VENDOR
R00371,1,"9 Connaught Place, New Delhi 110001",ADDRESS
R00371,2,GSTIN: 07AACCH9012Q1Z8,GSTIN
R00371,3,GST INVOICE,OTHER
R00371,4,--------------------------------------------,OTHER
R00371,5,Date: 2025-07-20,DATE
R00371,6,Inv No: BILL-2024-78499,INVOICE
R00371,7,--------------------------------------------,OTHER
R00371,8,Item                     Qty          Amount,OTHER
R00371,9,"Laundry Service            2        1,025.78",ITEM
R00371,10,Breakfast Buffet           1          686.49,ITEM
R00371,11,Laundry Service            3          649.26,ITEM
R00371,12,"Breakfast Buffet           4        2,361.04",ITEM
R00371,13,"Deluxe Room Night          2        7,672.82",ITEM
R00371,14,--------------------------------------------,OTHER
R00371,15,Total Qty: 12,OTHER
R00371,16,"Taxable Value:                     12,395.39",SUBTOTAL
R00371,17,CGST @ 6%:                            743.73,TAX
R00371,18,SGST @ 6%:                            743.72,TAX
R00371,19,Rounding:                               0.16,TAX
R00371,20,"Grand Total:                       13,883.00",TOTAL
R00371,21,--------------------------------------------,OTHER
R00371,22,Goods once sold will not be taken back,FOOTER
R00372,0,Hotel Sunrise Residency,VENDOR
R00372,1,"9 Connaught Place, New Delhi 110001",ADDRESS
R00372,2,Ph: 9811023456,ADDRESS
R00372,3,GSTIN/UIN: 07AACCH9012Q1Z8,GSTIN
R00372,4,GST INVOICE,OTHER
R00372,5,--------------------------------------------,OTHER
R00372,6,Invoice Date: 2025-05-25,DATE
R00372,7,Invoice No: TI-2024-34179,INVOICE
R00372,8,--------------------------------------------,OTHER
R00372,9,Item                     Qty          Amount,OTHER
R00372,10,Breakfast Buffet           1          496.26,ITEM
R00372,11,"Deluxe Room Night          3       14,376.06",ITEM
R00372,12,Laundry Service            2          422.10,ITEM
R00372,13,"Deluxe Room Night          1        6,252.84",ITEM
R00372,14,--------------------------------------------,OTHER
R00372,15,Total Qty: 7,OTHER
R00372,16,"Taxable Amount:                    21,547.26",SUBTOTAL
R00372,17,"CGST @ 6%:                          1,292.84",TAX
R00372,18,"SGST @ 6%:                          1,292.83",TAX
R00372,19,Round Off:                              0.07,TAX
R00372,20,"Total Amount:                     ₹24,133.00",TOTAL
R00372,21,--------------------------------------------,OTHER
R00372,22,Thank you for your business,FOOTER
R00373,0,PARK STREET CAFE,VENDOR
R00373,1,"40 Park Street, Kolkata 700017",ADDRESS
R00373,2,Ph: 9830044332,ADDRESS
R00373,3,GST No.: 19AAFCP7890X1ZW,GSTIN
R00373,4,RETAIL INVOICE,OTHER
R00373,5,--------------------------------------------,OTHER
R00373,6,Dated: 2025-05-24,DATE
R00373,7,Invoice No: RCPT-2024-34166,INVOICE
R00373,8,Table: 10   Covers: 8,OTHER
R00373,9,--------------------------------------------,OTHER
R00373,10,Item                     Qty          Amount,OTHER
R00373,11,Masala Dosa                2          319.28,ITEM
R00373,12,Biryani                    3          847.20,ITEM
R00373,13,Filter Coffee              3          155.91,ITEM
R00373,14,Butter Naan                4          271.32,ITEM
R00373,15,Masala Dosa                1          156.38,ITEM
R00373,16,Veg Thali                  2          518.40,ITEM
R00373,17,--------------------------------------------,OTHER
R00373,18,"Total Before Tax:                   2,268.49",SUBTOTAL
R00373,19,CGST @ 2.5%:                           56.71,TAX
R00373,20,SGST @ 2.5%:                           56.71,TAX
R00373,21,Rounding:                               0.09,TAX
R00373,22,"Amount Payable:                    ₹2,382.00",TOTAL
R00373,23,--------------------------------------------,OTHER
R00373,24,*** CUSTOMER COPY ***,FOOTER
R00373,25,UPI Payment,FOOTER
R00374,0,PARK STREET CAFE,VENDOR
R00374,1,"40 Park Street, Kolkata 700017",ADDRESS
R00374,2,GSTIN/UIN: 19AAFCP7890X1ZW,GSTIN
R00374,3,RETAIL INVOICE,OTHER
R00374,4,--------------------------------------------,OTHER
R00374,5,Invoice No: TI-2025-77959,INVOICE
R00374,6,Date: 21-02-2025,DATE
R00374,7,Table: 10   Covers: 5,OTHER
R00374,8,--------------------------------------------,OTHER
R00374,9,Item                     Qty          Amount,OTHER
R00374,10,Paneer Butter Masala       4          963.60,ITEM
R00374,11,Butter Naan                1           43.96,ITEM
R00374,12,Butter Naan                4          268.36,ITEM
R00374,13,--------------------------------------------,OTHER
R00374,14,Total Qty: 9,OTHER
R00374,15,"Sub Total:                          1,275.92",SUBTOTAL
R00374,16,CGST @ 2.5%:                           31.90,TAX
R00374,17,SGST @ 2.5%:                           31.90,TAX
R00374,18,Rounding:                               0.28,TAX
R00374,19,"Amount Payable:                     1,340.00",TOTAL
R00374,20,--------------------------------------------,OTHER
R00374,21,Subject to local jurisdiction,FOOTER
R00374,22,UPI Payment,FOOTER
R00375,0,Mumbai Print Solutions LLP,VENDOR
R00375,1,"21 Lower Parel, Mumbai 400013",ADDRESS
R00375,2,Ph: 9820077331,ADDRESS
R00375,3,GSTIN/UIN: 27AAFCM4455C1ZM,GSTIN
R00375,4,TAX INVOICE,OTHER
R00375,5,--------------------------------------------,OTHER
R00375,6,Receipt No: TI-2024-30478,INVOICE
R00375,7,Invoice Date: 19-Aug-2025,DATE
R00375,8,--------------------------------------------,OTHER
R00375,9,Item                     Qty          Amount,OTHER
R00375,10,"Poster A2                  3        1,052.73",ITEM
R00375,11,"Brochure Print 100         2        4,197.76",ITEM
R00375,12,"Brochure Print 100         1        1,216.34",ITEM
R00375,13,"Business Cards 500         4        3,250.76",ITEM
R00375,14,--------------------------------------------,OTHER
R00375,15,"Taxable Amount:                     9,717.59",SUBTOTAL
R00375,16,CGST @ 9%:                            874.59,TAX
R00375,17,SGST @ 9%:                            874.58,TAX
R00375,18,Rounding:                               0.24,TAX
R00375,19,"Amount Payable:                    11,467.00",TOTAL
R00375,20,--------------------------------------------,OTHER
R00375,21,Goods once sold will not be taken back,FOOTER
R00376,0,PARK STREET CAFE,VENDOR
R00376,1,"40 Park Street, Kolkata 700017",ADDRESS
R00376,2,Ph: 9830044332,ADDRESS
R00376,3,GSTIN: 19AAFCP7890X1ZW,GSTIN
R00376,4,GST INVOICE,OTHER
R00376,5,--------------------------------------------,OTHER
R00376,6,Inv No: INV-2025-17651,INVOICE
R00376,7,"Invoice Date: Jan 13, 2025",DATE
R00376,8,Table: 17   Covers: 4,OTHER
R00376,9,--------------------------------------------,OTHER
R00376,10,Item                     Qty          Amount,OTHER
R00376,11,Butter Naan                3          186.81,ITEM
R00376,12,Veg Thali                  2          313.34,ITEM
R00376,13,--------------------------------------------,OTHER
R00376,14,Taxable Amount:                       500.15,SUBTOTAL
R00376,15,CGST @ 2.5%:                           12.51,TAX
R00376,16,SGST @ 2.5%:                           12.50,TAX
R00376,17,Round Off:                             -0.16,TAX
R00376,18,Amount Payable:                      ₹525.00,TOTAL
R00376,19,--------------------------------------------,OTHER
R00376,20,*** CUSTOMER COPY ***,FOOTER
R00376,21,Cash Payment,FOOTER
R00377,0,Lucknow Travels Agencies,VENDOR
R00377,1,"3 Hazratganj, Lucknow 226001",ADDRESS
R00377,2,GST No.: 09AAGCL1122Y1ZT,GSTIN
R00377,3,CASH MEMO,OTHER
R00377,4,--------------------------------------------,OTHER
R00377,5,Bill Date: 08/03/2025,DATE
R00377,6,Inv No: TI-2025-82172,INVOICE
R00377,7,--------------------------------------------,OTHER
R00377,8,Item                     Qty          Amount,OTHER
R00377,9,"Airport Transfer           2        3,268.60",ITEM
R00377,10,City Taxi                  1          398.90,ITEM
R00377,11,"Airport Transfer           3        2,821.86",ITEM
R00377,12,"Outstation Cab             4       17,909.68",ITEM
R00377,13,--------------------------------------------,OTHER
R00377,14,"Sub Total:                         24,399.04",SUBTOTAL
R00377,15,CGST @ 2.5%:                          609.98,TAX
R00377,16,SGST @ 2.5%:                          609.97,TAX
R00377,17,Round Off:                              0.01,TAX
R00377,18,"Net Payable:                      ₹25,619.00",TOTAL
R00377,19,--------------------------------------------,OTHER
R00377,20,Goods once sold will not be taken back,FOOTER
R00377,21,Cash Payment,FOOTER
R00378,0,Sharma Traders Pvt Ltd,VENDOR
R00378,1,"14 MG Road, Bengaluru 560001",ADDRESS
R00378,2,Ph: 9845012345,ADDRESS
R00378,3,GST No.: 29AAGCB7383J1Z4,GSTIN
R00378,4,TAX INVOICE,OTHER
R00378,5,--------------------------------------------,OTHER
R00378,6,Invoice No: RCPT-2024-84027,INVOICE
R00378,7,Bill Date: 08-May-2025,DATE
R00378,8,--------------------------------------------,OTHER
R00378,9,Item                     Qty          Amount,OTHER
R00378,10,"A4 Paper Ream              4        1,113.08",ITEM
R00378,11,"A4 Paper Ream              4        1,144.88",ITEM
R00378,12,File Folder                3          157.32,ITEM
R00378,13,Stapler                    2          517.50,ITEM
R00378,14,Marker Pen                 2          110.10,ITEM
R00378,15,--------------------------------------------,OTHER
R00378,16,Total Qty: 15,OTHER
R00378,17,"Total Before Tax:                   3,042.88",SUBTOTAL
R00378,18,CGST @ 9%:                            273.86,TAX
R00378,19,SGST @ 9%:                            273.86,TAX
R00378,20,Rounding:                               0.40,TAX
R00378,21,"Total:                             ₹3,591.00",TOTAL
R00378,22,--------------------------------------------,OTHER
R00378,23,*** CUSTOMER COPY ***,FOOTER
R00378,24,UPI Payment,FOOTER
R00379,0,Mumbai Print Solutions LLP,VENDOR
R00379,1,"21 Lower Parel, Mumbai 400013",ADDRESS
R00379,2,Ph: 9820077331,ADDRESS
R00379,3,GST Reg No: 27AAFCM4455C1ZM,GSTIN
R00379,4,TAX INVOICE,OTHER
R00379,5,--------------------------------------------,OTHER
R00379,6,Invoice No: BILL-2024-91317,INVOICE
R00379,7,"Dated: Mar 10, 2025",DATE
R00379,8,--------------------------------------------,OTHER
R00379,9,Item                     Qty          Amount,OTHER
R00379,10,"Brochure Print 100         1        3,068.11",ITEM
R00379,11,"Poster A2                  4        1,110.00",ITEM
R00379,12,"Brochure Print 100         4       11,559.36",ITEM
R00379,13,"Business Cards 500         4        3,751.28",ITEM
R00379,14,--------------------------------------------,OTHER
R00379,15,"Taxable Value:                     19,488.75",SUBTOTAL
R00379,16,"CGST @ 9%:                          1,753.99",TAX
R00379,17,"SGST @ 9%:                          1,753.99",TAX
R00379,18,Rounding:                               0.27,TAX
R00379,19,"Net Payable:                      ₹22,997.00",TOTAL
R00379,20,--------------------------------------------,OTHER
R00379,21,Thank you for your business,FOOTER
R00379,22,Card Payment,FOOTER
R00380,0,GANGA DEPARTMENTAL STORE,VENDOR
R00380,1,"17 Mall Road, Kanpur 208001",ADDRESS
R00380,2,Ph: 9839066554,ADDRESS
R00380,3,GSTIN/UIN: 09AABCG5566Z1ZD,GSTIN
R00380,4,RETAIL INVOICE,OTHER
R00380,5,--------------------------------------------,OTHER
R00380,6,"Dated: Apr 29, 2025",DATE
R00380,7,Invoice Number: TI-2024-35790,INVOICE
R00380,8,--------------------------------------------,OTHER
R00380,9,Item                     Qty          Amount,OTHER
R00380,10,Sunflower Oil 1L           1          165.51,ITEM
R00380,11,Toor Dal 1kg               2          326.98,ITEM
R00380,12,--------------------------------------------,OTHER
R00380,13,Total Qty: 3,OTHER
R00380,14,Sub Total:                            492.49,SUBTOTAL
R00380,15,CGST @ 2.5%:                           12.31,TAX
R00380,16,SGST @ 2.5%:                           12.31,TAX
R00380,17,Round Off Adj:                         -0.11,TAX
R00380,18,Net Payable:                          517.00,TOTAL
R00380,19,--------------------------------------------,OTHER
R00380,20,Thank you for your business,FOOTER
R00381,0,Gujarat Enterprises,VENDOR
R00381,1,"7 CG Road, Ahmedabad 380009",ADDRESS
R00381,2,GST No.: 24AABCG2244U1ZA,GSTIN
R00381,3,TAX INVOICE,OTHER
R00381,4,--------------------------------------------,OTHER
R00381,5,Inv No: INV-2024-04286,INVOICE
R00381,6,"Invoice Date: Apr 28, 2025",DATE
R00381,7,--------------------------------------------,OTHER
R00381,8,Item                     Qty          Amount,OTHER
R00381,9,"Extension Board            4        1,081.64",ITEM
R00381,10,"Keyboard                   4        2,097.80",ITEM
R00381,11,HDMI Cable 2m              2          362.04,ITEM
R00381,12,--------------------------------------------,OTHER
R00381,13,Total Qty: 10,OTHER
R00381,14,"Taxable Amount:                     3,541.48",SUBTOTAL
R00381,15,IGST @ 18%:                           637.47,TAX
R00381,16,Round Off:                              0.05,TAX
R00381,17,"Total Amount:                      ₹4,179.00",TOTAL
R00381,18,--------------------------------------------,OTHER
R00381,19,THANK YOU VISIT AGAIN,FOOTER
R00381,20,UPI Payment,FOOTER
R00382,0,GANGA DEPARTMENTAL STORE,VENDOR
R00382,1,"17 Mall Road, Kanpur 208001",ADDRESS
R00382,2,Ph: 9839066554,ADDRESS
R00382,3,GST No.: 09AABCG5566Z1ZD,GSTIN
R00382,4,RETAIL INVOICE,OTHER
R00382,5,--------------------------------------------,OTHER
R00382,6,Dated: 17-Jun-2025,DATE
R00382,7,Receipt No: RCPT-2024-71207,INVOICE
R00382,8,--------------------------------------------,OTHER
R00382,9,Item                     Qty          Amount,OTHER
R00382,10,"Basmati Rice 5kg           4        2,866.28",ITEM
R00382,11,Milk 1L                    3          184.14,ITEM
R00382,12,Milk 1L                    2          121.60,ITEM
R00382,13,Atta 5kg                   2          563.96,ITEM
R00382,14,"Basmati Rice 5kg           3        1,664.04",ITEM
R00382,15,--------------------------------------------,OTHER
R00382,16,"Sub Total:                          5,400.02",SUBTOTAL
R00382,17,CGST @ 2.5%:                          135.00,TAX
R00382,18,SGST @ 2.5%:                          135.00,TAX
R00382,19,Round Off Adj:                         -0.02,TAX
R00382,20,"Total:                              5,670.00",TOTAL
R00382,21,--------------------------------------------,OTHER
R00382,22,Goods once sold will not be taken back,FOOTER
R00382,23,UPI Payment,FOOTER
R00383,0,APOLLO PHARMACY OUTLET,VENDOR
R00383,1,"Rajiv Gandhi Salai, Chennai 600028",ADDRESS
R00383,2,Ph: 9840099887,ADDRESS
R00383,3,GST Reg No: 33AAACA6677D1ZW,GSTIN
R00383,4,RETAIL INVOICE,OTHER
R00383,5,--------------------------------------------,OTHER
R00383,6,Date: 30-03-2025,DATE
R00383,7,Bill No: INV-2025-38040,INVOICE
R00383,8,--------------------------------------------,OTHER
R00383,9,Item                     Qty          Amount,OTHER
R00383,10,Vitamin D3                 3          533.94,ITEM
R00383,11,Vitamin D3                 3          924.30,ITEM
R00383,12,"Digital Thermometer        4        1,056.44",ITEM
R00383,13,--------------------------------------------,OTHER
R00383,14,Total Qty: 10,OTHER
R00383,15,"Subtotal:                           2,514.68",SUBTOTAL
R00383,16,CGST @ 6%:                            150.88,TAX
R00383,17,SGST @ 6%:                            150.88,TAX
R00383,18,Round Off:                             -0.44,TAX
R00383,19,"Grand Total:                        2,816.00",TOTAL
R00383,20,--------------------------------------------,OTHER
R00383,21,Subject to local jurisdiction,FOOTER
R00384,0,Mumbai Print Solutions LLP,VENDOR
R00384,1,"21 Lower Parel, Mumbai 400013",ADDRESS
R00384,2,Ph: 9820077331,ADDRESS
R00384,3,GST Reg No: 27AAFCM4455C1ZM,GSTIN
R00384,4,TAX INVOICE,OTHER
R00384,5,--------------------------------------------,OTHER
R00384,6,"Bill Date: Aug 08, 2025",DATE
R00384,7,Inv No: INV-2025-98951,INVOICE
R00384,8,--------------------------------------------,OTHER
R00384,9,Item                     Qty          Amount,OTHER
R00384,10,Business Cards 500         1          906.54,ITEM
R00384,11,Poster A2                  1          312.56,ITEM
R00384,12,"Business Cards 500         3        2,001.51",ITEM
R00384,13,"Brochure Print 100         1        1,666.54",ITEM
R00384,14,"Business Cards 500         2        1,323.14",ITEM
R00384,15,Poster A2                  2          834.18,ITEM
R00384,16,--------------------------------------------,OTHER
R00384,17,"Subtotal:                           7,044.47",SUBTOTAL
R00384,18,CGST @ 9%:                            634.00,TAX
R00384,19,SGST @ 9%:                            634.00,TAX
R00384,20,Rounding:                              -0.47,TAX
R00384,21,"Grand Total:                        8,312.00",TOTAL
R00384,22,--------------------------------------------,OTHER
R00384,23,Thank you for your business,FOOTER
R00385,0,GANGA DEPARTMENTAL STORE,VENDOR
R00385,1,"17 Mall Road, Kanpur 208001",ADDRESS
R00385,2,GSTIN/UIN: 09AABCG5566Z1ZD,GSTIN
R00385,3,TAX INVOICE,OTHER
R00385,4,--------------------------------------------,OTHER
R00385,5,"Bill Date: May 01, 2025",DATE
R00385,6,Invoice Number: TI-2025-75339,INVOICE
R00385,7,--------------------------------------------,OTHER
R00385,8,Item                     Qty          Amount,OTHER
R00385,9,Sugar 1kg                  2           91.04,ITEM
R00385,10,"Basmati Rice 5kg           3        1,341.63",ITEM
R00385,11,"Basmati Rice 5kg           4        2,102.60",ITEM
R00385,12,Toor Dal 1kg               2          294.60,ITEM
R00385,13,Sugar 1kg                  4          238.64,ITEM
R00385,14,--------------------------------------------,OTHER
R00385,15,Total Qty: 15,OTHER
R00385,16,"Taxable Value:                      4,068.51",SUBTOTAL
R00385,17,CGST @ 2.5%:                          101.72,TAX
R00385,18,SGST @ 2.5%:                          101.71,TAX
R00385,19,Round Off:                              0.06,TAX
R00385,20,"Total Amount:                      ₹4,272.00",TOTAL
R00385,21,--------------------------------------------,OTHER
R00385,22,Thank you for your business,FOOTER
R00386,0,Lucknow Travels Agencies,VENDOR
R00386,1,"3 Hazratganj, Lucknow 226001",ADDRESS
R00386,2,Ph: 9839011223,ADDRESS
R00386,3,GST No.: 09AAGCL1122Y1ZT,GSTIN
R00386,4,CASH MEMO,OTHER
R00386,5,--------------------------------------------,OTHER
R00386,6,Invoice Number: RCPT-2024-83689,INVOICE
R00386,7,Dated: 17.05.2025,DATE
R00386,8,--------------------------------------------,OTHER
R00386,9,Item                     Qty          Amount,OTHER
R00386,10,"Airport Transfer           1        1,475.68",ITEM
R00386,11,City Taxi                  2          671.14,ITEM
R00386,12,--------------------------------------------,OTHER
R00386,13,"Total Before Tax:                   2,146.82",SUBTOTAL
R00386,14,CGST @ 2.5%:                           53.67,TAX
R00386,15,SGST @ 2.5%:                           53.67,TAX
R00386,16,Round Off Adj:                         -0.16,TAX
R00386,17,"Total:                              2,254.00",TOTAL
R00386,18,--------------------------------------------,OTHER
R00386,19,*** CUSTOMER COPY ***,FOOTER
R00387,0,ANNAPURNA RESTAURANT,VENDOR
R00387,1,"22 Koramangala 5th Blk, Bengaluru 560034",ADDRESS
R00387,2,Ph: 9845112233,ADDRESS
R00387,3,GST Reg No: 29AABCA1234M1ZQ,GSTIN
R00387,4,RETAIL INVOICE,OTHER
R00387,5,--------------------------------------------,OTHER
R00387,6,Date: 28-Aug-2025,DATE
R00387,7,Invoice No: BILL-2024-44498,INVOICE
R00387,8,Table: 5   Covers: 4,OTHER
R00387,9,--------------------------------------------,OTHER
R00387,10,Item                     Qty          Amount,OTHER
R00387,11,Butter Naan                1           67.63,ITEM
R00387,12,Veg Thali                  4          610.44,ITEM
R00387,13,Biryani                    4          921.32,ITEM
R00387,14,Masala Dosa                4          570.88,ITEM
R00387,15,--------------------------------------------,OTHER
R00387,16,"Total Before Tax:                   2,170.27",SUBTOTAL
R00387,17,CGST @ 2.5%:                           54.26,TAX
R00387,18,SGST @ 2.5%:                           54.25,TAX
R00387,19,Round Off Adj:                          0.22,TAX
R00387,20,"Bill Total:                         2,279.00",TOTAL
R00387,21,--------------------------------------------,OTHER
R00387,22,Subject to local jurisdiction,FOOTER
R00387,23,UPI Payment,FOOTER
R00388,0,RELIANCE FRESH SUPERMARKET,VENDOR
R00388,1,"Shop 4 Kurla West, Mumbai 400070",ADDRESS
R00388,2,Ph: 9820044556,ADDRESS
R00388,3,GSTIN: 27AAACR5055K1Z7,GSTIN
R00388,4,CASH MEMO,OTHER
R00388,5,--------------------------------------------,OTHER
R00388,6,Bill Date: 2025-08-31,DATE
R00388,7,Cash Memo No: RCPT-2024-43566,INVOICE
R00388,8,--------------------------------------------,OTHER
R00388,9,Item                     Qty          Amount,OTHER
R00388,10,Basmati Rice 5kg           2          935.06,ITEM
R00388,11,"Basmati Rice 5kg           4        2,105.72",ITEM
R00388,12,Sugar 1kg                  1           42.06,ITEM
R00388,13,Atta 5kg                   2          490.86,ITEM
R00388,14,Sunflower Oil 1L           4          611.68,ITEM
R00388,15,--------------------------------------------,OTHER
R00388,16,Total Qty: 13,OTHER
R00388,17,"Total Before Tax:                   4,185.38",SUBTOTAL
R00388,18,CGST @ 2.5%:                          104.64,TAX
R00388,19,SGST @ 2.5%:                          104.63,TAX
R00388,20,Round Off:                              0.35,TAX
R00388,21,"Total Amount:                      ₹4,395.00",TOTAL
R00388,22,--------------------------------------------,OTHER
R00388,23,Subject to local jurisdiction,FOOTER
R00388,24,Card Payment,FOOTER
R00389,0,HYDERABAD BIRYANI HOUSE,VENDOR
R00389,1,"5 Gachibowli, Hyderabad 500081",ADDRESS
R00389,2,GSTIN/UIN: 36AADCH4567S1ZS,GSTIN
R00389,3,TAX INVOICE,OTHER
R00389,4,--------------------------------------------,OTHER
R00389,5,"Date of Supply: Aug 01, 2025",DATE
R00389,6,Invoice Number: TI-2025-45102,INVOICE
R00389,7,Table: 13   Covers: 1,OTHER
R00389,8,--------------------------------------------,OTHER
R00389,9,Item                     Qty          Amount,OTHER
R00389,10,Veg Thali                  4          728.00,ITEM
R00389,11,Biryani                    4          733.16,ITEM
R00389,12,Filter Coffee              2           62.70,ITEM
R00389,13,Filter Coffee              1           34.08,ITEM
R00389,14,Butter Naan                2           89.68,ITEM
R00389,15,Butter Naan                3          216.75,ITEM
R00389,16,--------------------------------------------,OTHER
R00389,17,"Subtotal:                           1,864.37",SUBTOTAL
R00389,18,IGST @ 5%:                             93.22,TAX
R00389,19,Rounding:                               0.41,TAX
R00389,20,"Grand Total:                       ₹1,958.00",TOTAL
R00389,21,--------------------------------------------,OTHER
R00389,22,Goods once sold will not be taken back,FOOTER
R00390,0,Hotel Sunrise Residency,VENDOR
R00390,1,"9 Connaught Place, New Delhi 110001",ADDRESS
R00390,2,GST Reg No: 07AACCH9012Q1Z8,GSTIN
R00390,3,TAX INVOICE,OTHER
R00390,4,--------------------------------------------,OTHER
R00390,5,Inv No: INV-2024-14890,INVOICE
R00390,6,Invoice Date: 12/07/2025,DATE
R00390,7,--------------------------------------------,OTHER
R00390,8,Item                     Qty          Amount,OTHER
R00390,9,"Deluxe Room Night          3       17,235.60",ITEM
R00390,10,Laundry Service            4          950.40,ITEM
R00390,11,"Breakfast Buffet           3        2,529.15",ITEM
R00390,12,Breakfast Buffet           1          460.32,ITEM
R00390,13,--------------------------------------------,OTHER
R00390,14,Total Qty: 11,OTHER
R00390,15,"Total Before Tax:                  21,175.47",SUBTOTAL
R00390,16,"CGST @ 6%:                          1,270.53",TAX
R00390,17,"SGST @ 6%:                          1,270.53",TAX
R00390,18,Rounding:                               0.47,TAX
R00390,19,"Bill Total:                       ₹23,717.00",TOTAL
R00390,20,--------------------------------------------,OTHER
R00390,21,Subject to local jurisdiction,FOOTER
R00391,0,GANGA DEPARTMENTAL STORE,VENDOR
R00391,1,"17 Mall Road, Kanpur 208001",ADDRESS
R00391,2,Ph: 9839066554,ADDRESS
R00391,3,GST No.: 09AABCG5566Z1ZD,GSTIN
R00391,4,RETAIL INVOICE,OTHER
R00391,5,--------------------------------------------,OTHER
R00391,6,Bill Date: 27-Mar-2025,DATE
R00391,7,Receipt No: INV-2025-97572,INVOICE
R00391,8,--------------------------------------------,OTHER
R00391,9,Item                     Qty          Amount,OTHER
R00391,10,Milk 1L                    3          177.69,ITEM
R00391,11,"Basmati Rice 5kg           2        1,086.38",ITEM
R00391,12,Milk 1L                    3          188.13,ITEM
R00391,13,Atta 5kg                   2          445.68,ITEM
R00391,14,--------------------------------------------,OTHER
R00391,15,Total Qty: 10,OTHER
R00391,16,"Sub Total:                          1,897.88",SUBTOTAL
R00391,17,CGST @ 2.5%:                           47.45,TAX
R00391,18,SGST @ 2.5%:                           47.44,TAX
R00391,19,Round Off Adj:                          0.23,TAX
R00391,20,"Bill Total:                        ₹1,993.00",TOTAL
R00391,21,--------------------------------------------,OTHER
R00391,22,Thank you for your business,FOOTER
R00391,23,UPI Payment,FOOTER
R00392,0,HYDERABAD BIRYANI HOUSE,VENDOR
R00392,1,"5 Gachibowli, Hyderabad 500081",ADDRESS
R00392,2,Ph: 9848012345,ADDRESS
R00392,3,GSTIN: 36AADCH4567S1ZS,GSTIN
R00392,4,CASH MEMO,OTHER
R00392,5,--------------------------------------------,OTHER
R00392,6,Invoice Number: RCPT-2025-52430,INVOICE
R00392,7,Date: 2025-02-17,DATE
R00392,8,--------------------------------------------,OTHER
R00392,9,Item                     Qty          Amount,OTHER
R00392,10,Veg Thali                  3          455.64,ITEM
R00392,11,Butter Naan                2          132.44,ITEM
R00392,12,"Paneer Butter Masala       4        1,208.32",ITEM
R00392,13,Paneer Butter Masala       2          365.74,ITEM
R00392,14,Biryani                    1          283.14,ITEM
R00392,15,--------------------------------------------,OTHER
R00392,16,"Taxable Value:                      2,445.28",SUBTOTAL
R00392,17,CGST @ 2.5%:                           61.13,TAX
R00392,18,SGST @ 2.5%:                           61.13,TAX
R00392,19,Rounding:                               0.46,TAX
R00392,20,"Grand Total:                        2,568.00",TOTAL
R00392,21,--------------------------------------------,OTHER
R00392,22,Thank you for your business,FOOTER
R00392,23,Cash Payment,FOOTER
R00393,0,PARK STREET CAFE,VENDOR
R00393,1,"40 Park Street, Kolkata 700017",ADDRESS
R00393,2,Ph: 9830044332,ADDRESS
R00393,3,GSTIN: 19AAFCP7890X1ZW,GSTIN
R00393,4,TAX INVOICE,OTHER
R00393,5,--------------------------------------------,OTHER
R00393,6,Invoice Date: 18.07.2025,DATE
R00393,7,Invoice Number: INV-2025-18021,INVOICE
R00393,8,Table: 2   Covers: 1,OTHER
R00393,9,--------------------------------------------,OTHER
R00393,10,Item                     Qty          Amount,OTHER
R00393,11,Butter Naan                4          191.64,ITEM
R00393,12,Masala Dosa                2          262.70,ITEM
R00393,13,Paneer Butter Masala       4          982.96,ITEM
R00393,14,Paneer Butter Masala       2          605.24,ITEM
R00393,15,Paneer Butter Masala       1          297.54,ITEM
R00393,16,Butter Naan                2          149.68,ITEM
R00393,17,--------------------------------------------,OTHER
R00393,18,Total Qty: 15,OTHER
R00393,19,"Total Before Tax:                   2,489.76",SUBTOTAL
R00393,20,CGST @ 2.5%:                           62.25,TAX
R00393,21,SGST @ 2.5%:                           62.24,TAX
R00393,22,Rounding:                              -0.25,TAX
R00393,23,"Bill Total:                        ₹2,614.00",TOTAL
R00393,24,--------------------------------------------,OTHER
R00393,25,Thank you for your business,FOOTER
R00393,26,Card Payment,FOOTER
R00394,0,Gujarat Enterprises,VENDOR
R00394,1,"7 CG Road, Ahmedabad 380009",ADDRESS
R00394,2,GST Reg No: 24AABCG2244U1ZA,GSTIN
R00394,3,GST INVOICE,OTHER
R00394,4,--------------------------------------------,OTHER
R00394,5,Invoice No: BILL-2024-14092,INVOICE
R00394,6,Invoice Date: 29-01-2025,DATE
R00394,7,--------------------------------------------,OTHER
R00394,8,Item                     Qty          Amount,OTHER
R00394,9,"Extension Board            4        1,485.20",ITEM
R00394,10,Extension Board            1          432.46,ITEM
R00394,11,"HDMI Cable 2m              4        1,803.36",ITEM
R00394,12,--------------------------------------------,OTHER
R00394,13,Total Qty: 9,OTHER
R00394,14,"Sub Total:                          3,721.02",SUBTOTAL
R00394,15,CGST @ 9%:                            334.89,TAX
R00394,16,SGST @ 9%:                            334.89,TAX
R00394,17,Round Off:                              0.20,TAX
R00394,18,"Grand Total:                       ₹4,391.00",TOTAL
R00394,19,--------------------------------------------,OTHER
R00394,20,THANK YOU VISIT AGAIN,FOOTER
R00394,21,UPI Payment,FOOTER
R00395,0,BENGAL BOOK DEPOT,VENDOR
R00395,1,"6 Park Street, Kolkata 700016",ADDRESS
R00395,2,Ph: 9830011234,ADDRESS
R00395,3,GSTIN: 19AACCB3456W1ZT,GSTIN
R00395,4,TAX INVOICE,OTHER
R00395,5,--------------------------------------------,OTHER
R00395,6,Bill No: BILL-2025-01583,INVOICE
R00395,7,"Bill Date: Jul 22, 2025",DATE
R00395,8,--------------------------------------------,OTHER
R00395,9,Item                     Qty          Amount,OTHER
R00395,10,"Printer Ink                2        1,894.34",ITEM
R00395,11,"A4 Paper Ream              4        1,041.48",ITEM
R00395,12,Notebook 200pg             2          235.70,ITEM
R00395,13,Marker Pen                 4          226.96,ITEM
R00395,14,--------------------------------------------,OTHER
R00395,15,"Total Before Tax:                   3,398.48",SUBTOTAL
R00395,16,CGST @ 9%:                            305.87,TAX
R00395,17,SGST @ 9%:                            305.86,TAX
R00395,18,Round Off:                             -0.21,TAX
R00395,19,"Total:                             ₹4,010.00",TOTAL
R00395,20,--------------------------------------------,OTHER
R00395,21,Subject to local jurisdiction,FOOTER
R00395,22,UPI Payment,FOOTER
R00396,0,CAFE COFFEE JUNCTION,VENDOR
R00396,1,"8 Indiranagar, Bengaluru 560095",ADDRESS
R00396,2,Ph: 9845033445,ADDRESS
R00396,3,GST No.: 29AAECC2233B1Z7,GSTIN
R00396,4,CASH MEMO,OTHER
R00396,5,--------------------------------------------,OTHER
R00396,6,Inv No: TI-2025-52826,INVOICE
R00396,7,Date: 19-Jun-2025,DATE
R00396,8,Table: 17   Covers: 4,OTHER
R00396,9,--------------------------------------------,OTHER
R00396,10,Item                     Qty          Amount,OTHER
R00396,11,Masala Dosa                4          410.40,ITEM
R00396,12,Paneer Butter Masala       2          427.94,ITEM
R00396,13,Paneer Butter Masala       1          326.00,ITEM
R00396,14,Filter Coffee              1           42.82,ITEM
R00396,15,Masala Dosa                1           91.61,ITEM
R00396,16,--------------------------------------------,OTHER
R00396,17,Total Qty: 9,OTHER
R00396,18,"Taxable Value:                      1,298.77",SUBTOTAL
R00396,19,CGST @ 2.5%:                           32.47,TAX
R00396,20,SGST @ 2.5%:                           32.47,TAX
R00396,21,Rounding:                               0.29,TAX
R00396,22,"Bill Total:                        ₹1,364.00",TOTAL
R00396,23,--------------------------------------------,OTHER
R00396,24,Goods once sold will not be taken back,FOOTER
R00397,0,Lucknow Travels Agencies,VENDOR
R00397,1,"3 Hazratganj, Lucknow 226001",ADDRESS
R00397,2,Ph: 9839011223,ADDRESS
R00397,3,GST Reg No: 09AAGCL1122Y1ZT,GSTIN
R00397,4,GST INVOICE,OTHER
R00397,5,--------------------------------------------,OTHER
R00397,6,Inv No: BILL-2025-19425,INVOICE
R00397,7,Invoice Date: 20-04-2025,DATE
R00397,8,--------------------------------------------,OTHER
R00397,9,Item                     Qty          Amount,OTHER
R00397,10,"Outstation Cab             1        4,725.14",ITEM
R00397,11,City Taxi                  1          548.55,ITEM
R00397,12,"Airport Transfer           3        3,313.44",ITEM
R00397,13,"City Taxi                  3        1,185.96",ITEM
R00397,14,--------------------------------------------,OTHER
R00397,15,Total Qty: 8,OTHER
R00397,16,"Taxable Value:                      9,773.09",SUBTOTAL
R00397,17,CGST @ 2.5%:                          244.33,TAX
R00397,18,SGST @ 2.5%:                          244.32,TAX
R00397,19,Rounding:                               0.26,TAX
R00397,20,"Total Amount:                     ₹10,262.00",TOTAL
R00397,21,--------------------------------------------,OTHER
R00397,22,Goods once sold will not be taken back,FOOTER
R00397,23,Card Payment,FOOTER
R00398,0,PATEL STORES,VENDOR
R00398,1,"31 Adajan, Surat 395007",ADDRESS
R00398,2,Ph: 9825099001,ADDRESS
R00398,3,GSTIN: 24AAHCP6677V1Z8,GSTIN
R00398,4,RETAIL INVOICE,OTHER
R00398,5,--------------------------------------------,OTHER
R00398,6,Invoice Date: 18-Jul-2025,DATE
R00398,7,Receipt No: TI-2024-99853,INVOICE
R00398,8,--------------------------------------------,OTHER
R00398,9,Item                     Qty          Amount,OTHER
R00398,10,Sugar 1kg                  4          228.88,ITEM
R00398,11,Toor Dal 1kg               3          427.38,ITEM
R00398,12,Sunflower Oil 1L           2          308.82,ITEM
R00398,13,Sugar 1kg                  2           91.22,ITEM
R00398,14,--------------------------------------------,OTHER
R00398,15,Total Qty: 11,OTHER
R00398,16,"Taxable Amount:                     1,056.30",SUBTOTAL
R00398,17,CGST @ 2.5%:                           26.41,TAX
R00398,18,SGST @ 2.5%:                           26.41,TAX
R00398,19,Round Off Adj:                         -0.12,TAX
R00398,20,"Net Payable:                       ₹1,109.00",TOTAL
R00398,21,--------------------------------------------,OTHER
R00398,22,Thank you for your business,FOOTER
R00399,0,PATEL STORES,VENDOR
R00399,1,"31 Adajan, Surat 395007",ADDRESS
R00399,2,Ph: 9825099001,ADDRESS
R00399,3,GSTIN/UIN: 24AAHCP6677V1Z8,GSTIN
R00399,4,RETAIL INVOICE,OTHER
R00399,5,--------------------------------------------,OTHER
R00399,6,Invoice Date: 15.02.2025,DATE
R00399,7,Invoice Number: BILL-2025-67504,INVOICE
R00399,8,--------------------------------------------,OTHER
R00399,9,Item                     Qty          Amount,OTHER
R00399,10,Toor Dal 1kg               3          457.35,ITEM
R00399,11,Milk 1L                    3          188.10,ITEM
R00399,12,Atta 5kg                   3          842.13,ITEM
R00399,13,Toor Dal 1kg               1          136.20,ITEM
R00399,14,"Basmati Rice 5kg           3        2,054.10",ITEM
R00399,15,--------------------------------------------,OTHER
R00399,16,"Taxable Value:                      3,677.88",SUBTOTAL
R00399,17,CGST @ 2.5%:                           91.95,TAX
R00399,18,SGST @ 2.5%:                           91.94,TAX
R00399,19,Rounding:                               0.23,TAX
R00399,20,"Total Amount:                       3,862.00",TOTAL
R00399,21,--------------------------------------------,OTHER
R00399,22,THANK YOU VISIT AGAIN,FOOTER
R00399,23,Cash Payment,FOOTER
R00400,0,Hotel Sunrise Residency,VENDOR
R00400,1,"9 Connaught Place, New Delhi 110001",ADDRESS
R00400,2,Ph: 9811023456,ADDRESS
R00400,3,GSTIN/UIN: 07AACCH9012Q1Z8,GSTIN
R00400,4,RETAIL INVOICE,OTHER
R00400,5,--------------------------------------------,OTHER
R00400,6,Inv No: TI-2025-23940,INVOICE
R00400,7,"Invoice Date: Feb 14, 2025",DATE
R00400,8,--------------------------------------------,OTHER
R00400,9,Item                     Qty          Amount,OTHER
R00400,10,"Breakfast Buffet           3        1,549.20",ITEM
R00400,11,"Deluxe Room Night          4       11,516.04",ITEM
R00400,12,"Laundry Service            3        1,381.59",ITEM
R00400,13,"Laundry Service            4        1,669.00",ITEM
R00400,14,Laundry Service            1          301.98,ITEM
R00400,15,"Laundry Service            4        1,137.72",ITEM
R00400,16,--------------------------------------------,OTHER
R00400,17,"Taxable Value:                     17,555.53",SUBTOTAL
R00400,18,"CGST @ 6%:                          1,053.33",TAX
R00400,19,"SGST @ 6%:                          1,053.33",TAX
R00400,20,Rounding:                              -0.19,TAX
R00400,21,"Total Amount:                     ₹19,662.00",TOTAL
R00400,22,--------------------------------------------,OTHER
R00400,23,Goods once sold will not be taken back,FOOTER
R00400,24,Cash Payment,FOOTER
R00401,0,Gujarat Enterprises,VENDOR
R00401,1,"7 CG Road, Ahmedabad 380009",ADDRESS
R00401,2,Ph: 9825011234,ADDRESS
R00401,3,GST Reg No: 24AABCG2244U1ZA,GSTIN
R00401,4,CASH MEMO,OTHER
R00401,5,--------------------------------------------,OTHER
R00401,6,Invoice Number: INV-2024-28042,INVOICE
R00401,7,Bill Date: 02/02/2025,DATE
R00401,8,--------------------------------------------,OTHER
R00401,9,Item                     Qty          Amount,OTHER
R00401,10,"HDMI Cable 2m              3        1,289.79",ITEM
R00401,11,"Extension Board            3        1,620.48",ITEM
R00401,12,USB Hub                    1          766.82,ITEM
R00401,13,"Keyboard                   1        1,176.60",ITEM
R00401,14,HDMI Cable 2m              1          417.64,ITEM
R00401,15,"Extension Board            4        1,213.92",ITEM
R00401,16,--------------------------------------------,OTHER
R00401,17,"Sub Total:                          6,485.25",SUBTOTAL
R00401,18,CGST @ 9%:                            583.68,TAX
R00401,19,SGST @ 9%:                            583.67,TAX
R00401,20,Round Off Adj:                          0.40,TAX
R00401,21,"Net Payable:                       ₹7,653.00",TOTAL
R00401,22,--------------------------------------------,OTHER
R00401,23,Subject to local jurisdiction,FOOTER
R00401,24,Cash Payment,FOOTER
R00402,0,GANGA DEPARTMENTAL STORE,VENDOR
R00402,1,"17 Mall Road, Kanpur 208001",ADDRESS
R00402,2,Ph: 9839066554,ADDRESS
R00402,3,GST Reg No: 09AABCG5566Z1ZD,GSTIN
R00402,4,GST INVOICE,OTHER
R00402,5,--------------------------------------------,OTHER
R00402,6,Inv No: TI-2024-10630,INVOICE
R00402,7,Date of Supply: 11-Jul-2025,DATE
R00402,8,--------------------------------------------,OTHER
R00402,9,Item                     Qty          Amount,OTHER
R00402,10,Milk 1L                    3          198.63,ITEM
R00402,11,Toor Dal 1kg               4          596.40,ITEM
R00402,12,Milk 1L                    3          163.59,ITEM
R00402,13,"Basmati Rice 5kg           3        1,494.30",ITEM
R00402,14,"Basmati Rice 5kg           3        1,857.60",ITEM
R00402,15,--------------------------------------------,OTHER
R00402,16,"Total Before Tax:                   4,310.52",SUBTOTAL
R00402,17,CGST @ 2.5%:                          107.77,TAX
R00402,18,SGST @ 2.5%:                          107.76,TAX
R00402,19,Round Off:                             -0.05,TAX
R00402,20,"Total:                             ₹4,526.00",TOTAL
R00402,21,--------------------------------------------,OTHER
R00402,22,Subject to local jurisdiction,FOOTER
R00402,23,UPI Payment,FOOTER
R00403,0,Deccan Office Supplies,VENDOR
R00403,1,"12 Madhapur, Hyderabad 500032",ADDRESS
R00403,2,Ph: 9848077665,ADDRESS
R00403,3,GSTIN/UIN: 36AAGCD8899T1Z8,GSTIN
R00403,4,CASH MEMO,OTHER
R00403,5,--------------------------------------------,OTHER
R00403,6,Receipt No: RCPT-2025-24175,INVOICE
R00403,7,Date: 25-07-2025,DATE
R00403,8,--------------------------------------------,OTHER
R00403,9,Item                     Qty          Amount,OTHER
R00403,10,Notebook 200pg             3          238.26,ITEM
R00403,11,Notebook 200pg             1           62.16,ITEM
R00403,12,Stapler                    3          383.64,ITEM
R00403,13,File Folder                4          226.56,ITEM
R00403,14,Notebook 200pg             4          484.56,ITEM
R00403,15,"Printer Ink                3        2,347.32",ITEM
R00403,16,--------------------------------------------,OTHER
R00403,17,"Sub Total:                          3,742.50",SUBTOTAL
R00403,18,CGST @ 9%:                            336.83,TAX
R00403,19,SGST @ 9%:                            336.82,TAX
R00403,20,Round Off Adj:                         -0.15,TAX
R00403,21,"Grand Total:                        4,416.00",TOTAL
R00403,22,--------------------------------------------,OTHER
R00403,23,*** CUSTOMER COPY ***,FOOTER
R00404,0,Gujarat Enterprises,VENDOR
R00404,1,"7 CG Road, Ahmedabad 380009",ADDRESS
R00404,2,GSTIN: 24AABCG2244U1ZA,GSTIN
R00404,3,TAX INVOICE,OTHER
R00404,4,--------------------------------------------,OTHER
R00404,5,Cash Memo No: BILL-2025-05165,INVOICE
R00404,6,"Bill Date: May 02, 2025",DATE
R00404,7,--------------------------------------------,OTHER
R00404,8,Item                     Qty          Amount,OTHER
R00404,9,Extension Board            2          670.26,ITEM
R00404,10,"USB Hub                    2        1,216.20",ITEM
R00404,11,"Extension Board            4        1,537.16",ITEM
R00404,12,"Keyboard                   3        4,750.59",ITEM
R00404,13,"USB Hub                    4        2,556.28",ITEM
R00404,14,--------------------------------------------,OTHER
R00404,15,"Taxable Amount:                    10,730.49",SUBTOTAL
R00404,16,"IGST @ 18%:                         1,931.49",TAX
R00404,17,Rounding:                               0.02,TAX
R00404,18,"Amount Payable:                   ₹12,662.00",TOTAL
R00404,19,--------------------------------------------,OTHER
R00404,20,Goods once sold will not be taken back,FOOTER
R00404,21,UPI Payment,FOOTER
R00405,0,Lucknow Travels Agencies,VENDOR
R00405,1,"3 Hazratganj, Lucknow 226001",ADDRESS
R00405,2,Ph: 9839011223,ADDRESS
R00405,3,GSTIN: 09AAGCL1122Y1ZT,GSTIN
R00405,4,GST INVOICE,OTHER
R00405,5,--------------------------------------------,OTHER
R00405,6,Invoice Date: 24/04/2025,DATE
R00405,7,Bill No: BILL-2025-08175,INVOICE
R00405,8,--------------------------------------------,OTHER
R00405,9,Item                     Qty          Amount,OTHER
R00405,10,Airport Transfer           1          953.69,ITEM
R00405,11,City Taxi                  1          383.13,ITEM
R00405,12,"Outstation Cab             1        2,873.09",ITEM
R00405,13,"Outstation Cab             2        8,525.44",ITEM
R00405,14,--------------------------------------------,OTHER
R00405,15,"Subtotal:                          12,735.35",SUBTOTAL
R00405,16,CGST @ 2.5%:                          318.39,TAX
R00405,17,SGST @ 2.5%:                          318.38,TAX
R00405,18,Rounding:                              -0.12,TAX
R00405,19,"Net Payable:                       13,372.00",TOTAL
R00405,20,--------------------------------------------,OTHER
R00405,21,Goods once sold will not be taken back,FOOTER
R00406,0,PATEL STORES,VENDOR
R00406,1,"31 Adajan, Surat 395007",ADDRESS
R00406,2,Ph: 9825099001,ADDRESS
R00406,3,GST Reg No: 24AAHCP6677V1Z8,GSTIN
R00406,4,TAX INVOICE,OTHER
R00406,5,--------------------------------------------,OTHER
R00406,6,"Date of Supply: May 03, 2025",DATE
R00406,7,Cash Memo No: BILL-2024-59591,INVOICE
R00406,8,--------------------------------------------,OTHER
R00406,9,Item                     Qty          Amount,OTHER
R00406,10,"Basmati Rice 5kg           2        1,263.86",ITEM
R00406,11,"Basmati Rice 5kg           3        1,456.29",ITEM
R00406,12,Sugar 1kg                  1           43.12,ITEM
R00406,13,Sugar 1kg                  3          155.34,ITEM
R00406,14,Sunflower Oil 1L           1          149.05,ITEM
R00406,15,--------------------------------------------,OTHER
R00406,16,Total Qty: 10,OTHER
R00406,17,"Subtotal:                           3,067.66",SUBTOTAL
R00406,18,CGST @ 2.5%:                           76.69,TAX
R00406,19,SGST @ 2.5%:                           76.69,TAX
R00406,20,Rounding:                              -0.04,TAX
R00406,21,"Amount Payable:                     3,221.00",TOTAL
R00406,22,--------------------------------------------,OTHER
R00406,23,Thank you for your business,FOOTER
R00406,24,Cash Payment,FOOTER
R00407,0,PARK STREET CAFE,VENDOR
R00407,1,"40 Park Street, Kolkata 700017",ADDRESS
R00407,2,Ph: 9830044332,ADDRESS
R00407,3,GSTIN: 19AAFCP7890X1ZW,GSTIN
R00407,4,TAX INVOICE,OTHER
R00407,5,--------------------------------------------,OTHER
R00407,6,Receipt No: INV-2025-58883,INVOICE
R00407,7,Date of Supply: 12/03/2025,DATE
R00407,8,Table: 17   Covers: 8,OTHER
R00407,9,--------------------------------------------,OTHER
R00407,10,Item                     Qty          Amount,OTHER
R00407,11,Butter Naan                4          177.20,ITEM
R00407,12,Butter Naan                1           46.00,ITEM
R00407,13,Paneer Butter Masala       2          640.20,ITEM
R00407,14,"Veg Thali                  4        1,034.32",ITEM
R00407,15,Biryani                    1          250.10,ITEM
R00407,16,Veg Thali                  4          866.68,ITEM
R00407,17,--------------------------------------------,OTHER
R00407,18,"Subtotal:                           3,014.50",SUBTOTAL
R00407,19,CGST @ 2.5%:                           75.37,TAX
R00407,20,SGST @ 2.5%:                           75.36,TAX
R00407,21,Round Off:                             -0.23,TAX
R00407,22,"Bill Total:                         3,165.00",TOTAL
R00407,23,--------------------------------------------,OTHER
R00407,24,Goods once sold will not be taken back,FOOTER
R00407,25,Cash Payment,FOOTER
R00408,0,BHARAT PETROLEUM OUTLET,VENDOR
R00408,1,"NH-8 Bandra East, Mumbai 400051",ADDRESS
R00408,2,Ph: 9820011122,ADDRESS
R00408,3,GSTIN/UIN: 27AAACB1111P1ZW,GSTIN
R00408,4,RETAIL INVOICE,OTHER
R00408,5,--------------------------------------------,OTHER
R00408,6,Date of Supply: 2025-05-19,DATE
R00408,7,Bill No: TI-2025-85287,INVOICE
R00408,8,--------------------------------------------,OTHER
R00408,9,Product                 Litres          Amount,OTHER
R00408,10,"Petrol                    22        2,296.58",ITEM
R00408,11,"Diesel                    15        1,387.05",ITEM
R00408,12,--------------------------------------------,OTHER
R00408,13,"Sub Total:                          3,683.63",SUBTOTAL
R00408,14,Round Off:                              0.37,TAX
R00408,15,"Grand Total:                       ₹3,684.00",TOTAL
R00408,16,--------------------------------------------,OTHER
R00408,17,THANK YOU VISIT AGAIN,FOOTER
R00409,0,Hotel Sunrise Residency,VENDOR
R00409,1,"9 Connaught Place, New Delhi 110001",ADDRESS
R00409,2,GSTIN: 07AACCH9012Q1Z8,GSTIN
R00409,3,RETAIL INVOICE,OTHER
R00409,4,--------------------------------------------,OTHER
R00409,5,Receipt No: RCPT-2024-17287,INVOICE
R00409,6,Invoice Date: 25.01.2025,DATE
R00409,7,--------------------------------------------,OTHER
R00409,8,Item                     Qty          Amount,OTHER
R00409,9,"Breakfast Buffet           3        1,573.92",ITEM
R00409,10,"Breakfast Buffet           3        1,153.74",ITEM
R00409,11,"Breakfast Buffet           2        1,466.52",ITEM
R00409,12,"Deluxe Room Night          1        6,728.12",ITEM
R00409,13,"Breakfast Buffet           3        1,842.48",ITEM
R00409,14,--------------------------------------------,OTHER
R00409,15,Total Qty: 12,OTHER
R00409,16,"Taxable Value:                     12,764.78",SUBTOTAL
R00409,17,CGST @ 6%:                            765.89,TAX
R00409,18,SGST @ 6%:                            765.88,TAX
R00409,19,Rounding:                               0.45,TAX
R00409,20,"Net Payable:                       14,297.00",TOTAL
R00409,21,--------------------------------------------,OTHER
R00409,22,Goods once sold will not be taken back,FOOTER
R00409,23,Cash Payment,FOOTER
R00410,0,APOLLO PHARMACY OUTLET,VENDOR
R00410,1,"Rajiv Gandhi Salai, Chennai 600028",ADDRESS
R00410,2,Ph: 9840099887,ADDRESS
R00410,3,GST No.: 33AAACA6677D1ZW,GSTIN
R00410,4,CASH MEMO,OTHER
R00410,5,--------------------------------------------,OTHER
R00410,6,Invoice Date: 16-06-2025,DATE
R00410,7,Inv No: BILL-2025-96541,INVOICE
R00410,8,--------------------------------------------,OTHER
R00410,9,Item                     Qty          Amount,OTHER
R00410,10,Vitamin D3                 1          280.68,ITEM
R00410,11,Vitamin D3                 3          754.32,ITEM
R00410,12,Vitamin D3                 4          578.68,ITEM
R00410,13,Antiseptic Liquid          4          550.92,ITEM
R00410,14,Antiseptic Liquid          3          425.46,ITEM
R00410,15,--------------------------------------------,OTHER
R00410,16,Total Qty: 15,OTHER
R00410,17,"Total Before Tax:                   2,590.06",SUBTOTAL
R00410,18,CGST @ 6%:                            155.41,TAX
R00410,19,SGST @ 6%:                            155.40,TAX
R00410,20,Round Off:                              0.13,TAX
R00410,21,"Bill Total:                         2,901.00",TOTAL
R00410,22,--------------------------------------------,OTHER
R00410,23,Thank you for your business,FOOTER
R00410,24,Cash Payment,FOOTER
R00411,0,BENGAL BOOK DEPOT,VENDOR
R00411,1,"6 Park Street, Kolkata 700016",ADDRESS
R00411,2,Ph: 9830011234,ADDRESS
R00411,3,GST Reg No: 19AACCB3456W1ZT,GSTIN
R00411,4,CASH MEMO,OTHER
R00411,5,--------------------------------------------,OTHER
R00411,6,Bill Date: 2025-01-15,DATE
R00411,7,Invoice Number: INV-2024-82891,INVOICE
R00411,8,--------------------------------------------,OTHER
R00411,9,Item                     Qty          Amount,OTHER
R00411,10,Marker Pen                 2          111.56,ITEM
R00411,11,A4 Paper Ream              3          858.81,ITEM
R00411,12,File Folder                2          121.30,ITEM
R00411,13,A4 Paper Ream              1          227.92,ITEM
R00411,14,Notebook 200pg             3          316.74,ITEM
R00411,15,--------------------------------------------,OTHER
R00411,16,Total Qty: 11,OTHER
R00411,17,"Taxable Amount:                     1,636.33",SUBTOTAL
R00411,18,CGST @ 9%:                            147.27,TAX
R00411,19,SGST @ 9%:                            147.27,TAX
R00411,20,Round Off Adj:                          0.13,TAX
R00411,21,"Amount Payable:                    ₹1,931.00",TOTAL
R00411,22,--------------------------------------------,OTHER
R00411,23,THANK YOU VISIT AGAIN,FOOTER
R00411,24,UPI Payment,FOOTER
R00412,0,APOLLO PHARMACY OUTLET,VENDOR
R00412,1,"Rajiv Gandhi Salai, Chennai 600028",ADDRESS
R00412,2,Ph: 9840099887,ADDRESS
R00412,3,GSTIN/UIN: 33AAACA6677D1ZW,GSTIN
R00412,4,GST INVOICE,OTHER
R00412,5,--------------------------------------------,OTHER
R00412,6,Bill Date: 2025-06-08,DATE
R00412,7,Inv No: BILL-2025-92644,INVOICE
R00412,8,--------------------------------------------,OTHER
R00412,9,Item                     Qty          Amount,OTHER
R00412,10,"Vitamin D3                 4        1,254.44",ITEM
R00412,11,Antiseptic Liquid          3          383.46,ITEM
R00412,12,Digital Thermometer        1          277.99,ITEM
R00412,13,Antiseptic Liquid          2          362.88,ITEM
R00412,14,Digital Thermometer        1          241.66,ITEM
R00412,15,Paracetamol Strip          3           58.83,ITEM
R00412,16,--------------------------------------------,OTHER
R00412,17,"Taxable Amount:                     2,579.26",SUBTOTAL
R00412,18,IGST @ 12%:                           309.51,TAX
R00412,19,Round Off:                              0.23,TAX
R00412,20,"Net Payable:                       ₹2,889.00",TOTAL
R00412,21,--------------------------------------------,OTHER
R00412,22,Subject to local jurisdiction,FOOTER
R00412,23,UPI Payment,FOOTER
R00413,0,RELIANCE FRESH SUPERMARKET,VENDOR
R00413,1,"Shop 4 Kurla West, Mumbai 400070",ADDRESS
R00413,2,GSTIN/UIN: 27AAACR5055K1Z7,GSTIN
R00413,3,GST INVOICE,OTHER
R00413,4,--------------------------------------------,OTHER
R00413,5,Bill No: INV-2024-50221,INVOICE
R00413,6,Date: 22-Feb-2025,DATE
R00413,7,--------------------------------------------,OTHER
R00413,8,Item                     Qty          Amount,OTHER
R00413,9,Milk 1L                    2          134.34,ITEM
R00413,10,"Basmati Rice 5kg           4        2,380.20",ITEM
R00413,11,Sugar 1kg                  1           44.95,ITEM
R00413,12,Sugar 1kg                  1           53.92,ITEM
R00413,13,"Basmati Rice 5kg           2        1,127.54",ITEM
R00413,14,--------------------------------------------,OTHER
R00413,15,"Total Before Tax:                   3,740.95",SUBTOTAL
R00413,16,CGST @ 2.5%:                           93.53,TAX
R00413,17,SGST @ 2.5%:                           93.52,TAX
R00413,18,"Total Amount:                      ₹3,928.00",TOTAL
R00413,19,--------------------------------------------,OTHER
R00413,20,Thank you for your business,FOOTER
R00414,0,Mumbai Print Solutions LLP,VENDOR
R00414,1,"21 Lower Parel, Mumbai 400013",ADDRESS
R00414,2,Ph: 9820077331,ADDRESS
R00414,3,GSTIN: 27AAFCM4455C1ZM,GSTIN
R00414,4,RETAIL INVOICE,OTHER
R00414,5,--------------------------------------------,OTHER
R00414,6,Bill Date: 21-Jul-2025,DATE
R00414,7,Cash Memo No: TI-2025-58148,INVOICE
R00414,8,--------------------------------------------,OTHER
R00414,9,Item                     Qty          Amount,OTHER
R00414,10,"Brochure Print 100         4        6,682.44",ITEM
R00414,11,Poster A2                  1          197.98,ITEM
R00414,12,"Brochure Print 100         2        3,634.48",ITEM
R00414,13,"Brochure Print 100         2        2,714.68",ITEM
R00414,14,Poster A2                  1          417.39,ITEM
R00414,15,"Business Cards 500         2        1,674.18",ITEM
R00414,16,--------------------------------------------,OTHER
R00414,17,Total Qty: 12,OTHER
R00414,18,"Total Before Tax:                  15,321.15",SUBTOTAL
R00414,19,"CGST @ 9%:                          1,378.91",TAX
R00414,20,"SGST @ 9%:                          1,378.90",TAX
R00414,21,Round Off:                              0.04,TAX
R00414,22,"Amount Payable:                    18,079.00",TOTAL
R00414,23,--------------------------------------------,OTHER
R00414,24,Thank you for your business,FOOTER
R00414,25,Cash Payment,FOOTER
R00415,0,ANNAPURNA RESTAURANT,VENDOR
R00415,1,"22 Koramangala 5th Blk, Bengaluru 560034",ADDRESS
R00415,2,Ph: 9845112233,ADDRESS
R00415,3,GSTIN/UIN: 29AABCA1234M1ZQ,GSTIN
R00415,4,TAX INVOICE,OTHER
R00415,5,--------------------------------------------,OTHER
R00415,6,Bill Date: 09-Jul-2025,DATE
R00415,7,Cash Memo No: BILL-2025-74223,INVOICE
R00415,8,--------------------------------------------,OTHER
R00415,9,Item                     Qty          Amount,OTHER
R00415,10,Filter Coffee              4          259.48,ITEM
R00415,11,Masala Dosa                3          422.67,ITEM
R00415,12,Paneer Butter Masala       1          336.66,ITEM
R00415,13,Butter Naan                4          233.12,ITEM
R00415,14,Veg Thali                  1          281.46,ITEM
R00415,15,--------------------------------------------,OTHER
R00415,16,"Total Before Tax:                   1,533.39",SUBTOTAL
R00415,17,CGST @ 2.5%:                           38.34,TAX
R00415,18,SGST @ 2.5%:                           38.33,TAX
R00415,19,Round Off:                             -0.06,TAX
R00415,20,"Total:                             ₹1,610.00",TOTAL
R00415,21,--------------------------------------------,OTHER
R00415,22,Subject to local jurisdiction,FOOTER
R00415,23,Cash Payment,FOOTER
R00416,0,SHELL SELECT FUEL POINT,VENDOR
R00416,1,"Whitefield Main Rd, Bengaluru 560066",ADDRESS
R00416,2,Ph: 9845077889,ADDRESS
R00416,3,GST Reg No: 29AAACS9911A1ZI,GSTIN
R00416,4,CASH MEMO,OTHER
R00416,5,--------------------------------------------,OTHER
R00416,6,Receipt No: RCPT-2025-15913,INVOICE
R00416,7,Bill Date: 2025-03-21,DATE
R00416,8,--------------------------------------------,OTHER
R00416,9,Product                 Litres          Amount,OTHER
R00416,10,"Diesel                    32        3,010.24",ITEM
R00416,11,"Petrol                    37        3,528.69",ITEM
R00416,12,--------------------------------------------,OTHER
R00416,13,"Taxable Amount:                     6,538.93",SUBTOTAL
R00416,14,Round Off:                              0.07,TAX
R00416,15,"Total Amount:                       6,539.00",TOTAL
R00416,16,--------------------------------------------,OTHER
R00416,17,*** CUSTOMER COPY ***,FOOTER
R00417,0,INDIAN OIL FUEL STATION,VENDOR
R00417,1,"OMR Perungudi, Chennai 600096",ADDRESS
R00417,2,Ph: 9840055667,ADDRESS
R00417,3,GSTIN/UIN: 33AAACI0123R1ZQ,GSTIN
R00417,4,GST INVOICE,OTHER
R00417,5,--------------------------------------------,OTHER
R00417,6,Bill Date: 24-Jan-2025,DATE
R00417,7,Bill No: RCPT-2024-79001,INVOICE
R00417,8,--------------------------------------------,OTHER
R00417,9,Product                 Litres          Amount,OTHER
R00417,10,Diesel                     6          565.80,ITEM
R00417,11,--------------------------------------------,OTHER
R00417,12,Total Before Tax:                     565.80,SUBTOTAL
R00417,13,Round Off Adj:                          0.20,TAX
R00417,14,Amount Payable:                      ₹566.00,TOTAL
R00417,15,--------------------------------------------,OTHER
R00417,16,*** CUSTOMER COPY ***,FOOTER
R00417,17,UPI Payment,FOOTER
R00418,0,SARAVANA BHAVAN,VENDOR
R00418,1,"18 T Nagar, Chennai 600017",ADDRESS
R00418,2,Ph: 9840011223,ADDRESS
R00418,3,GST No.: 33AAECS7788N1ZJ,GSTIN
R00418,4,TAX INVOICE,OTHER
R00418,5,--------------------------------------------,OTHER
R00418,6,Date: 2025-07-15,DATE
R00418,7,Inv No: BILL-2024-09236,INVOICE
R00418,8,--------------------------------------------,OTHER
R00418,9,Item                     Qty          Amount,OTHER
R00418,10,Veg Thali                  2          521.38,ITEM
R00418,11,Butter Naan                4          254.52,ITEM
R00418,12,Paneer Butter Masala       1          218.46,ITEM
R00418,13,Veg Thali                  2          523.78,ITEM
R00418,14,Veg Thali                  4          600.76,ITEM
R00418,15,--------------------------------------------,OTHER
R00418,16,"Taxable Amount:                     2,118.90",SUBTOTAL
R00418,17,CGST @ 2.5%:                           52.98,TAX
R00418,18,SGST @ 2.5%:                           52.97,TAX
R00418,19,Round Off:                              0.15,TAX
R00418,20,"Grand Total:                        2,225.00",TOTAL
R00418,21,--------------------------------------------,OTHER
R00418,22,Thank you for your business,FOOTER
R00418,23,Card Payment,FOOTER
R00419,0,INDIAN OIL FUEL STATION,VENDOR
R00419,1,"OMR Perungudi, Chennai 600096",ADDRESS
R00419,2,Ph: 9840055667,ADDRESS
R00419,3,GST No.: 33AAACI0123R1ZQ,GSTIN
R00419,4,TAX INVOICE,OTHER
R00419,5,--------------------------------------------,OTHER
R00419,6,Bill No: TI-2024-28217,INVOICE
R00419,7,Bill Date: 09-Aug-2025,DATE
R00419,8,--------------------------------------------,OTHER
R00419,9,Product                 Litres          Amount,OTHER
R00419,10,"Diesel                    29        2,618.99",ITEM
R00419,11,--------------------------------------------,OTHER
R00419,12,"Taxable Amount:                     2,618.99",SUBTOTAL
R00419,13,Round Off:                              0.01,TAX
R00419,14,"Amount Payable:                     2,619.00",TOTAL
R00419,15,--------------------------------------------,OTHER
R00419,16,THANK YOU VISIT AGAIN,FOOTER
R00419,17,Card Payment,FOOTER
R00420,0,SHELL SELECT FUEL POINT,VENDOR
R00420,1,"Whitefield Main Rd, Bengaluru 560066",ADDRESS
R00420,2,Ph: 9845077889,ADDRESS
R00420,3,GSTIN/UIN: 29AAACS9911A1ZI,GSTIN
R00420,4,TAX INVOICE,OTHER
R00420,5,--------------------------------------------,OTHER
R00420,6,Invoice No: BILL-2024-06925,INVOICE
R00420,7,Bill Date: 21-Jun-2025,DATE
R00420,8,--------------------------------------------,OTHER
R00420,9,Product                 Litres          Amount,OTHER
R00420,10,"Diesel                    18        1,632.78",ITEM
R00420,11,Diesel                     6          553.56,ITEM
R00420,12,--------------------------------------------,OTHER
R00420,13,"Taxable Value:                      2,186.34",SUBTOTAL
R00420,14,Round Off:                             -0.34,TAX
R00420,15,"Bill Total:                        ₹2,186.00",TOTAL
R00420,16,--------------------------------------------,OTHER
R00420,17,Thank you for your business,FOOTER
R00420,18,Card Payment,FOOTER
R00421,0,APOLLO PHARMACY OUTLET,VENDOR
R00421,1,"Rajiv Gandhi Salai, Chennai 600028",ADDRESS
R00421,2,Ph: 9840099887,ADDRESS
R00421,3,GST No.: 33AAACA6677D1ZW,GSTIN
R00421,4,GST INVOICE,OTHER
R00421,5,--------------------------------------------,OTHER
R00421,6,Date: 15-Apr-2025,DATE
R00421,7,Bill No: TI-2024-18508,INVOICE
R00421,8,--------------------------------------------,OTHER
R00421,9,Item                     Qty          Amount,OTHER
R00421,10,Paracetamol Strip          1           40.07,ITEM
R00421,11,Digital Thermometer        3          819.78,ITEM
R00421,12,Digital Thermometer        2          805.10,ITEM
R00421,13,Paracetamol Strip          4          137.68,ITEM
R00421,14,--------------------------------------------,OTHER
R00421,15,"Taxable Amount:                     1,802.63",SUBTOTAL
R00421,16,CGST @ 6%:                            108.16,TAX
R00421,17,SGST @ 6%:                            108.16,TAX
R00421,18,Rounding:                               0.05,TAX
R00421,19,"Amount Payable:                     2,019.00",TOTAL
R00421,20,--------------------------------------------,OTHER
R00421,21,*** CUSTOMER COPY ***,FOOTER
R00421,22,UPI Payment,FOOTER
R00422,0,PARK STREET CAFE,VENDOR
R00422,1,"40 Park Street, Kolkata 700017",ADDRESS
R00422,2,Ph: 9830044332,ADDRESS
R00422,3,GSTIN/UIN: 19AAFCP7890X1ZW,GSTIN
R00422,4,GST INVOICE,OTHER
R00422,5,--------------------------------------------,OTHER
R00422,6,Inv No: TI-2025-12295,INVOICE
R00422,7,Date of Supply: 31-Jul-2025,DATE
R00422,8,--------------------------------------------,OTHER
R00422,9,Item                     Qty          Amount,OTHER
R00422,10,Biryani                    4          864.12,ITEM
R00422,11,Butter Naan                3          178.02,ITEM
R00422,12,Biryani                    2          759.42,ITEM
R00422,13,--------------------------------------------,OTHER
R00422,14,Total Qty: 9,OTHER
R00422,15,"Taxable Value:                      1,801.56",SUBTOTAL
R00422,16,CGST @ 2.5%:                           45.04,TAX
R00422,17,SGST @ 2.5%:                           45.04,TAX
R00422,18,Rounding:                               0.36,TAX
R00422,19,"Net Payable:                        1,892.00",TOTAL
R00422,20,--------------------------------------------,OTHER
R00422,21,*** CUSTOMER COPY ***,FOOTER
R00423,0,SHELL SELECT FUEL POINT,VENDOR
R00423,1,"Whitefield Main Rd, Bengaluru 560066",ADDRESS
R00423,2,GST Reg No: 29AAACS9911A1ZI,GSTIN
R00423,3,GST INVOICE,OTHER
R00423,4,--------------------------------------------,OTHER
R00423,5,Invoice Number: BILL-2025-77678,INVOICE
R00423,6,Date: 01-Apr-2025,DATE
R00423,7,--------------------------------------------,OTHER
R00423,8,Product                 Litres          Amount,OTHER
R00423,9,"Diesel                    45        4,026.15",ITEM
R00423,10,--------------------------------------------,OTHER
R00423,11,"Taxable Amount:                     4,026.15",SUBTOTAL
R00423,12,Round Off:                             -0.15,TAX
R00423,13,"Amount Payable:                    ₹4,026.00",TOTAL
R00423,14,--------------------------------------------,OTHER
R00423,15,THANK YOU VISIT AGAIN,FOOTER
R00423,16,UPI Payment,FOOTER
R00424,0,BHARAT PETROLEUM OUTLET,VENDOR
R00424,1,"NH-8 Bandra East, Mumbai 400051",ADDRESS
R00424,2,GSTIN: 27AAACB1111P1ZW,GSTIN
R00424,3,CASH MEMO,OTHER
R00424,4,--------------------------------------------,OTHER
R00424,5,Date: 01.09.2025,DATE
R00424,6,Inv No: RCPT-2024-95686,INVOICE
R00424,7,--------------------------------------------,OTHER
R00424,8,Product                 Litres          Amount,OTHER
R00424,9,"Diesel                    37        3,361.08",ITEM
R00424,10,"Petrol                    32        3,315.20",ITEM
R00424,11,--------------------------------------------,OTHER
R00424,12,"Taxable Value:                      6,676.28",SUBTOTAL
R00424,13,Rounding:                              -0.28,TAX
R00424,14,"Net Payable:                        6,676.00",TOTAL
R00424,15,--------------------------------------------,OTHER
R00424,16,Subject to local jurisdiction,FOOTER
R00424,17,Card Payment,FOOTER
R00425,0,ANNAPURNA RESTAURANT,VENDOR
R00425,1,"22 Koramangala 5th Blk, Bengaluru 560034",ADDRESS
R00425,2,Ph: 9845112233,ADDRESS
R00425,3,GSTIN: 29AABCA1234M1ZQ,GSTIN
R00425,4,RETAIL INVOICE,OTHER
R00425,5,--------------------------------------------,OTHER
R00425,6,Bill Date: 27.02.2025,DATE
R00425,7,Bill No: INV-2024-42303,INVOICE
R00425,8,Table: 9   Covers: 6,OTHER
R00425,9,--------------------------------------------,OTHER
R00425,10,Item                     Qty          Amount,OTHER
R00425,11,Paneer Butter Masala       3          837.39,ITEM
R00425,12,Filter Coffee              4          213.64,ITEM
R00425,13,Masala Dosa                3          327.48,ITEM
R00425,14,Paneer Butter Masala       2          557.50,ITEM
R00425,15,Biryani                    2          466.56,ITEM
R00425,16,--------------------------------------------,OTHER
R00425,17,Total Qty: 14,OTHER
R00425,18,"Taxable Value:                      2,402.57",SUBTOTAL
R00425,19,CGST @ 2.5%:                           60.07,TAX
R00425,20,SGST @ 2.5%:                           60.06,TAX
R00425,21,Round Off Adj:                          0.30,TAX
R00425,22,"Total:                             ₹2,523.00",TOTAL
R00425,23,--------------------------------------------,OTHER
R00425,24,Thank you for your business,FOOTER
R00425,25,UPI Payment,FOOTER
R60427,0,Hotel Sunrise Residency,VENDOR
R60427,1,"9 Connaught Place, New Delhi 110001",ADDRESS
R60427,2,GSTIN: 07AACCH9012Q1Z8,GSTIN
R60427,3,RETAIL INVOICE,OTHER
R60427,4,--------------------------------------------,OTHER
R60427,5,Receipt No: RCPT-2024-17287,INVOICE
R60427,6,Invoice Date: 25.01.2025,DATE
R60427,7,--------------------------------------------,OTHER
R60427,8,Item                     Qty          Amount,OTHER
R60427,9,"Breakfast Buffet           3        1,573.92",ITEM
R60427,10,"Breakfast Buffet           3        1,153.74",ITEM
R60427,11,"Breakfast Buffet           2        1,466.52",ITEM
R60427,12,"Deluxe Room Night          1        6,728.12",ITEM
R60427,13,"Breakfast Buffet           3        1,842.48",ITEM
R60427,14,--------------------------------------------,OTHER
R60427,15,Total Qty: 12,OTHER
R60427,16,"Taxable Value:                     12,764.78",SUBTOTAL
R60427,17,CGST @ 6%:                            765.89,TAX
R60427,18,SGST @ 6%:                            765.88,TAX
R60427,19,Rounding:                               0.45,TAX
R60427,20,"Net Payable:                       14,297.00",TOTAL
R60427,21,--------------------------------------------,OTHER
R60427,22,Goods once sold will not be taken back,FOOTER
R60427,23,Cash Payment,FOOTER
R60428,0,HYDERABAD BIRYANI HOUSE,VENDOR
R60428,1,"5 Gachibowli, Hyderabad 500081",ADDRESS
R60428,2,GSTIN/UIN: 36AADCH4567S1ZS,GSTIN
R60428,3,TAX INVOICE,OTHER
R60428,4,--------------------------------------------,OTHER
R60428,5,Dated: 02.03.2025,DATE
R60428,6,Bill No: BILL-2025-44472,INVOICE
R60428,7,Table: 15   Covers: 7,OTHER
R60428,8,--------------------------------------------,OTHER
R60428,9,Item                     Qty          Amount,OTHER
R60428,10,Filter Coffee              2          100.68,ITEM
R60428,11,Filter Coffee              3           91.68,ITEM
R60428,12,--------------------------------------------,OTHER
R60428,13,Total Qty: 5,OTHER
R60428,14,Taxable Value:                        192.36,SUBTOTAL
R60428,15,CGST @ 2.5%:                            4.81,TAX
R60428,16,SGST @ 2.5%:                            4.81,TAX
R60428,17,Round Off:                              0.02,TAX
R60428,18,Total:                                202.00,TOTAL
R60428,19,--------------------------------------------,OTHER
R60428,20,*** CUSTOMER COPY ***,FOOTER
R60428,21,Card Payment,FOOTER
R60440,0,SHELL SELECT FUEL POINT,VENDOR
R60440,1,"Whitefield Main Rd, Bengaluru 560066",ADDRESS
R60440,2,Ph: 9845077889,ADDRESS
R60440,3,GSTIN/UIN: 29AAACS9911A1ZI,GSTIN
R60440,4,TAX INVOICE,OTHER
R60440,5,--------------------------------------------,OTHER
R60440,6,Invoice No: BILL-2024-06925,INVOICE
R60440,7,Bill Date: 21-Jun-2025,DATE
R60440,8,--------------------------------------------,OTHER
R60440,9,Product                 Litres          Amount,OTHER
R60440,10,"Diesel                    18        1,632.78",ITEM
R60440,11,Diesel                     6          553.56,ITEM
R60440,12,--------------------------------------------,OTHER
R60440,13,"Taxable Value:                      2,186.34",SUBTOTAL
R60440,14,Round Off:                             -0.34,TAX
R60440,15,"Bill Total:                        ₹2,186.00",TOTAL
R60440,16,--------------------------------------------,OTHER
R60440,17,Thank you for your business,FOOTER
R60440,18,Card Payment,FOOTER
R60442,0,KUMAR MEDICALS,VENDOR
R60442,1,"44 Kalkaji Main Rd, New Delhi 110019",ADDRESS
R60442,2,Ph: 9811099887,ADDRESS
R60442,3,GSTIN/UIN: 07AAFCK3321L1ZK,GSTIN
R60442,4,GST INVOICE,OTHER
R60442,5,--------------------------------------------,OTHER
R60442,6,Invoice Number: TI-2024-31046,INVOICE
R60442,7,Dated: 10-Jan-2025,DATE
R60442,8,--------------------------------------------,OTHER
R60442,9,Item                     Qty          Amount,OTHER
R60442,10,Paracetamol Strip          4           73.32,ITEM
R60442,11,Paracetamol Strip          3           66.57,ITEM
R60442,12,Antiseptic Liquid          3          517.95,ITEM
R60442,13,Antiseptic Liquid          2          248.78,ITEM
R60442,14,Vitamin D3                 3          637.41,ITEM
R60442,15,--------------------------------------------,OTHER
R60442,16,Total Qty: 15,OTHER
R60442,17,"Taxable Amount:                     1,544.03",SUBTOTAL
R60442,18,CGST @ 6%:                             92.64,TAX
R60442,19,SGST @ 6%:                             92.64,TAX
R60442,20,Rounding:                              -0.31,TAX
R60442,21,"Grand Total:                       ₹1,729.00",TOTAL
R60442,22,--------------------------------------------,OTHER
R60442,23,Thank you for your business,FOOTER
R60444,0,INDIAN OIL FUEL STATION,VENDOR
R60444,1,"OMR Perungudi, Chennai 600096",ADDRESS
R60444,2,GSTIN/UIN: 33AAACI0123R1ZQ,GSTIN
R60444,3,RETAIL INVOICE,OTHER
R60444,4,--------------------------------------------,OTHER
R60444,5,Date: 15-08-2025,DATE
R60444,6,Cash Memo No: INV-2024-16740,INVOICE
R60444,7,--------------------------------------------,OTHER
R60444,8,Product                 Litres          Amount,OTHER
R60444,9,Petrol                     8          836.80,ITEM
R60444,10,"CNG                       45        3,440.25",ITEM
R60444,11,--------------------------------------------,OTHER
R60444,12,"Taxable Value:                      4,277.05",SUBTOTAL
R60444,13,Round Off Adj:                         -0.05,TAX
R60444,14,"Total Amount:                       4,277.00",TOTAL
R60444,15,--------------------------------------------,OTHER
R60444,16,Subject to local jurisdiction,FOOTER
R60445,0,PARK STREET CAFE,VENDOR
R60445,1,"40 Park Street, Kolkata 700017",ADDRESS
R60445,2,Ph: 9830044332,ADDRESS
R60445,3,GST No.: 19AAFCP7890X1ZW,GSTIN
R60445,4,CASH MEMO,OTHER
R60445,5,--------------------------------------------,OTHER
R60445,6,"Dated: May 25, 2025",DATE
R60445,7,Bill No: RCPT-2024-41715,INVOICE
R60445,8,--------------------------------------------,OTHER
R60445,9,Item                     Qty          Amount,OTHER
R60445,10,Masala Dosa                3          452.31,ITEM
R60445,11,Paneer Butter Masala       2          487.20,ITEM
R60445,12,Biryani                    3          882.96,ITEM
R60445,13,Masala Dosa                4          473.20,ITEM
R60445,14,Butter Naan                2          124.58,ITEM
R60445,15,Paneer Butter Masala       4          982.72,ITEM
R60445,16,--------------------------------------------,OTHER
R60445,17,Total Qty: 18,OTHER
R60445,18,"Taxable Amount:                     3,402.97",SUBTOTAL
R60445,19,CGST @ 2.5%:                           85.08,TAX
R60445,20,SGST @ 2.5%:                           85.07,TAX
R60445,21,Round Off:                             -0.12,TAX
R60445,22,"Bill Total:                         3,573.00",TOTAL
R60445,23,--------------------------------------------,OTHER
R60445,24,Goods once sold will not be taken back,FOOTER
R60446,0,SARAVANA BHAVAN,VENDOR
R60446,1,"18 T Nagar, Chennai 600017",ADDRESS
R60446,2,Ph: 9840011223,ADDRESS
R60446,3,GST No.: 33AAECS7788N1ZJ,GSTIN
R60446,4,GST INVOICE,OTHER
R60446,5,--------------------------------------------,OTHER
R60446,6,Invoice No: BILL-2025-89470,INVOICE
R60446,7,Dated: 24-03-2025,DATE
R60446,8,Table: 12   Covers: 8,OTHER
R60446,9,--------------------------------------------,OTHER
R60446,10,Item                     Qty          Amount,OTHER
R60446,11,Biryani                    1          359.33,ITEM
R60446,12,Butter Naan                2          145.02,ITEM
R60446,13,Veg Thali                  3          895.68,ITEM
R60446,14,Butter Naan                2           94.88,ITEM
R60446,15,--------------------------------------------,OTHER
R60446,16,"Total Before Tax:                   1,494.91",SUBTOTAL
R60446,17,IGST @ 5%:                             74.75,TAX
R60446,18,Round Off:                              0.34,TAX
R60446,19,"Total:                              1,570.00",TOTAL
R60446,20,--------------------------------------------,OTHER
R60446,21,THANK YOU VISIT AGAIN,FOOTER
R60448,0,SHELL SELECT FUEL POINT,VENDOR
R60448,1,"Whitefield Main Rd, Bengaluru 560066",ADDRESS
R60448,2,Ph: 9845077889,ADDRESS
R60448,3,GSTIN: 29AAACS9911A1ZI,GSTIN
R60448,4,RETAIL INVOICE,OTHER
R60448,5,--------------------------------------------,OTHER
R60448,6,"Invoice Date: Jun 02, 2025",DATE
R60448,7,Cash Memo No: RCPT-2025-81101,INVOICE
R60448,8,--------------------------------------------,OTHER
R60448,9,Product                 Litres          Amount,OTHER
R60448,10,"Petrol                    36        3,676.32",ITEM
R60448,11,"CNG                       16        1,327.20",ITEM
R60448,12,--------------------------------------------,OTHER
R60448,13,"Taxable Amount:                     5,003.52",SUBTOTAL
R60448,14,Rounding:                               0.48,TAX
R60448,15,"Total:                              5,004.00",TOTAL
R60448,16,--------------------------------------------,OTHER
R60448,17,Subject to local jurisdiction,FOOTER
R60452,0,Hotel Sunrise Residency,VENDOR
R60452,1,"9 Connaught Place, New Delhi 110001",ADDRESS
R60452,2,GST Reg No: 07AACCH9012Q1Z8,GSTIN
R60452,3,CASH MEMO,OTHER
R60452,4,--------------------------------------------,OTHER
R60452,5,Dated: 2025-01-15,DATE
R60452,6,Bill No: RCPT-2024-27404,INVOICE
R60452,7,--------------------------------------------,OTHER
R60452,8,Item                     Qty          Amount,OTHER
R60452,9,"Breakfast Buffet           4        2,934.60",ITEM
R60452,10,"Deluxe Room Night          4       20,928.64",ITEM
R60452,11,"Breakfast Buffet           2        1,418.68",ITEM
R60452,12,"Deluxe Room Night          1        2,903.33",ITEM
R60452,13,"Laundry Service            4        1,898.80",ITEM
R60452,14,"Deluxe Room Night          3        8,329.20",ITEM
R60452,15,--------------------------------------------,OTHER
R60452,16,"Subtotal:                          38,413.25",SUBTOTAL
R60452,17,"CGST @ 6%:                          2,304.80",TAX
R60452,18,"SGST @ 6%:                          2,304.79",TAX
R60452,19,Round Off:                              0.16,TAX
R60452,20,"Bill Total:                        43,023.00",TOTAL
R60452,21,--------------------------------------------,OTHER
R60452,22,Thank you for your business,FOOTER
R60452,23,UPI Payment,FOOTER
R60453,0,CAFE COFFEE JUNCTION,VENDOR
R60453,1,"8 Indiranagar, Bengaluru 560095",ADDRESS
R60453,2,GST Reg No: 29AAECC2233B1Z7,GSTIN
R60453,3,RETAIL INVOICE,OTHER
R60453,4,--------------------------------------------,OTHER
R60453,5,Bill Date: 16/07/2025,DATE
R60453,6,Invoice No: TI-2024-63964,INVOICE
R60453,7,--------------------------------------------,OTHER
R60453,8,Item                     Qty          Amount,OTHER
R60453,9,Masala Dosa                3          298.89,ITEM
R60453,10,"Veg Thali                  4        1,220.80",ITEM
R60453,11,Paneer Butter Masala       3          834.72,ITEM
R60453,12,--------------------------------------------,OTHER
R60453,13,"Taxable Value:                      2,354.41",SUBTOTAL
R60453,14,IGST @ 5%:                            117.72,TAX
R60453,15,Rounding:                              -0.13,TAX
R60453,16,"Amount Payable:                     2,472.00",TOTAL
R60453,17,--------------------------------------------,OTHER
R60453,18,Subject to local jurisdiction,FOOTER
R60454,0,PARK STREET CAFE,VENDOR
R60454,1,"40 Park Street, Kolkata 700017",ADDRESS
R60454,2,GST No.: 19AAFCP7890X1ZW,GSTIN
R60454,3,GST INVOICE,OTHER
R60454,4,--------------------------------------------,OTHER
R60454,5,Invoice Number: TI-2025-86142,INVOICE
R60454,6,Date: 01-06-2025,DATE
R60454,7,Table: 11   Covers: 4,OTHER
R60454,8,--------------------------------------------,OTHER
R60454,9,Item                     Qty          Amount,OTHER
R60454,10,Filter Coffee              4          121.32,ITEM
R60454,11,Veg Thali                  3          753.30,ITEM
R60454,12,Paneer Butter Masala       4          936.72,ITEM
R60454,13,Veg Thali                  2          406.08,ITEM
R60454,14,Filter Coffee              3           91.44,ITEM
R60454,15,Butter Naan                1           59.29,ITEM
R60454,16,--------------------------------------------,OTHER
R60454,17,"Subtotal:                           2,368.15",SUBTOTAL
R60454,18,IGST @ 5%:                            118.41,TAX
R60454,19,Round Off Adj:                          0.44,TAX
R60454,20,"Net Payable:                        2,487.00",TOTAL
R60454,21,--------------------------------------------,OTHER
R60454,22,*** CUSTOMER COPY ***,FOOTER
R60454,23,Cash Payment,FOOTER
R60455,0,PATEL STORES,VENDOR
R60455,1,"31 Adajan, Surat 395007",ADDRESS
R60455,2,Ph: 9825099001,ADDRESS
R60455,3,GST No.: 24AAHCP6677V1Z8,GSTIN
R60455,4,RETAIL INVOICE,OTHER
R60455,5,--------------------------------------------,OTHER
R60455,6,Bill Date: 13-Jan-2025,DATE
R60455,7,Invoice Number: BILL-2025-40739,INVOICE
R60455,8,--------------------------------------------,OTHER
R60455,9,Item                     Qty          Amount,OTHER
R60455,10,Milk 1L                    1           61.19,ITEM
R60455,11,Sunflower Oil 1L           4          514.68,ITEM
R60455,12,Atta 5kg                   1          330.47,ITEM
R60455,13,Sugar 1kg                  3          161.46,ITEM
R60455,14,Milk 1L                    2          128.72,ITEM
R60455,15,--------------------------------------------,OTHER
R60455,16,Total Qty: 11,OTHER
R60455,17,"Taxable Value:                      1,196.52",SUBTOTAL
R60455,18,CGST @ 2.5%:                           29.92,TAX
R60455,19,SGST @ 2.5%:                           29.91,TAX
R60455,20,Round Off Adj:                         -0.35,TAX
R60455,21,"Total:                              1,256.00",TOTAL
R60455,22,--------------------------------------------,OTHER
R60455,23,THANK YOU VISIT AGAIN,FOOTER
R90456,0,Deccan Offiec Supplies,VENDOR
R90456,1,"12 Madhapur, Hyderabad 500032",ADDRESS
R90456,2,Ph: 9848077665,ADDRESS
R90456,3,GSTIN: 36AAGCD8899T1Z8,GSTIN
R90456,4,TAX INVOICE,OTHER
R90456,5,--------------------------------------------,OTHER
R90456,6,Date: 01/06/2025,DATE
R90456,7,Inv No: TI-2025-27219,INVOICE
R90456,8,--------------------------------------------,OTHER
R90456,9,Item                     Qty          Amount,OTHER
R90456,10,Stapler                    3          711.60,ITEM
R90456,11,File Folder                2          142.28,ITEM
R90456,12,Notebook 200pg             3          171.63,ITEM
R90456,13,Stapler                    1          235.13,ITEM
R90456,14,"Printer Ink                3        1,525.50",ITEM
R90456,15,File Folder                2           75.16,ITEM
R90456,16,--------------------------------------------,OTHER
R90456,17,Total Qty: 14,OTHER
R90456,18,"Taxable Amount:                     2,861.30",SUBTOTAL
R90456,19,CGST @ 9%:                            257.52,TAX
R90456,20,SGST @ 9%:                            257.51,TAX
R90456,21,Rounding:                              -0.33,TAX
R90456,22,"Grand Total:                        3,376.00",TOTAL
R90456,23,--------------------------------------------,OTHER
R90456,24,Thank you for your business,FOOTER
R90456,25,Cash Payment,FOOTER
R90457,0,HOTEL SUNRISE RESIDENCY,VENDOR
R90457,1,"9 Connaught Place, New Delhi 110001",ADDRESS
R90457,2,Ph: 9811023456,ADDRESS
R90457,3,GSTIN/UIN: 07AACCH9012Q1Z8,GSTIN
R90457,4,GST INVOICE,OTHER
R90457,5,--------------------------------------------,OTHER
R90457,6,Inv No: TI-2025-23940,INVOICE
R90457,7,Dated: 14-Feb-2025,DATE
R90457,8,--------------------------------------------,OTHER
R90457,9,Item                     Qty          Amount,OTHER
R90457,10,"Breakfast Buffet           3        1,549.20",ITEM
R90457,11,"Deluxe Room Night          4       11,516.04",ITEM
R90457,12,"Laundry Service            3        1,381.59",ITEM
R90457,13,"Laundry Service            4        1,669.00",ITEM
R90457,14,Laundry Service            1          301.98,ITEM
R90457,15,"Laundry Service            4        1,137.72",ITEM
R90457,16,--------------------------------------------,OTHER
R90457,17,Total Qty: 19,OTHER
R90457,18,"Sub Total:                         17,555.53",SUBTOTAL
R90457,19,"CGST @ 6%:                          1,053.33",TAX
R90457,20,"SGST @ 6%:                          1,053.33",TAX
R90457,21,Rounding:                               0.81,TAX
R90457,22,"Net Payable:                       19,663.00",TOTAL
R90457,23,--------------------------------------------,OTHER
R90457,24,THANK YOU VISIT AGAIN,FOOTER
R90457,25,UPI Payment,FOOTER
R90458,0,SARAVANA BHVAAN,VENDOR
R90458,1,"18 T Nagar, Chennai 600017",ADDRESS
R90458,2,Ph: 9840011223,ADDRESS
R90458,3,GST No.: 33AAECS7788N1ZJ,GSTIN
R90458,4,RETAIL INVOICE,OTHER
R90458,5,--------------------------------------------,OTHER
R90458,6,Inv No: RCPT-2024-42970,INVOICE
R90458,7,Date of Supply: 26.01.2025,DATE
R90458,8,Table: 4   Covers: 5,OTHER
R90458,9,--------------------------------------------,OTHER
R90458,10,Item                     Qty          Amount,OTHER
R90458,11,Filter Coffee              4          208.08,ITEM
R90458,12,Veg Thali                  1          247.91,ITEM
R90458,13,Filter Coffee              1           67.92,ITEM
R90458,14,--------------------------------------------,OTHER
R90458,15,Taxable Value:                        523.91,SUBTOTAL
R90458,16,CGST @ 2.5%:                           13.10,TAX
R90458,17,SGST @ 2.5%:                           13.10,TAX
R90458,18,Round Off Adj:                          0.89,TAX
R90458,19,Bill Total:                           551.00,TOTAL
R90458,20,--------------------------------------------,OTHER
R90458,21,Subject to local jurisdiction,FOOTER
R90459,0,Deccan Office,VENDOR
R90459,1,"12 Madhapur, Hyderabad 500032",ADDRESS
R90459,2,Ph: 9848077665,ADDRESS
R90459,3,GST Reg No: 36AAGCD8899T1Z8,GSTIN
R90459,4,RETAIL INVOICE,OTHER
R90459,5,--------------------------------------------,OTHER
R90459,6,Invoice Date: 06/07/2025,DATE
R90459,7,Invoice Number: TI-2024-54755,INVOICE
R90459,8,--------------------------------------------,OTHER
R90459,9,Item                     Qty          Amount,OTHER
R90459,10,"Printer Ink                3        3,012.99",ITEM
R90459,11,File Folder                4          167.20,ITEM
R90459,12,Notebook 200pg             4          479.88,ITEM
R90459,13,Stapler                    3          499.02,ITEM
R90459,14,--------------------------------------------,OTHER
R90459,15,Total Qty: 14,OTHER
R90459,16,"Total Before Tax:                   4,159.09",SUBTOTAL
R90459,17,IGST @ 18%:                           748.64,TAX
R90459,18,Rounding:                               0.77,TAX
R90459,19,"Amount Payable:                     4,908.50",TOTAL
R90459,20,--------------------------------------------,OTHER
R90459,21,*** CUSTOMER COPY ***,FOOTER
R90460,0,HOTEL SUNRISE RESIDENCY,VENDOR
R90460,1,"9 Connaught Place, New Delhi 110001",ADDRESS
R90460,2,Ph: 9811023456,ADDRESS
R90460,3,GST Reg No: 07AACCH9012Q1Z8,GSTIN
R90460,4,RETAIL INVOICE,OTHER
R90460,5,--------------------------------------------,OTHER
R90460,6,Inv No: INV-2025-30589,INVOICE
R90460,7,Dated: 08.06.2025,DATE
R90460,8,--------------------------------------------,OTHER
R90460,9,Item                     Qty          Amount,OTHER
R90460,10,"Deluxe Room Night          2        5,799.50",ITEM
R90460,11,Laundry Service            1          512.68,ITEM
R90460,12,Breakfast Buffet           2          883.82,ITEM
R90460,13,"Deluxe Room Night          1        6,551.93",ITEM
R90460,14,Laundry Service            1          453.77,ITEM
R90460,15,"Breakfast Buffet           4        3,227.80",ITEM
R90460,16,--------------------------------------------,OTHER
R90460,17,Total Qty: 11,OTHER
R90460,18,"Total Before Tax:                  17,429.50",SUBTOTAL
R90460,19,"CGST @ 6%:                          1,045.77",TAX
R90460,20,"SGST @ 6%:                          1,045.77",TAX
R90460,21,Rounding:                              -1.04,TAX
R90460,22,"Bill Total:                       ₹19,520.00",TOTAL
R90460,23,--------------------------------------------,OTHER
R90460,24,Thank you for your business,FOOTER
R90461,0,INDIAN OIL FUEL STATION,VENDOR
R90461,1,"OMR Perungudi, Chennai 600096",ADDRESS
R90461,2,Ph: 9840055667,ADDRESS
R90461,3,GSTIN/UIN: 33AAACI0123R1ZQ,GSTIN
R90461,4,CASH MEMO,OTHER
R90461,5,--------------------------------------------,OTHER
R90461,6,Inv No: RCPT-2024-14417,INVOICE
R90461,7,Invoice Date: 2025-07-10,DATE
R90461,8,--------------------------------------------,OTHER
R90461,9,Product                 Litres          Amount,OTHER
R90461,10,"Diesel                    17        1,611.26",ITEM
R90461,11,"Diesel                    39        3,539.64",ITEM
R90461,12,--------------------------------------------,OTHER
R90461,13,"Subtotal:                           5,150.90",SUBTOTAL
R90461,14,Rounding:                               0.60,TAX
R90461,15,"Bill Total:                         5,151.50",TOTAL
R90461,16,--------------------------------------------,OTHER
R90461,17,Goods once sold will not be taken back,FOOTER
R90461,18,UPI Payment,FOOTER
R90462,0,Sharma Traders Private Limited,VENDOR
R90462,1,"14 MG Road, Bengaluru 560001",ADDRESS
R90462,2,Ph: 9845012345,ADDRESS
R90462,3,GST Reg No: 29AAGCB7383J1Z4,GSTIN
R90462,4,GST INVOICE,OTHER
R90462,5,--------------------------------------------,OTHER
R90462,6,Date: 09.06.2025,DATE
R90462,7,Inv No: TI-2025-36922,INVOICE
R90462,8,--------------------------------------------,OTHER
R90462,9,Item                     Qty          Amount,OTHER
R90462,10,Stapler                    1          203.98,ITEM
R90462,11,File Folder                3          191.73,ITEM
R90462,12,Notebook 200pg             1          100.29,ITEM
R90462,13,Notebook 200pg             4          462.20,ITEM
R90462,14,Notebook 200pg             1          104.83,ITEM
R90462,15,A4 Paper Ream              1          289.60,ITEM
R90462,16,--------------------------------------------,OTHER
R90462,17,"Taxable Value:                      1,352.63",SUBTOTAL
R90462,18,CGST @ 9%:                            121.74,TAX
R90462,19,SGST @ 9%:                            121.73,TAX
R90462,20,Round Off Adj:                         -0.60,TAX
R90462,21,"Total:                              1,595.50",TOTAL
R90462,22,--------------------------------------------,OTHER
R90462,23,Thank you for your business,FOOTER
R90463,0,SHARMA TRADERS PVT LTD,VENDOR
R90463,1,"14 MG Road, Bengaluru 560001",ADDRESS
R90463,2,Ph: 9845012345,ADDRESS
R90463,3,GST Reg No: 29AAGCB7383J1Z4,GSTIN
R90463,4,CASH MEMO,OTHER
R90463,5,--------------------------------------------,OTHER
R90463,6,Bill No: INV-2024-08224,INVOICE
R90463,7,Bill Date: 26.04.2025,DATE
R90463,8,--------------------------------------------,OTHER
R90463,9,Item                     Qty          Amount,OTHER
R90463,10,Notebook 200pg             1           58.76,ITEM
R90463,11,"Printer Ink                2        2,214.52",ITEM
R90463,12,File Folder                3          240.00,ITEM
R90463,13,File Folder                3          190.20,ITEM
R90463,14,Stapler                    1          245.17,ITEM
R90463,15,Stapler                    2          495.00,ITEM
R90463,16,--------------------------------------------,OTHER
R90463,17,"Sub Total:                          3,443.65",SUBTOTAL
R90463,18,IGST @ 18%:                           619.86,TAX
R90463,19,Rounding:                              -0.51,TAX
R90463,20,"Total:                             ₹4,063.00",TOTAL
R90463,21,--------------------------------------------,OTHER
R90463,22,*** CUSTOMER COPY ***,FOOTER
R90463,23,Cash Payment,FOOTER
R90464,0,APRK STREET CAFE,VENDOR
R90464,1,"40 Park Street, Kolkata 700017",ADDRESS
R90464,2,Ph: 9830044332,ADDRESS
R90464,3,GST Reg No: 19AAFCP7890X1ZW,GSTIN
R90464,4,CASH MEMO,OTHER
R90464,5,--------------------------------------------,OTHER
R90464,6,Dated: 17.04.2025,DATE
R90464,7,Cash Memo No: BILL-2024-17462,INVOICE
R90464,8,--------------------------------------------,OTHER
R90464,9,Item                     Qty          Amount,OTHER
R90464,10,Masala Dosa                2          309.44,ITEM
R90464,11,Filter Coffee              2           78.96,ITEM
R90464,12,Butter Naan                4          197.72,ITEM
R90464,13,Butter Naan                3          224.10,ITEM
R90464,14,Paneer Butter Masala       1          181.21,ITEM
R90464,15,Veg Thali                  3          746.37,ITEM
R90464,16,--------------------------------------------,OTHER
R90464,17,"Taxable Amount:                     1,737.80",SUBTOTAL
R90464,18,CGST @ 2.5%:                           43.45,TAX
R90464,19,SGST @ 2.5%:                           43.44,TAX
R90464,20,Rounding:                               2.31,TAX
R90464,21,"Grand Total:                       ₹1,827.00",TOTAL
R90464,22,--------------------------------------------,OTHER
R90464,23,THANK YOU VISIT AGAIN,FOOTER
R90465,0,LUCKNOW TRAVELS AGENCIES,VENDOR
R90465,1,"3 Hazratganj, Lucknow 226001",ADDRESS
R90465,2,Ph: 9839011223,ADDRESS
R90465,3,GST Reg No: 09AAGCL1122Y1ZT,GSTIN
R90465,4,GST INVOICE,OTHER
R90465,5,--------------------------------------------,OTHER
R90465,6,Date of Supply: 23-Feb-2025,DATE
R90465,7,Bill No: TI-2025-73097,INVOICE
R90465,8,--------------------------------------------,OTHER
R90465,9,Item                     Qty          Amount,OTHER
R90465,10,"Outstation Cab             3        6,269.64",ITEM
R90465,11,"Airport Transfer           3        3,852.84",ITEM
R90465,12,"City Taxi                  2        1,089.16",ITEM
R90465,13,"Airport Transfer           4        5,528.24",ITEM
R90465,14,"Airport Transfer           1        1,065.29",ITEM
R90465,15,--------------------------------------------,OTHER
R90465,16,Total Qty: 13,OTHER
R90465,17,"Subtotal:                          17,805.17",SUBTOTAL
R90465,18,CGST @ 2.5%:                          445.13,TAX
R90465,19,SGST @ 2.5%:                          445.13,TAX
R90465,20,Rounding:                              -2.43,TAX
R90465,21,"Total Amount:                      18,693.00",TOTAL
R90465,22,--------------------------------------------,OTHER
R90465,23,Subject to local jurisdiction,FOOTER
R90466,0,SARAVANA,VENDOR
R90466,1,"18 T Nagar, Chennai 600017",ADDRESS
R90466,2,GSTIN/UIN: 33AAECS7788N1ZJ,GSTIN
R90466,3,TAX INVOICE,OTHER
R90466,4,--------------------------------------------,OTHER
R90466,5,Date: 09-Jul-2025,DATE
R90466,6,Receipt No: TI-2025-18978,INVOICE
R90466,7,--------------------------------------------,OTHER
R90466,8,Item                     Qty          Amount,OTHER
R90466,9,Filter Coffee              2          135.64,ITEM
R90466,10,Paneer Butter Masala       1          336.48,ITEM
R90466,11,"Paneer Butter Masala       4        1,191.32",ITEM
R90466,12,Paneer Butter Masala       1          282.30,ITEM
R90466,13,Biryani                    4          947.36,ITEM
R90466,14,Filter Coffee              2           65.26,ITEM
R90466,15,--------------------------------------------,OTHER
R90466,16,Total Qty: 14,OTHER
R90466,17,"Subtotal:                           2,958.36",SUBTOTAL
R90466,18,CGST @ 2.5%:                           73.96,TAX
R90466,19,SGST @ 2.5%:                           73.96,TAX
R90466,20,Round Off:                              1.72,TAX
R90466,21,"Amount Payable:                     3,108.00",TOTAL
R90466,22,--------------------------------------------,OTHER
R90466,23,*** CUSTOMER COPY ***,FOOTER
R90466,24,Card Payment,FOOTER
R90467,0,Gujarat,VENDOR
R90467,1,"7 CG Road, Ahmedabad 380009",ADDRESS
R90467,2,Ph: 9825011234,ADDRESS
R90467,3,GST No.: 24AABCG2244U1ZA,GSTIN
R90467,4,TAX INVOICE,OTHER
R90467,5,--------------------------------------------,OTHER
R90467,6,Cash Memo No: INV-2024-04286,INVOICE
R90467,7,Dated: 2025-04-28,DATE
R90467,8,--------------------------------------------,OTHER
R90467,9,Item                     Qty          Amount,OTHER
R90467,10,"Extension Board            4        1,081.64",ITEM
R90467,11,"Keyboard                   4        2,097.80",ITEM
R90467,12,HDMI Cable 2m              2          362.04,ITEM
R90467,13,--------------------------------------------,OTHER
R90467,14,Total Qty: 10,OTHER
R90467,15,"Taxable Value:                      3,541.48",SUBTOTAL
R90467,16,IGST @ 18%:                           637.47,TAX
R90467,17,Rounding:                              -1.95,TAX
R90467,18,"Net Payable:                        4,177.00",TOTAL
R90467,19,--------------------------------------------,OTHER
R90467,20,Thank you for your business,FOOTER
R90468,0,GANGA DEPARTMENTAL,VENDOR
R90468,1,"17 Mall Road, Kanpur 208001",ADDRESS
R90468,2,Ph: 9839066554,ADDRESS
R90468,3,GST No.: 09AABCG5566Z1ZD,GSTIN
R90468,4,CASH MEMO,OTHER
R90468,5,--------------------------------------------,OTHER
R90468,6,Invoice Date: 27.03.2025,DATE
R90468,7,Invoice No: INV-2025-97572,INVOICE
R90468,8,--------------------------------------------,OTHER
R90468,9,Item                     Qty          Amount,OTHER
R90468,10,Milk 1L                    3          177.69,ITEM
R90468,11,"Basmati Rice 5kg           2        1,086.38",ITEM
R90468,12,Milk 1L                    3          188.13,ITEM
R90468,13,Atta 5kg                   2          445.68,ITEM
R90468,14,--------------------------------------------,OTHER
R90468,15,Total Qty: 10,OTHER
R90468,16,"Total Before Tax:                   1,897.88",SUBTOTAL
R90468,17,CGST @ 2.5%:                           47.45,TAX
R90468,18,SGST @ 2.5%:                           47.44,TAX
R90468,19,Round Off Adj:                         -1.77,TAX
R90468,20,"Grand Total:                        1,991.00",TOTAL
R90468,21,--------------------------------------------,OTHER
R90468,22,*** CUSTOMER COPY ***,FOOTER
R90468,23,UPI Payment,FOOTER
R90469,0,PATEL STORES,VENDOR
R90469,1,"31 Adajan, Surat 395007",ADDRESS
R90469,2,Ph: 9825099001,ADDRESS
R90469,3,GSTIN/UIN: 24AAHCP6677V1Z8,GSTIN
R90469,4,GST INVOICE,OTHER
R90469,5,--------------------------------------------,OTHER
R90469,6,Dated: 2025-02-15,DATE
R90469,7,Cash Memo No: INV-2025-50591,INVOICE
R90469,8,--------------------------------------------,OTHER
R90469,9,Item                     Qty          Amount,OTHER
R90469,10,"Basmati Rice 5kg           2        1,402.48",ITEM
R90469,11,"Basmati Rice 5kg           4        1,703.12",ITEM
R90469,12,Sunflower Oil 1L           4          688.00,ITEM
R90469,13,"Basmati Rice 5kg           2        1,064.12",ITEM
R90469,14,Milk 1L                    2          135.84,ITEM
R90469,15,Atta 5kg                   2          542.56,ITEM
R90469,16,--------------------------------------------,OTHER
R90469,17,"Taxable Amount:                     5,536.12",SUBTOTAL
R90469,18,IGST @ 5%:                            276.81,TAX
R90469,19,Round Off Adj:                          0.57,TAX
R90469,20,"Total:                             ₹5,813.50",TOTAL
R90469,21,--------------------------------------------,OTHER
R90469,22,THANK YOU VISIT AGAIN,FOOTER
R90469,23,Cash Payment,FOOTER
R90470,0,KUMRA MEDICALS,VENDOR
R90470,1,"44 Kalkaji Main Rd, New Delhi 110019",ADDRESS
R90470,2,Ph: 9811099887,ADDRESS
R90470,3,GST Reg No: 07AAFCK3321L1ZK,GSTIN
R90470,4,GST INVOICE,OTHER
R90470,5,--------------------------------------------,OTHER
R90470,6,Invoice Number: BILL-2025-57794,INVOICE
R90470,7,Date of Supply: 21-May-2025,DATE
R90470,8,--------------------------------------------,OTHER
R90470,9,Item                     Qty          Amount,OTHER
R90470,10,Digital Thermometer        1          369.91,ITEM
R90470,11,Antiseptic Liquid          3          337.92,ITEM
R90470,12,Paracetamol Strip          1           44.40,ITEM
R90470,13,Vitamin D3                 3          548.97,ITEM
R90470,14,Digital Thermometer        1          321.86,ITEM
R90470,15,--------------------------------------------,OTHER
R90470,16,"Subtotal:                           1,623.06",SUBTOTAL
R90470,17,CGST @ 6%:                             97.39,TAX
R90470,18,SGST @ 6%:                             97.38,TAX
R90470,19,Round Off Adj:                          2.17,TAX
R90470,20,"Total Amount:                       1,820.00",TOTAL
R90470,21,--------------------------------------------,OTHER
R90470,22,*** CUSTOMER COPY ***,FOOTER
R90471,0,SHELL SELECT FUEL POITN,VENDOR
R90471,1,"Whitefield Main Rd, Bengaluru 560066",ADDRESS
R90471,2,Ph: 9845077889,ADDRESS
R90471,3,GST No.: 29AAACS9911A1ZI,GSTIN
R90471,4,GST INVOICE,OTHER
R90471,5,--------------------------------------------,OTHER
R90471,6,Invoice Date: 03/06/2025,DATE
R90471,7,Cash Memo No: RCPT-2025-02572,INVOICE
R90471,8,--------------------------------------------,OTHER
R90471,9,Product                 Litres          Amount,OTHER
R90471,10,"Diesel                    39        3,732.69",ITEM
R90471,11,--------------------------------------------,OTHER
R90471,12,"Sub Total:                          3,732.69",SUBTOTAL
R90471,13,Rounding:                               2.31,TAX
R90471,14,"Total Amount:                      ₹3,735.00",TOTAL
R90471,15,--------------------------------------------,OTHER
R90471,16,Subject to local jurisdiction,FOOTER
R90472,0,CAFE OCFFEE JUNCTION,VENDOR
R90472,1,"8 Indiranagar, Bengaluru 560095",ADDRESS
R90472,2,Ph: 9845033445,ADDRESS
R90472,3,GSTIN: 29AAECC2233B1Z7,GSTIN
R90472,4,CASH MEMO,OTHER
R90472,5,--------------------------------------------,OTHER
R90472,6,Bill No: TI-2024-63964,INVOICE
R90472,7,Invoice Date: 16-Jul-2025,DATE
R90472,8,Table: 10   Covers: 6,OTHER
R90472,9,--------------------------------------------,OTHER
R90472,10,Item                     Qty          Amount,OTHER
R90472,11,Masala Dosa                3          298.89,ITEM
R90472,12,"Veg Thali                  4        1,220.80",ITEM
R90472,13,Paneer Butter Masala       3          834.72,ITEM
R90472,14,--------------------------------------------,OTHER
R90472,15,"Sub Total:                          2,354.41",SUBTOTAL
R90472,16,IGST @ 5%:                            117.72,TAX
R90472,17,Round Off:                              0.37,TAX
R90472,18,"Bill Total:                        ₹2,472.50",TOTAL
R90472,19,--------------------------------------------,OTHER
R90472,20,THANK YOU VISIT AGAIN,FOOTER
R90473,0,PARK STREET,VENDOR
R90473,1,"40 Park Street, Kolkata 700017",ADDRESS
R90473,2,GST No.: 19AAFCP7890X1ZW,GSTIN
R90473,3,TAX INVOICE,OTHER
R90473,4,--------------------------------------------,OTHER
R90473,5,Date of Supply: 24-May-2025,DATE
R90473,6,Inv No: RCPT-2024-34166,INVOICE
R90473,7,--------------------------------------------,OTHER
R90473,8,Item                     Qty          Amount,OTHER
R90473,9,Masala Dosa                2          319.28,ITEM
R90473,10,Biryani                    3          847.20,ITEM
R90473,11,Filter Coffee              3          155.91,ITEM
R90473,12,Butter Naan                4          271.32,ITEM
R90473,13,Masala Dosa                1          156.38,ITEM
R90473,14,Veg Thali                  2          518.40,ITEM
R90473,15,--------------------------------------------,OTHER
R90473,16,Total Qty: 15,OTHER
R90473,17,"Sub Total:                          2,268.49",SUBTOTAL
R90473,18,CGST @ 2.5%:                           56.71,TAX
R90473,19,SGST @ 2.5%:                           56.71,TAX
R90473,20,Rounding:                              -0.91,TAX
R90473,21,"Total:                              2,381.00",TOTAL
R90473,22,--------------------------------------------,OTHER
R90473,23,THANK YOU VISIT AGAIN,FOOTER
R90474,0,HYDERABAD BIRYANI,VENDOR
R90474,1,"5 Gachibowli, Hyderabad 500081",ADDRESS
R90474,2,Ph: 9848012345,ADDRESS
R90474,3,GST Reg No: 36AADCH4567S1ZS,GSTIN
R90474,4,TAX INVOICE,OTHER
R90474,5,--------------------------------------------,OTHER
R90474,6,Invoice Number: RCPT-2024-42553,INVOICE
R90474,7,Bill Date: 13.04.2025,DATE
R90474,8,Table: 20   Covers: 7,OTHER
R90474,9,--------------------------------------------,OTHER
R90474,10,Item                     Qty          Amount,OTHER
R90474,11,Veg Thali                  1          176.14,ITEM
R90474,12,Veg Thali                  3          937.65,ITEM
R90474,13,Butter Naan                1           70.48,ITEM
R90474,14,Paneer Butter Masala       3          808.98,ITEM
R90474,15,"Biryani                    4        1,546.88",ITEM
R90474,16,--------------------------------------------,OTHER
R90474,17,"Subtotal:                           3,540.13",SUBTOTAL
R90474,18,CGST @ 2.5%:                           88.51,TAX
R90474,19,SGST @ 2.5%:                           88.50,TAX
R90474,20,Round Off Adj:                         -0.64,TAX
R90474,21,"Total Amount:                      ₹3,716.50",TOTAL
R90474,22,--------------------------------------------,OTHER
R90474,23,Goods once sold will not be taken back,FOOTER
R90475,0,GANGA DEPARTMENTAL,VENDOR
R90475,1,"17 Mall Road, Kanpur 208001",ADDRESS
R90475,2,Ph: 9839066554,ADDRESS
R90475,3,GSTIN: 09AABCG5566Z1ZD,GSTIN
R90475,4,CASH MEMO,OTHER
R90475,5,--------------------------------------------,OTHER
R90475,6,Bill No: TI-2025-73353,INVOICE
R90475,7,Date of Supply: 12.02.2025,DATE
R90475,8,--------------------------------------------,OTHER
R90475,9,Item                     Qty          Amount,OTHER
R90475,10,Atta 5kg                   3          730.05,ITEM
R90475,11,Basmati Rice 5kg           1          533.34,ITEM
R90475,12,--------------------------------------------,OTHER
R90475,13,"Total Before Tax:                   1,263.39",SUBTOTAL
R90475,14,IGST @ 5%:                             63.17,TAX
R90475,15,Rounding:                              -1.56,TAX
R90475,16,"Amount Payable:                     1,325.00",TOTAL
R90475,17,--------------------------------------------,OTHER
R90475,18,Subject to local jurisdiction,FOOTER
R90475,19,Card Payment,FOOTER
R70476,0,RELIANCE FRESH SUPERMARKET,VENDOR
R70476,1,"Shop 4 Kurla West, Mumbai 400070",ADDRESS
R70476,2,Ph: 9820044556,ADDRESS
R70476,3,GST Reg No: 27AAACR5055K1Z7,GSTIN
R70476,4,CASH MEMO,OTHER
R70476,5,--------------------------------------------,OTHER
R70476,6,Bill No: BILL-2025-60942-1,INVOICE
R70476,7,Invoice Date: 29/05/2025,DATE
R70476,8,--------------------------------------------,OTHER
R70476,9,Item                     Qty          Amount,OTHER
R70476,10,Sunflower Oil 1L           3          497.37,ITEM
R70476,11,Sunflower Oil 1L           3          529.56,ITEM
R70476,12,Sunflower Oil 1L           4          588.60,ITEM
R70476,13,--------------------------------------------,OTHER
R70476,14,Total Qty: 10,OTHER
R70476,15,"Total Before Tax:                   1,615.53",SUBTOTAL
R70476,16,CGST @ 2.5%:                           40.39,TAX
R70476,17,SGST @ 2.5%:                           40.39,TAX
R70476,18,"Bill Total:                        ₹1,696.31",TOTAL
R70476,19,--------------------------------------------,OTHER
R70476,20,*** CUSTOMER COPY ***,FOOTER
R70477,0,RELIANCE FRESH SUPERMARKET,VENDOR
R70477,1,"Shop 4 Kurla West, Mumbai 400070",ADDRESS
R70477,2,Ph: 9820044556,ADDRESS
R70477,3,GST Reg No: 27AAACR5055K1Z7,GSTIN
R70477,4,CASH MEMO,OTHER
R70477,5,--------------------------------------------,OTHER
R70477,6,"Dated: May 29, 2025",DATE
R70477,7,Cash Memo No: BILL-2025-60942-2,INVOICE
R70477,8,--------------------------------------------,OTHER
R70477,9,Item                     Qty          Amount,OTHER
R70477,10,"Basmati Rice 5kg           4        2,220.00",ITEM
R70477,11,Sugar 1kg                  4          226.68,ITEM
R70477,12,Milk 1L                    4          264.88,ITEM
R70477,13,--------------------------------------------,OTHER
R70477,14,Total Qty: 12,OTHER
R70477,15,"Total Before Tax:                   2,711.56",SUBTOTAL
R70477,16,CGST @ 2.5%:                           67.79,TAX
R70477,17,SGST @ 2.5%:                           67.78,TAX
R70477,18,"Total Amount:                      ₹2,847.13",TOTAL
R70477,19,--------------------------------------------,OTHER
R70477,20,Goods once sold will not be taken back,FOOTER
R70478,0,CAFE COFFEE JUNCTION,VENDOR
R70478,1,"8 Indiranagar, Bengaluru 560095",ADDRESS
R70478,2,Ph: 9845033445,ADDRESS
R70478,3,GST Reg No: 29AAECC2233B1Z7,GSTIN
R70478,4,RETAIL INVOICE,OTHER
R70478,5,--------------------------------------------,OTHER
R70478,6,Date of Supply: 2025-01-19,DATE
R70478,7,Inv No: BILL-2025-54099-1,INVOICE
R70478,8,--------------------------------------------,OTHER
R70478,9,Item                     Qty          Amount,OTHER
R70478,10,Paneer Butter Masala       3          870.78,ITEM
R70478,11,Biryani                    2          444.68,ITEM
R70478,12,--------------------------------------------,OTHER
R70478,13,Total Qty: 5,OTHER
R70478,14,"Total Before Tax:                   1,315.46",SUBTOTAL
R70478,15,CGST @ 2.5%:                           32.89,TAX
R70478,16,SGST @ 2.5%:                           32.89,TAX
R70478,17,"Net Payable:                       ₹1,381.24",TOTAL
R70478,18,--------------------------------------------,OTHER
R70478,19,Goods once sold will not be taken back,FOOTER
R70479,0,CAFE COFFEE JUNCTION,VENDOR
R70479,1,"8 Indiranagar, Bengaluru 560095",ADDRESS
R70479,2,Ph: 9845033445,ADDRESS
R70479,3,GSTIN: 29AAECC2233B1Z7,GSTIN
R70479,4,TAX INVOICE,OTHER
R70479,5,--------------------------------------------,OTHER
R70479,6,Bill Date: 19/01/2025,DATE
R70479,7,Invoice No: BILL-2025-54099-2,INVOICE
R70479,8,--------------------------------------------,OTHER
R70479,9,Item                     Qty          Amount,OTHER
R70479,10,Butter Naan                2          132.14,ITEM
R70479,11,"Biryani                    4        1,595.60",ITEM
R70479,12,--------------------------------------------,OTHER
R70479,13,Total Qty: 6,OTHER
R70479,14,"Total Before Tax:                   1,727.74",SUBTOTAL
R70479,15,CGST @ 2.5%:                           43.19,TAX
R70479,16,SGST @ 2.5%:                           43.19,TAX
R70479,17,"Total Amount:                       1,814.12",TOTAL
R70479,18,--------------------------------------------,OTHER
R70479,19,THANK YOU VISIT AGAIN,FOOTER
R70479,20,Cash Payment,FOOTER
R70480,0,Deccan Office Supplies,VENDOR
R70480,1,"12 Madhapur, Hyderabad 500032",ADDRESS
R70480,2,Ph: 9848077665,ADDRESS
R70480,3,GSTIN/UIN: 36AAGCD8899T1Z8,GSTIN
R70480,4,CASH MEMO,OTHER
R70480,5,--------------------------------------------,OTHER
R70480,6,Date of Supply: 11/05/2025,DATE
R70480,7,Invoice Number: TI-2024-43601-1,INVOICE
R70480,8,--------------------------------------------,OTHER
R70480,9,Item                     Qty          Amount,OTHER
R70480,10,Notebook 200pg             4          268.16,ITEM
R70480,11,"Printer Ink                4        1,984.80",ITEM
R70480,12,--------------------------------------------,OTHER
R70480,13,Total Qty: 8,OTHER
R70480,14,"Taxable Value:                      2,252.96",SUBTOTAL
R70480,15,CGST @ 9%:                            202.77,TAX
R70480,16,SGST @ 9%:                            202.76,TAX
R70480,17,"Total Amount:                       2,658.49",TOTAL
R70480,18,--------------------------------------------,OTHER
R70480,19,THANK YOU VISIT AGAIN,FOOTER
R70480,20,Cash Payment,FOOTER
R70481,0,Deccan Office Supplies,VENDOR
R70481,1,"12 Madhapur, Hyderabad 500032",ADDRESS
R70481,2,GST No.: 36AAGCD8899T1Z8,GSTIN
R70481,3,TAX INVOICE,OTHER
R70481,4,--------------------------------------------,OTHER
R70481,5,Bill Date: 2025-05-11,DATE
R70481,6,Receipt No: TI-2024-43601-2,INVOICE
R70481,7,--------------------------------------------,OTHER
R70481,8,Item                     Qty          Amount,OTHER
R70481,9,"A4 Paper Ream              4        1,233.24",ITEM
R70481,10,A4 Paper Ream              2          447.30,ITEM
R70481,11,--------------------------------------------,OTHER
R70481,12,Total Qty: 6,OTHER
R70481,13,"Taxable Value:                      1,680.54",SUBTOTAL
R70481,14,CGST @ 9%:                            151.25,TAX
R70481,15,SGST @ 9%:                            151.25,TAX
R70481,16,"Amount Payable:                     1,983.04",TOTAL
R70481,17,--------------------------------------------,OTHER
R70481,18,Goods once sold will not be taken back,FOOTER
R70481,19,Card Payment,FOOTER
R70482,0,PATEL STORES,VENDOR
R70482,1,"31 Adajan, Surat 395007",ADDRESS
R70482,2,GST No.: 24AAHCP6677V1Z8,GSTIN
R70482,3,CASH MEMO,OTHER
R70482,4,--------------------------------------------,OTHER
R70482,5,Invoice Date: 24-Jun-2025,DATE
R70482,6,Cash Memo No: BILL-2024-78710-1,INVOICE
R70482,7,--------------------------------------------,OTHER
R70482,8,Item                     Qty          Amount,OTHER
R70482,9,"Basmati Rice 5kg           4        2,273.92",ITEM
R70482,10,Toor Dal 1kg               4          576.12,ITEM
R70482,11,--------------------------------------------,OTHER
R70482,12,Total Qty: 8,OTHER
R70482,13,"Taxable Value:                      2,850.04",SUBTOTAL
R70482,14,CGST @ 2.5%:                           71.25,TAX
R70482,15,SGST @ 2.5%:                           71.25,TAX
R70482,16,"Net Payable:                       ₹2,992.54",TOTAL
R70482,17,--------------------------------------------,OTHER
R70482,18,Subject to local jurisdiction,FOOTER
R70482,19,UPI Payment,FOOTER
R70483,0,PATEL STORES,VENDOR
R70483,1,"31 Adajan, Surat 395007",ADDRESS
R70483,2,Ph: 9825099001,ADDRESS
R70483,3,GST Reg No: 24AAHCP6677V1Z8,GSTIN
R70483,4,GST INVOICE,OTHER
R70483,5,--------------------------------------------,OTHER
R70483,6,Date: 24-Jun-2025,DATE
R70483,7,Receipt No: BILL-2024-78710-2,INVOICE
R70483,8,--------------------------------------------,OTHER
R70483,9,Item                     Qty          Amount,OTHER
R70483,10,"Basmati Rice 5kg           2        1,169.66",ITEM
R70483,11,Sunflower Oil 1L           3          369.93,ITEM
R70483,12,Sunflower Oil 1L           4          492.36,ITEM
R70483,13,--------------------------------------------,OTHER
R70483,14,Total Qty: 9,OTHER
R70483,15,"Taxable Amount:                     2,031.95",SUBTOTAL
R70483,16,CGST @ 2.5%:                           50.80,TAX
R70483,17,SGST @ 2.5%:                           50.80,TAX
R70483,18,"Bill Total:                         2,133.55",TOTAL
R70483,19,--------------------------------------------,OTHER
R70483,20,THANK YOU VISIT AGAIN,FOOTER
R70483,21,Card Payment,FOOTER
R70484,0,ANNAPURNA RESTAURANT,VENDOR
R70484,1,"22 Koramangala 5th Blk, Bengaluru 560034",ADDRESS
R70484,2,Ph: 9845112233,ADDRESS
R70484,3,GST No.: 29AABCA1234M1ZQ,GSTIN
R70484,4,CASH MEMO,OTHER
R70484,5,--------------------------------------------,OTHER
R70484,6,Cash Memo No: TI-2025-68280-1,INVOICE
R70484,7,Invoice Date: 22-06-2025,DATE
R70484,8,Table: 1   Covers: 5,OTHER
R70484,9,--------------------------------------------,OTHER
R70484,10,Item                     Qty          Amount,OTHER
R70484,11,Masala Dosa                2          194.48,ITEM
R70484,12,Butter Naan                1           56.14,ITEM
R70484,13,--------------------------------------------,OTHER
R70484,14,Total Qty: 3,OTHER
R70484,15,Taxable Amount:                       250.62,SUBTOTAL
R70484,16,CGST @ 2.5%:                            6.27,TAX
R70484,17,SGST @ 2.5%:                            6.27,TAX
R70484,18,Total Amount:                         263.16,TOTAL
R70484,19,--------------------------------------------,OTHER
R70484,20,Thank you for your business,FOOTER
R70484,21,UPI Payment,FOOTER
R70485,0,ANNAPURNA RESTAURANT,VENDOR
R70485,1,"22 Koramangala 5th Blk, Bengaluru 560034",ADDRESS
R70485,2,Ph: 9845112233,ADDRESS
R70485,3,GSTIN/UIN: 29AABCA1234M1ZQ,GSTIN
R70485,4,TAX INVOICE,OTHER
R70485,5,--------------------------------------------,OTHER
R70485,6,Bill Date: 22/06/2025,DATE
R70485,7,Invoice No: TI-2025-68280-2,INVOICE
R70485,8,Table: 3   Covers: 1,OTHER
R70485,9,--------------------------------------------,OTHER
R70485,10,Item                     Qty          Amount,OTHER
R70485,11,Veg Thali                  1          290.67,ITEM
R70485,12,Veg Thali                  1          317.40,ITEM
R70485,13,Veg Thali                  3          929.82,ITEM
R70485,14,--------------------------------------------,OTHER
R70485,15,Total Qty: 5,OTHER
R70485,16,"Sub Total:                          1,537.89",SUBTOTAL
R70485,17,CGST @ 2.5%:                           38.45,TAX
R70485,18,SGST @ 2.5%:                           38.44,TAX
R70485,19,"Net Payable:                        1,614.78",TOTAL
R70485,20,--------------------------------------------,OTHER
R70485,21,Subject to local jurisdiction,FOOTER
R70486,0,Lucknow Travels Agencies,VENDOR
R70486,1,"3 Hazratganj, Lucknow 226001",ADDRESS
R70486,2,GSTIN: 09AAGCL1122Y1ZT,GSTIN
R70486,3,TAX INVOICE,OTHER
R70486,4,--------------------------------------------,OTHER
R70486,5,Cash Memo No: BILL-2025-42772-1,INVOICE
R70486,6,Invoice Date: 2025-01-19,DATE
R70486,7,--------------------------------------------,OTHER
R70486,8,Item                     Qty          Amount,OTHER
R70486,9,"Outstation Cab             4       17,371.96",ITEM
R70486,10,"City Taxi                  4        2,121.40",ITEM
R70486,11,--------------------------------------------,OTHER
R70486,12,Total Qty: 8,OTHER
R70486,13,"Subtotal:                          19,493.36",SUBTOTAL
R70486,14,CGST @ 2.5%:                          487.34,TAX
R70486,15,SGST @ 2.5%:                          487.33,TAX
R70486,16,"Total:                            ₹20,468.03",TOTAL
R70486,17,--------------------------------------------,OTHER
R70486,18,*** CUSTOMER COPY ***,FOOTER
R70487,0,Lucknow Travels Agencies,VENDOR
R70487,1,"3 Hazratganj, Lucknow 226001",ADDRESS
R70487,2,Ph: 9839011223,ADDRESS
R70487,3,GSTIN/UIN: 09AAGCL1122Y1ZT,GSTIN
R70487,4,TAX INVOICE,OTHER
R70487,5,--------------------------------------------,OTHER
R70487,6,Invoice Date: 19-Jan-2025,DATE
R70487,7,Cash Memo No: BILL-2025-42772-2,INVOICE
R70487,8,--------------------------------------------,OTHER
R70487,9,Item                     Qty          Amount,OTHER
R70487,10,City Taxi                  2          452.86,ITEM
R70487,11,"Outstation Cab             3        8,886.96",ITEM
R70487,12,"Airport Transfer           1        1,116.21",ITEM
R70487,13,--------------------------------------------,OTHER
R70487,14,Total Qty: 6,OTHER
R70487,15,"Sub Total:                         10,456.03",SUBTOTAL
R70487,16,CGST @ 2.5%:                          261.40,TAX
R70487,17,SGST @ 2.5%:                          261.40,TAX
R70487,18,"Amount Payable:                   ₹10,978.83",TOTAL
R70487,19,--------------------------------------------,OTHER
R70487,20,Goods once sold will not be taken back,FOOTER
R70487,21,UPI Payment,FOOTER
R70488,0,SARAVANA BHAVAN,VENDOR
R70488,1,"18 T Nagar, Chennai 600017",ADDRESS
R70488,2,Ph: 9840011223,ADDRESS
R70488,3,GST No.: 33AAECS7788N1ZJ,GSTIN
R70488,4,GST INVOICE,OTHER
R70488,5,--------------------------------------------,OTHER
R70488,6,Bill Date: 26-Jan-2025,DATE
R70488,7,Cash Memo No: RCPT-2024-42970-1,INVOICE
R70488,8,--------------------------------------------,OTHER
R70488,9,Item                     Qty          Amount,OTHER
R70488,10,Filter Coffee              4          208.08,ITEM
R70488,11,--------------------------------------------,OTHER
R70488,12,Total Qty: 4,OTHER
R70488,13,Subtotal:                             208.08,SUBTOTAL
R70488,14,CGST @ 2.5%:                            5.20,TAX
R70488,15,SGST @ 2.5%:                            5.20,TAX
R70488,16,Amount Payable:                      ₹218.48,TOTAL
R70488,17,--------------------------------------------,OTHER
R70488,18,Thank you for your business,FOOTER
R70489,0,SARAVANA BHAVAN,VENDOR
R70489,1,"18 T Nagar, Chennai 600017",ADDRESS
R70489,2,Ph: 9840011223,ADDRESS
R70489,3,GSTIN: 33AAECS7788N1ZJ,GSTIN
R70489,4,TAX INVOICE,OTHER
R70489,5,--------------------------------------------,OTHER
R70489,6,Bill Date: 26/01/2025,DATE
R70489,7,Receipt No: RCPT-2024-42970-2,INVOICE
R70489,8,Table: 10   Covers: 7,OTHER
R70489,9,--------------------------------------------,OTHER
R70489,10,Item                     Qty          Amount,OTHER
R70489,11,Veg Thali                  1          247.91,ITEM
R70489,12,Filter Coffee              1           67.92,ITEM
R70489,13,--------------------------------------------,OTHER
R70489,14,Total Qty: 2,OTHER
R70489,15,Subtotal:                             315.83,SUBTOTAL
R70489,16,CGST @ 2.5%:                            7.90,TAX
R70489,17,SGST @ 2.5%:                            7.90,TAX
R70489,18,Amount Payable:                      ₹331.63,TOTAL
R70489,19,--------------------------------------------,OTHER
R70489,20,Goods once sold will not be taken back,FOOTER
R70489,21,Card Payment,FOOTER
R70490,0,CAFE COFFEE JUNCTION,VENDOR
R70490,1,"8 Indiranagar, Bengaluru 560095",ADDRESS
R70490,2,Ph: 9845033445,ADDRESS
R70490,3,GST Reg No: 29AAECC2233B1Z7,GSTIN
R70490,4,RETAIL INVOICE,OTHER
R70490,5,--------------------------------------------,OTHER
R70490,6,Invoice No: BILL-2024-40903-1,INVOICE
R70490,7,"Date: Jan 20, 2025",DATE
R70490,8,Table: 2   Covers: 1,OTHER
R70490,9,--------------------------------------------,OTHER
R70490,10,Item                     Qty          Amount,OTHER
R70490,11,"Biryani                    4        1,301.56",ITEM
R70490,12,--------------------------------------------,OTHER
R70490,13,"Subtotal:                           1,301.56",SUBTOTAL
R70490,14,CGST @ 2.5%:                           32.54,TAX
R70490,15,SGST @ 2.5%:                           32.53,TAX
R70490,16,"Net Payable:                       ₹1,366.63",TOTAL
R70490,17,--------------------------------------------,OTHER
R70490,18,Subject to local jurisdiction,FOOTER
R70490,19,Card Payment,FOOTER
R70491,0,CAFE COFFEE JUNCTION,VENDOR
R70491,1,"8 Indiranagar, Bengaluru 560095",ADDRESS
R70491,2,Ph: 9845033445,ADDRESS
R70491,3,GST No.: 29AAECC2233B1Z7,GSTIN
R70491,4,GST INVOICE,OTHER
R70491,5,--------------------------------------------,OTHER
R70491,6,Invoice No: BILL-2024-40903-2,INVOICE
R70491,7,Bill Date: 20/01/2025,DATE
R70491,8,Table: 8   Covers: 2,OTHER
R70491,9,--------------------------------------------,OTHER
R70491,10,Item                     Qty          Amount,OTHER
R70491,11,Butter Naan                3          147.60,ITEM
R70491,12,Filter Coffee              3          147.87,ITEM
R70491,13,--------------------------------------------,OTHER
R70491,14,Subtotal:                             295.47,SUBTOTAL
R70491,15,CGST @ 2.5%:                            7.39,TAX
R70491,16,SGST @ 2.5%:                            7.39,TAX
R70491,17,Net Payable:                         ₹310.25,TOTAL
R70491,18,--------------------------------------------,OTHER
R70491,19,Goods once sold will not be taken back,FOOTER
R70492,0,Gujarat Enterprises,VENDOR
R70492,1,"7 CG Road, Ahmedabad 380009",ADDRESS
R70492,2,Ph: 9825011234,ADDRESS
R70492,3,GST No.: 24AABCG2244U1ZA,GSTIN
R70492,4,CASH MEMO,OTHER
R70492,5,--------------------------------------------,OTHER
R70492,6,Invoice Date: 13.03.2025,DATE
R70492,7,Invoice Number: BILL-2025-25816-1,INVOICE
R70492,8,--------------------------------------------,OTHER
R70492,9,Item                     Qty          Amount,OTHER
R70492,10,"Keyboard                   3        1,904.34",ITEM
R70492,11,Extension Board            3          896.13,ITEM
R70492,12,--------------------------------------------,OTHER
R70492,13,"Sub Total:                          2,800.47",SUBTOTAL
R70492,14,CGST @ 9%:                            252.04,TAX
R70492,15,SGST @ 9%:                            252.04,TAX
R70492,16,"Net Payable:                       ₹3,304.55",TOTAL
R70492,17,--------------------------------------------,OTHER
R70492,18,Goods once sold will not be taken back,FOOTER
R70492,19,Cash Payment,FOOTER
R70493,0,Gujarat Enterprises,VENDOR
R70493,1,"7 CG Road, Ahmedabad 380009",ADDRESS
R70493,2,Ph: 9825011234,ADDRESS
R70493,3,GSTIN: 24AABCG2244U1ZA,GSTIN
R70493,4,CASH MEMO,OTHER
R70493,5,--------------------------------------------,OTHER
R70493,6,Date of Supply: 13.03.2025,DATE
R70493,7,Invoice No: BILL-2025-25816-2,INVOICE
R70493,8,--------------------------------------------,OTHER
R70493,9,Item                     Qty          Amount,OTHER
R70493,10,"Keyboard                   2        1,915.18",ITEM
R70493,11,"USB Hub                    4        2,070.64",ITEM
R70493,12,--------------------------------------------,OTHER
R70493,13,Total Qty: 6,OTHER
R70493,14,"Subtotal:                           3,985.82",SUBTOTAL
R70493,15,CGST @ 9%:                            358.73,TAX
R70493,16,SGST @ 9%:                            358.72,TAX
R70493,17,"Total:                              4,703.27",TOTAL
R70493,18,--------------------------------------------,OTHER
R70493,19,Goods once sold will not be taken back,FOOTER
R80504,0,CAFE COFFEE JUNCTION,VENDOR
R80504,1,"8 Indiranagar, Bengaluru 560095",ADDRESS
R80504,2,Ph: 9845033445,ADDRESS
R80504,3,GSTIN: 29AAECC2233B1Z7,GSTIN
R80504,4,RETAIL INVOICE,OTHER
R80504,5,--------------------------------------------,OTHER
R80504,6,Dated: 19-Jan-2025,DATE
R80504,7,Inv No: BILL-2025-75987,INVOICE
R80504,8,Table: 18   Covers: 2,OTHER
R80504,9,--------------------------------------------,OTHER
R80504,10,Item                     Qty          Amount,OTHER
R80504,11,Filter Coffee              1           58.45,ITEM
R80504,12,Veg Thali                  2          554.94,ITEM
R80504,13,--------------------------------------------,OTHER
R80504,14,Total Qty: 3,OTHER
R80504,15,Subtotal:                             613.39,SUBTOTAL
R80504,16,CGST @ 2.5%:                           15.34,TAX
R80504,17,SGST @ 2.5%:                           15.33,TAX
R80504,18,Round Off Adj:                         -0.06,TAX
R80504,19,Total:                               ₹644.00,TOTAL
R80504,20,--------------------------------------------,OTHER
R80504,21,Subject to local jurisdiction,FOOTER
R80505,0,ANNAPURNA RESTAURANT,VENDOR
R80505,1,"22 Koramangala 5th Blk, Bengaluru 560034",ADDRESS
R80505,2,GSTIN/UIN: 29AABCA1234M1ZQ,GSTIN
R80505,3,CASH MEMO,OTHER
R80505,4,--------------------------------------------,OTHER
R80505,5,Date: 31.08.2025,DATE
R80505,6,Cash Memo No: BILL-2024-01840,INVOICE
R80505,7,--------------------------------------------,OTHER
R80505,8,Item                     Qty          Amount,OTHER
R80505,9,"Biryani                    4        1,359.92",ITEM
R80505,10,"Paneer Butter Masala       4        1,118.96",ITEM
R80505,11,Veg Thali                  3          584.46,ITEM
R80505,12,Butter Naan                2          103.92,ITEM
R80505,13,Butter Naan                4          229.84,ITEM
R80505,14,--------------------------------------------,OTHER
R80505,15,Total Qty: 17,OTHER
R80505,16,"Total Before Tax:                   3,397.10",SUBTOTAL
R80505,17,CGST @ 2.5%:                           84.93,TAX
R80505,18,SGST @ 2.5%:                           84.93,TAX
R80505,19,Rounding:                               0.04,TAX
R80505,20,"Grand Total:                        3,567.00",TOTAL
R80505,21,--------------------------------------------,OTHER
R80505,22,Thank you for your business,FOOTER
R80506,0,APOLLO PHARMACY OUTLET,VENDOR
R80506,1,"Rajiv Gandhi Salai, Chennai 600028",ADDRESS
R80506,2,GSTIN: 33AAACA6677D1ZW,GSTIN
R80506,3,TAX INVOICE,OTHER
R80506,4,--------------------------------------------,OTHER
R80506,5,Bill No: INV-2024-68694,INVOICE
R80506,6,Date of Supply: 29.03.2025,DATE
R80506,7,--------------------------------------------,OTHER
R80506,8,Item                     Qty          Amount,OTHER
R80506,9,Digital Thermometer        4          829.36,ITEM
R80506,10,Antiseptic Liquid          1           94.67,ITEM
R80506,11,Digital Thermometer        4          994.72,ITEM
R80506,12,Vitamin D3                 1          165.80,ITEM
R80506,13,Antiseptic Liquid          4          452.36,ITEM
R80506,14,--------------------------------------------,OTHER
R80506,15,Total Qty: 14,OTHER
R80506,16,"Subtotal:                           2,536.91",SUBTOTAL
R80506,17,CGST @ 6%:                            152.22,TAX
R80506,18,SGST @ 6%:                            152.21,TAX
R80506,19,Round Off:                             -0.34,TAX
R80506,20,"Net Payable:                       ₹2,841.00",TOTAL
R80506,21,--------------------------------------------,OTHER
R80506,22,*** CUSTOMER COPY ***,FOOTER
R80506,23,UPI Payment,FOOTER
R80507,0,Hotel Sunrise Residency,VENDOR
R80507,1,"9 Connaught Place, New Delhi 110001",ADDRESS
R80507,2,Ph: 9811023456,ADDRESS
R80507,3,GSTIN: 07AACCH9012Q1Z8,GSTIN
R80507,4,RETAIL INVOICE,OTHER
R80507,5,--------------------------------------------,OTHER
R80507,6,Cash Memo No: INV-2024-74769,INVOICE
R80507,7,Bill Date: 01-Aug-2025,DATE
R80507,8,--------------------------------------------,OTHER
R80507,9,Item                     Qty          Amount,OTHER
R80507,10,"Laundry Service            4        1,543.32",ITEM
R80507,11,Laundry Service            1          391.58,ITEM
R80507,12,"Deluxe Room Night          4       15,936.16",ITEM
R80507,13,Laundry Service            2          917.22,ITEM
R80507,14,"Breakfast Buffet           4        3,330.36",ITEM
R80507,15,--------------------------------------------,OTHER
R80507,16,"Taxable Value:                     22,118.64",SUBTOTAL
R80507,17,"CGST @ 6%:                          1,327.12",TAX
R80507,18,"SGST @ 6%:                          1,327.12",TAX
R80507,19,Rounding:                               0.12,TAX
R80507,20,"Net Payable:                      ₹24,773.00",TOTAL
R80507,21,--------------------------------------------,OTHER
R80507,22,THANK YOU VISIT AGAIN,FOOTER
R80507,23,UPI Payment,FOOTER
R80508,0,BENGAL BOOK DEPOT,VENDOR
R80508,1,"6 Park Street, Kolkata 700016",ADDRESS
R80508,2,Ph: 9830011234,ADDRESS
R80508,3,GST No.: 19AACCB3456W1ZT,GSTIN
R80508,4,TAX INVOICE,OTHER
R80508,5,--------------------------------------------,OTHER
R80508,6,Invoice Number: TI-2025-49681,INVOICE
R80508,7,Date: 2025-01-15,DATE
R80508,8,--------------------------------------------,OTHER
R80508,9,Item                     Qty          Amount,OTHER
R80508,10,Stapler                    3          529.62,ITEM
R80508,11,Stapler                    2          514.16,ITEM
R80508,12,File Folder                3          218.49,ITEM
R80508,13,Stapler                    2          470.60,ITEM
R80508,14,--------------------------------------------,OTHER
R80508,15,"Taxable Amount:                     1,732.87",SUBTOTAL
R80508,16,IGST @ 18%:                           311.92,TAX
R80508,17,Round Off:                              0.21,TAX
R80508,18,"Total:                             ₹2,045.00",TOTAL
R80508,19,--------------------------------------------,OTHER
R80508,20,*** CUSTOMER COPY ***,FOOTER
R80508,21,UPI Payment,FOOTER
